"Geo","Year","TotEmp","RetEmp","SvcEmp"
1,2019,410,35,120
2,2019,1203,153,61
3,2019,149,4,30
4,2019,132,15,10
5,2019,1098,179,204
6,2019,107,1,11
7,2019,149,17,11
8,2019,4673,21,5
9,2019,57,11,3
10,2019,180,45,85
11,2019,151,4,61
12,2019,2083,649,268
13,2019,653,34,68
14,2019,2600,265,864
15,2019,452,4,79
16,2019,78,0,13
17,2019,1101,172,307
18,2019,95,8,38
19,2019,560,1,101
20,2019,47,6,17
21,2019,19,0,4
22,2019,37,6,13
23,2019,141,19,13
24,2019,25,11,1
25,2019,524,85,176
26,2019,114,13,46
27,2019,393,40,41
28,2019,125,16,29
29,2019,225,16,19
30,2019,76,2,21
31,2019,537,79,72
32,2019,641,175,35
33,2019,133,19,40
34,2019,2281,1196,429
35,2019,51,0,2
36,2019,86,20,25
37,2019,3280,300,346
38,2019,3311,256,290
39,2019,1311,644,184
40,2019,1494,835,198
41,2019,43,9,13
42,2019,779,0,451
43,2019,458,0,247
44,2019,563,5,474
45,2019,913,83,419
46,2019,1925,479,281
47,2019,369,7,273
48,2019,1221,117,481
49,2019,1000,501,41
50,2019,492,46,113
51,2019,762,298,74
52,2019,803,9,152
53,2019,280,5,134
54,2019,641,0,22
55,2019,2307,187,183
56,2019,1276,341,206
57,2019,26,0,3
58,2019,653,34,250
59,2019,4754,60,64
60,2019,490,75,83
61,2019,465,21,232
62,2019,228,0,217
63,2019,77,30,34
64,2019,239,8,124
65,2019,116,19,25
66,2019,682,29,72
67,2019,46,1,4
68,2019,129,14,10
69,2019,52,1,17
70,2019,222,13,53
71,2019,101,6,24
72,2019,333,19,80
73,2019,374,22,90
74,2019,475,28,114
75,2019,162,9,39
76,2019,162,9,39
77,2019,454,90,83
78,2019,524,103,95
79,2019,783,26,113
80,2019,610,26,91
81,2019,756,32,113
82,2019,821,35,122
83,2019,2192,82,321
84,2019,583,19,84
85,2019,1735,57,251
86,2019,1171,183,327
87,2019,2469,103,367
88,2019,529,16,212
89,2019,8886,0,2460
90,2019,341,17,225
91,2019,103,1,1
92,2019,63,0,10
93,2019,52,21,13
94,2019,2704,132,272
95,2019,495,42,151
96,2019,142,7,17
97,2019,614,211,61
98,2019,116,7,14
99,2019,4184,29,99
100,2019,140,10,17
101,2019,317,51,29
102,2019,399,7,242
103,2019,1461,180,67
104,2019,451,100,167
105,2019,124,7,68
106,2019,716,90,197
107,2019,334,16,31
108,2019,9,2,2
109,2019,89,8,24
110,2019,157,17,47
111,2019,1311,345,91
112,2019,821,316,127
113,2019,355,34,88
114,2019,340,42,110
115,2019,918,147,38
116,2019,272,91,10
117,2019,115,36,27
118,2019,101,31,12
119,2019,116,9,61
120,2019,139,17,63
121,2019,112,5,13
122,2019,103,0,22
123,2019,132,7,107
124,2019,369,103,54
125,2019,457,87,54
126,2019,77,7,51
127,2019,298,28,56
128,2019,2713,91,87
129,2019,72,11,22
130,2019,94,2,69
131,2019,94,3,10
132,2019,974,50,82
133,2019,1389,37,1239
134,2019,155,10,52
135,2019,111,13,21
136,2019,260,23,52
137,2019,457,57,64
138,2019,172,11,27
139,2019,605,28,60
140,2019,156,2,16
141,2019,318,73,54
142,2019,62,0,11
143,2019,422,56,45
144,2019,119,6,53
145,2019,172,0,101
146,2019,536,112,43
147,2019,366,32,81
148,2019,106,2,28
149,2019,52,4,24
150,2019,1682,0,56
151,2019,164,7,98
152,2019,137,47,43
153,2019,1112,289,130
154,2019,349,30,92
155,2019,100,38,36
156,2019,113,0,66
157,2019,72,12,4
158,2019,501,0,34
159,2019,378,36,7
160,2019,171,12,56
161,2019,57,1,9
162,2019,262,14,123
163,2019,294,34,75
164,2019,140,2,76
165,2019,597,175,36
166,2019,902,398,115
167,2019,1163,1084,10
168,2019,244,0,139
169,2019,107,5,29
170,2019,100,0,16
171,2019,146,12,8
172,2019,571,35,103
173,2019,374,9,113
174,2019,409,114,60
175,2019,2118,368,415
176,2019,485,9,231
177,2019,128,8,22
178,2019,340,5,31
179,2019,48,0,19
180,2019,965,83,102
181,2019,240,15,69
182,2019,216,39,110
183,2019,3233,150,915
184,2019,1106,215,230
185,2019,2781,180,265
186,2019,590,42,113
187,2019,56,0,8
188,2019,251,3,11
189,2019,2504,4,95
190,2019,307,41,42
191,2019,25,0,13
192,2019,334,10,180
193,2019,26,3,4
194,2019,988,19,548
195,2019,6126,395,2333
196,2019,3197,1199,563
197,2019,3455,478,1281
198,2019,167,20,27
199,2019,128,0,116
200,2019,117,12,49
201,2019,212,41,14
202,2019,29,5,7
203,2019,559,39,153
204,2019,386,23,197
205,2019,337,50,249
206,2019,653,14,227
207,2019,307,39,96
208,2019,336,39,151
209,2019,88,3,62
210,2019,464,43,77
211,2019,729,0,6
212,2019,1308,126,449
213,2019,153,10,77
214,2019,2008,59,58
215,2019,85,25,9
216,2019,164,0,2
217,2019,851,95,202
218,2019,335,26,244
219,2019,84,0,51
220,2019,180,7,142
221,2019,357,26,94
222,2019,111,4,88
223,2019,48,20,13
224,2019,84,7,53
225,2019,342,65,38
226,2019,949,420,77
227,2019,62,1,34
228,2019,1640,553,167
229,2019,1565,105,85
230,2019,929,255,75
231,2019,193,19,73
232,2019,151,49,65
233,2019,35,5,19
234,2019,63,19,13
235,2019,175,54,37
236,2019,998,249,115
237,2019,40,4,7
238,2019,49,5,9
239,2019,145,4,85
240,2019,1827,427,301
241,2019,125,5,94
242,2019,102,2,21
243,2019,393,35,52
244,2019,11483,2983,1644
245,2019,1254,264,127
246,2019,37,18,13
247,2019,135,10,93
248,2019,10040,260,3101
249,2019,53811,1428,17965
250,2019,835,18,437
251,2019,163,3,90
252,2019,21,1,7
253,2019,1098,18,248
254,2019,6694,288,746
255,2019,2728,229,24
256,2019,6769,1057,2795
257,2019,604,132,131
258,2019,439,18,46
259,2019,1433,559,235
260,2019,72,0,58
261,2019,321,0,28
262,2019,28,0,18
263,2019,1201,151,254
264,2019,146,3,68
265,2019,349,29,116
266,2019,104,12,62
267,2019,1133,77,172
268,2019,460,55,158
269,2019,29,0,4
270,2019,1434,88,144
271,2019,657,55,381
272,2019,70,18,14
273,2019,426,0,51
274,2019,201,5,2
275,2019,219,17,77
276,2019,171,8,52
277,2019,314,11,53
278,2019,1433,57,28
279,2019,695,33,465
280,2019,380,25,145
281,2019,1573,626,205
282,2019,466,100,90
283,2019,76,5,34
284,2019,1105,22,148
285,2019,344,22,131
286,2019,84,10,26
287,2019,459,9,51
288,2019,892,18,279
289,2019,122,0,63
290,2019,815,149,130
291,2019,98,6,50
292,2019,185,20,30
293,2019,320,45,70
294,2019,31,6,24
295,2019,472,105,251
296,2019,2907,430,106
297,2019,1093,37,95
298,2019,17344,27,172
299,2019,445,6,186
300,2019,475,6,153
301,2019,664,8,218
302,2019,49,2,25
303,2019,4532,68,1135
304,2019,703,29,152
305,2019,277,11,56
306,2019,833,75,98
307,2019,975,107,165
308,2019,785,39,357
309,2019,41,0,9
310,2019,176,51,19
311,2019,1043,484,186
312,2019,80,12,49
313,2019,200,42,70
314,2019,798,3,533
315,2019,113,16,39
316,2019,244,76,52
317,2019,4979,328,510
318,2019,37,0,14
319,2019,321,13,114
320,2019,1192,151,393
321,2019,873,143,232
322,2019,1007,41,49
323,2019,616,63,167
324,2019,255,26,69
325,2019,60,3,14
326,2019,319,33,86
327,2019,1484,60,120
328,2019,243,0,205
329,2019,1516,33,456
330,2019,103,14,54
331,2019,4028,531,252
332,2019,5638,947,370
333,2019,84,3,39
334,2019,789,31,370
335,2019,256,42,97
336,2019,241,39,92
337,2019,133,22,50
338,2019,170,26,65
339,2019,157,26,60
340,2019,438,43,179
341,2019,2517,498,530
342,2019,538,207,142
343,2019,239,24,97
344,2019,4063,792,933
345,2019,45,2,22
346,2019,338,13,159
347,2019,1492,575,394
348,2019,176,37,48
349,2019,105,5,35
350,2019,392,78,83
351,2019,182,36,38
352,2019,481,26,301
353,2019,1719,132,712
354,2019,225,48,61
355,2019,1004,89,102
356,2019,170,3,94
357,2019,794,80,193
358,2019,1658,170,448
359,2019,276,28,75
360,2019,16,1,5
361,2019,280,13,80
362,2019,49,1,6
363,2019,42,19,9
364,2019,46,10,24
365,2019,72,5,11
366,2019,140,3,54
367,2019,177,17,54
368,2019,369,134,139
369,2019,413,31,73
370,2019,588,52,105
371,2019,191,16,108
372,2019,152,9,36
373,2019,457,35,124
374,2019,786,121,234
375,2019,810,39,193
376,2019,1158,20,148
377,2019,83,34,17
378,2019,804,25,194
379,2019,897,328,211
380,2019,326,18,176
381,2019,9,1,2
382,2019,1413,574,277
383,2019,475,102,78
384,2019,705,46,226
385,2019,722,397,51
386,2019,285,11,165
387,2019,2932,383,437
388,2019,75,5,29
389,2019,788,50,83
390,2019,552,36,472
391,2019,172,0,33
392,2019,340,36,100
393,2019,345,26,104
394,2019,206,17,36
395,2019,1309,87,84
396,2019,432,28,163
397,2019,233,19,73
398,2019,229,16,82
399,2019,265,9,21
400,2019,143,10,94
401,2019,195,2,30
402,2019,871,82,172
403,2019,901,21,166
404,2019,1416,0,106
405,2019,325,75,40
406,2019,816,23,271
407,2019,807,25,85
408,2019,247,22,32
409,2019,248,22,61
410,2019,195,15,0
411,2019,401,11,156
412,2019,482,76,86
413,2019,501,205,81
414,2019,1839,132,253
415,2019,170,17,46
416,2019,128,13,34
417,2019,213,22,57
418,2019,902,42,220
419,2019,3005,282,798
420,2019,87,4,21
421,2019,1679,172,454
422,2019,319,33,86
423,2019,127,9,45
424,2019,5522,2688,434
425,2019,3494,775,595
426,2019,342,39,66
427,2019,377,18,188
428,2019,234,29,67
429,2019,308,30,63
430,2019,137,16,40
431,2019,1283,388,275
432,2019,144,17,42
433,2019,426,21,215
434,2019,231,7,59
435,2019,191,18,31
436,2019,115,13,34
437,2019,984,96,200
438,2019,11,1,1
439,2019,165,8,32
440,2019,156,18,58
441,2019,398,75,73
442,2019,439,28,235
443,2019,416,37,119
444,2019,543,108,105
445,2019,524,13,303
446,2019,173,1,27
447,2019,334,7,60
448,2019,423,148,55
449,2019,314,12,53
450,2019,703,27,119
451,2019,505,20,84
452,2019,633,12,93
453,2019,377,26,59
454,2019,1699,48,715
455,2019,95,0,57
456,2019,213,2,100
457,2019,1721,33,468
458,2019,788,64,171
459,2019,2370,330,643
460,2019,472,26,80
461,2019,560,54,193
462,2019,448,29,141
463,2019,276,55,10
464,2019,709,43,313
465,2019,39,1,11
466,2019,407,13,145
467,2019,177,28,45
468,2019,1531,465,189
469,2019,125,6,74
470,2019,154,43,67
471,2019,271,40,28
472,2019,8877,867,2334
473,2019,859,370,181
474,2019,1196,796,85
475,2019,34,0,20
476,2019,45,2,6
477,2019,127,1,79
478,2019,454,45,185
479,2019,437,43,112
480,2019,261,9,62
481,2019,96,0,14
482,2019,218,16,43
483,2019,277,24,37
484,2019,385,5,136
485,2019,64,11,22
486,2019,2123,258,326
487,2019,79,2,37
488,2019,410,47,120
489,2019,583,67,170
490,2019,828,96,242
491,2019,792,92,231
492,2019,94,11,27
493,2019,101,12,29
494,2019,929,107,271
495,2019,130,15,38
496,2019,222,26,82
497,2019,924,25,127
498,2019,255,35,85
499,2019,116,20,35
500,2019,146,9,62
501,2019,515,42,57
502,2019,277,16,118
503,2019,145,5,60
504,2019,56,16,22
505,2019,75,1,17
506,2019,644,10,110
507,2019,292,98,33
508,2019,662,92,256
509,2019,233,33,61
510,2019,472,105,116
511,2019,17,2,5
512,2019,51,6,14
513,2019,9,1,2
514,2019,34,4,9
515,2019,371,9,71
516,2019,11,2,0
517,2019,771,133,254
518,2019,2369,584,201
519,2019,120,0,98
520,2019,76,0,31
521,2019,187,14,32
522,2019,192,43,30
523,2019,377,34,91
524,2019,1142,40,119
525,2019,63,1,13
526,2019,7625,508,766
527,2019,77,12,31
528,2019,148,7,35
529,2019,163,8,80
530,2019,462,64,145
531,2019,324,12,80
532,2019,334,34,72
533,2019,391,22,67
534,2019,181,37,59
535,2019,1002,165,187
536,2019,116,12,58
537,2019,281,11,62
538,2019,896,30,83
539,2019,468,37,69
540,2019,1097,107,223
541,2019,1072,115,293
542,2019,211,34,51
543,2019,180,26,40
544,2019,169,19,92
545,2019,222,4,99
546,2019,562,61,209
547,2019,716,138,177
548,2019,421,74,37
549,2019,390,12,114
550,2019,39,10,15
551,2019,385,126,24
552,2019,95,5,43
553,2019,29,8,11
554,2019,813,12,74
555,2019,684,10,26
556,2019,252,59,39
557,2019,819,28,72
558,2019,115,0,51
559,2019,30,9,18
560,2019,1193,48,100
561,2019,117,21,30
562,2019,459,5,124
563,2019,221,0,121
564,2019,97,5,26
565,2019,1320,471,67
566,2019,299,139,50
567,2019,116,0,70
568,2019,260,8,181
569,2019,1315,44,268
570,2019,454,55,56
571,2019,2077,10,184
572,2019,258,20,145
573,2019,1167,341,55
574,2019,203,15,21
575,2019,68,8,27
576,2019,222,6,61
577,2019,170,2,19
578,2019,943,17,408
579,2019,122,9,18
580,2019,955,103,259
581,2019,3133,26,100
582,2019,110,23,11
583,2019,167,15,23
584,2019,252,21,32
585,2019,78,6,38
586,2019,77,5,38
587,2019,394,20,164
588,2019,476,9,385
589,2019,500,151,70
590,2019,586,31,156
591,2019,517,28,384
592,2019,121,0,24
593,2019,313,42,135
594,2019,1137,672,55
595,2019,152,2,134
596,2019,330,10,150
597,2019,820,45,273
598,2019,142,3,11
599,2019,68,5,27
600,2019,55,3,14
601,2019,249,35,23
602,2019,1723,116,109
603,2019,503,86,97
604,2019,4008,1527,274
605,2019,333,14,121
606,2019,97,16,13
607,2019,94,2,34
608,2019,521,32,83
609,2019,637,64,22
610,2019,102,2,37
611,2019,294,81,36
612,2019,238,52,44
613,2019,240,94,30
614,2019,186,51,23
615,2019,502,97,153
616,2019,351,72,89
617,2019,174,19,31
618,2019,454,13,198
619,2019,466,16,331
620,2019,2985,732,462
621,2019,999,41,413
622,2019,82,2,16
623,2019,588,24,213
624,2019,1041,78,104
625,2019,80,11,13
626,2019,130,0,18
627,2019,2096,261,207
628,2019,416,8,116
629,2019,5252,142,539
630,2019,126,16,22
631,2019,306,9,199
632,2019,580,12,127
633,2019,730,73,270
634,2019,100,4,47
635,2019,637,19,465
636,2019,536,26,32
637,2019,58,0,7
638,2019,267,25,19
639,2019,354,53,172
640,2019,483,17,73
641,2019,618,21,133
642,2019,240,7,54
643,2019,115,3,25
644,2019,1139,130,444
645,2019,251,7,56
646,2019,97,8,33
647,2019,394,154,49
648,2019,634,208,211
649,2019,175,23,57
650,2019,1064,43,48
651,2019,77,0,23
652,2019,716,127,73
653,2019,67,3,7
654,2019,483,33,179
655,2019,3097,648,663
656,2019,289,22,51
657,2019,329,67,145
658,2019,2271,123,394
659,2019,487,14,110
660,2019,1466,396,408
661,2019,283,24,57
662,2019,334,16,121
663,2019,8732,293,769
664,2019,9510,259,1257
665,2019,126,0,80
666,2019,2564,141,214
667,2019,553,47,223
668,2019,564,84,134
669,2019,402,67,81
670,2019,702,14,125
671,2019,161,17,62
672,2019,132,7,52
673,2019,241,15,108
674,2019,187,26,79
675,2019,393,13,93
676,2019,287,5,19
677,2019,983,112,499
678,2019,1045,71,321
679,2019,231,37,132
680,2019,205,0,111
681,2019,111,0,85
682,2019,465,38,95
683,2019,985,318,192
684,2019,48,3,7
685,2019,506,41,170
686,2019,140,22,39
687,2019,298,198,15
688,2019,24,0,5
689,2019,715,245,109
690,2019,110,9,45
691,2019,777,44,130
692,2019,342,69,165
693,2019,117,38,16
694,2019,114,10,15
695,2019,157,19,30
696,2019,1960,154,440
697,2019,218,13,89
698,2019,119,9,31
699,2019,1540,150,284
700,2019,238,28,93
701,2019,323,23,74
702,2019,216,25,63
703,2019,194,22,57
704,2019,353,41,103
705,2019,321,31,33
706,2019,384,17,176
707,2019,245,6,54
708,2019,506,70,74
709,2019,338,26,122
710,2019,2565,175,500
711,2019,521,3,42
712,2019,727,294,70
713,2019,8,0,4
714,2019,589,41,142
715,2019,375,313,7
716,2019,794,27,160
717,2019,515,117,46
718,2019,313,57,214
719,2019,949,80,707
720,2019,319,26,122
721,2019,151,6,82
722,2019,365,19,133
723,2019,60,2,8
724,2019,493,135,65
725,2019,78,5,8
726,2019,2372,257,525
727,2019,304,7,50
728,2019,4191,488,375
729,2019,1307,145,168
730,2019,96,0,70
731,2019,337,3,272
732,2019,346,68,185
733,2019,176,52,38
734,2019,94,0,54
735,2019,464,117,125
736,2019,1031,55,558
737,2019,195,30,42
738,2019,183,11,22
739,2019,241,15,172
740,2019,647,159,122
741,2019,2266,211,290
742,2019,325,8,35
743,2019,165,14,66
744,2019,943,186,171
745,2019,437,86,79
746,2019,3179,627,578
747,2019,2920,170,701
748,2019,828,48,199
749,2019,40,2,10
750,2019,1365,213,381
751,2019,40,2,10
752,2019,710,62,306
753,2019,3970,231,953
754,2019,342,29,138
755,2019,428,37,184
756,2019,370,32,149
757,2019,635,55,274
758,2019,97,0,39
759,2019,1068,283,168
760,2019,137,1,56
761,2019,26,1,4
762,2019,405,25,240
763,2019,80,5,4
764,2019,61,8,24
765,2019,614,127,141
766,2019,1082,50,526
767,2019,56,15,22
768,2019,25,16,9
769,2019,76,9,17
770,2019,74,5,44
771,2019,91,27,8
772,2019,318,17,176
773,2019,115,6,31
774,2019,599,36,171
775,2019,264,26,8
776,2019,2827,290,764
777,2019,1318,63,315
778,2019,1182,256,70
779,2019,346,25,42
780,2019,2799,418,980
781,2019,90,22,17
782,2019,174,31,16
783,2019,712,36,347
784,2019,100,25,24
785,2019,99,15,28
786,2019,189,122,11
787,2019,207,56,39
788,2019,859,6,81
789,2019,228,21,19
790,2019,711,23,288
791,2019,238,32,47
792,2019,1070,321,180
793,2019,446,5,182
794,2019,71,27,11
795,2019,121,0,54
796,2019,2364,253,406
797,2019,220,73,72
798,2019,15,2,5
799,2019,98,6,68
800,2019,2379,19,107
801,2019,222,8,7
802,2019,525,32,206
803,2019,157,18,58
804,2019,450,76,115
805,2019,1212,142,450
806,2019,357,35,73
807,2019,397,85,66
808,2019,97,3,10
809,2019,1886,28,744
810,2019,143,0,113
811,2019,338,50,22
812,2019,1173,26,116
813,2019,162,11,7
814,2019,327,50,61
815,2019,1353,21,384
816,2019,616,96,147
817,2019,506,13,205
818,2019,567,17,21
819,2019,1281,55,28
820,2019,148,8,26
821,2019,255,4,99
822,2019,122,13,31
823,2019,2394,38,319
824,2019,119,28,26
825,2019,341,24,27
826,2019,89,16,25
827,2019,1571,682,85
828,2019,4008,53,122
829,2019,237,16,121
830,2019,1044,311,129
831,2019,514,61,109
832,2019,86,72,0
833,2019,275,84,34
834,2019,1785,459,197
835,2019,1789,224,54
836,2019,65,0,19
837,2019,117,11,33
838,2019,221,28,73
839,2019,958,108,195
840,2019,279,17,70
841,2019,545,34,136
842,2019,532,33,133
843,2019,237,47,50
844,2019,442,27,110
845,2019,1309,105,518
846,2019,222,14,41
847,2019,140,5,18
848,2019,146,10,73
849,2019,139,6,31
850,2019,246,30,112
851,2019,982,367,181
852,2019,308,23,51
853,2019,1342,83,103
854,2019,540,28,38
855,2019,183,6,76
856,2019,663,35,257
857,2019,3579,460,304
858,2019,123,3,47
859,2019,57,0,39
860,2019,517,214,96
861,2019,400,44,88
862,2019,1116,261,344
863,2019,5115,508,676
864,2019,445,45,26
865,2019,535,47,209
866,2019,140,49,41
867,2019,742,309,197
868,2019,2533,49,1781
869,2019,64,5,14
870,2019,127,6,30
871,2019,52,2,12
872,2019,202,10,48
873,2019,48,2,14
874,2019,893,92,241
875,2019,234,24,63
876,2019,298,31,80
877,2019,786,81,213
878,2019,701,72,190
879,2019,1275,131,345
880,2019,136,7,26
881,2019,263,28,63
882,2019,171,35,18
883,2019,204,56,22
884,2019,241,60,12
885,2019,800,0,319
886,2019,242,50,55
887,2019,1385,251,309
888,2019,35,0,0
889,2019,167,1,96
890,2019,90,5,19
891,2019,48,3,34
892,2019,210,49,34
893,2019,2522,154,399
894,2019,123,0,105
895,2019,214,7,61
896,2019,483,141,29
897,2019,177,8,8
898,2019,1030,203,187
899,2019,437,86,79
900,2019,1345,265,245
901,2019,314,62,57
902,2019,821,162,149
903,2019,803,158,146
904,2019,402,79,73
905,2019,63,3,20
906,2019,96,14,15
907,2019,550,69,119
908,2019,238,1,139
909,2019,1385,83,397
910,2019,2479,33,230
911,2019,309,94,37
912,2019,499,192,125
913,2019,146,15,21
914,2019,214,0,163
915,2019,256,28,46
916,2019,49,2,1
917,2019,1348,144,559
918,2019,2405,333,279
919,2019,127,46,20
920,2019,1302,847,62
921,2019,109,4,51
922,2019,594,120,109
923,2019,800,235,189
924,2019,54,1,27
925,2019,361,79,128
926,2019,270,120,19
927,2019,682,106,62
928,2019,85,22,11
929,2019,131,25,81
930,2019,90,15,26
931,2019,328,0,185
932,2019,531,189,48
933,2019,133,28,17
934,2019,531,60,85
935,2019,106,25,29
936,2019,103,22,29
937,2019,124,13,18
938,2019,1190,99,221
939,2019,211,20,101
940,2019,57,20,7
941,2019,614,102,143
942,2019,52,17,23
943,2019,496,77,148
944,2019,214,1,125
945,2019,673,18,348
946,2019,227,68,44
947,2019,106,14,7
948,2019,742,53,53
949,2019,1056,264,183
950,2019,496,130,129
951,2019,993,159,261
952,2019,283,22,38
953,2019,368,95,135
954,2019,5213,377,672
955,2019,162,37,21
956,2019,1083,533,71
957,2019,211,68,34
958,2019,167,42,62
959,2019,675,224,197
960,2019,1192,130,528
961,2019,191,20,39
962,2019,103,9,43
963,2019,979,216,67
964,2019,127,7,15
965,2019,199,0,96
966,2019,318,20,158
967,2019,770,79,178
968,2019,2040,51,250
969,2019,1502,119,576
970,2019,72,10,28
971,2019,242,6,129
972,2019,47,6,18
973,2019,2039,261,301
974,2019,81,9,40
975,2019,277,29,207
976,2019,398,34,97
977,2019,91,3,25
978,2019,119,10,14
979,2019,313,29,78
980,2019,48,1,25
981,2019,722,47,198
982,2019,283,23,170
983,2019,478,136,104
984,2019,1610,17,1108
985,2019,129,4,40
986,2019,342,71,25
987,2019,101,4,39
988,2019,258,61,87
989,2019,2054,488,215
990,2019,191,20,52
991,2019,468,48,126
992,2019,340,35,92
993,2019,266,59,32
994,2019,32,0,14
995,2019,351,74,37
996,2019,269,13,51
997,2019,171,0,141
998,2019,394,157,72
999,2019,258,17,31
1000,2019,6457,2893,177
1001,2019,375,50,45
1002,2019,372,69,140
1003,2019,141,18,63
1004,2019,174,23,20
1005,2019,1732,103,134
1006,2019,632,16,123
1007,2019,30,0,12
1008,2019,90,7,83
1009,2019,912,10,73
1010,2019,909,23,10
1011,2019,202,5,2
1012,2019,262,110,64
1013,2019,86,10,23
1014,2019,284,11,27
1015,2019,1585,719,222
1016,2019,40,0,0
1017,2019,385,10,108
1018,2019,503,214,125
1019,2019,130,6,24
1020,2019,241,22,48
1021,2019,206,10,50
1022,2019,925,44,221
1023,2019,3196,257,1264
1024,2019,1522,122,602
1025,2019,898,72,355
1026,2019,1096,88,433
1027,2019,411,33,162
1028,2019,320,26,126
1029,2019,379,43,77
1030,2019,510,57,104
1031,2019,435,49,89
1032,2019,35,2,13
1033,2019,846,59,302
1034,2019,102,1,13
1035,2019,3346,39,403
1036,2019,697,49,319
1037,2019,137,1,14
1038,2019,132,35,13
1039,2019,3781,56,3170
1040,2019,91,2,35
1041,2019,287,8,132
1042,2019,868,50,372
1043,2019,1314,132,102
1044,2019,1571,216,283
1045,2019,768,134,281
1046,2019,298,48,16
1047,2019,1443,458,246
1048,2019,174,18,86
1049,2019,936,135,141
1050,2019,269,69,34
1051,2019,474,120,47
1052,2019,144,15,20
1053,2019,224,14,15
1054,2019,96,19,16
1055,2019,701,59,26
1056,2019,369,50,17
1057,2019,847,312,62
1058,2019,167,21,75
1059,2019,489,57,143
1060,2019,230,27,67
1061,2019,216,25,63
1062,2019,1216,141,356
1063,2019,378,4,37
1064,2019,55,1,7
1065,2019,50,1,7
1066,2019,298,51,74
1067,2019,254,30,32
1068,2019,1567,374,253
1069,2019,464,78,85
1070,2019,458,85,31
1071,2019,268,15,55
1072,2019,1667,534,124
1073,2019,15644,81,126
1074,2019,107,3,50
1075,2019,170,16,44
1076,2019,105,6,39
1077,2019,259,51,78
1078,2019,843,44,110
1079,2019,64,0,10
1080,2019,248,17,31
1081,2019,3947,243,984
1082,2019,1342,83,335
1083,2019,237,47,50
1084,2019,425,26,106
1085,2019,210,41,44
1086,2019,894,177,188
1087,2019,461,79,178
1088,2019,419,71,171
1089,2019,198,33,82
1090,2019,3087,374,754
1091,2019,213,7,118
1092,2019,1145,201,87
1093,2019,1854,110,98
1094,2019,245,5,81
1095,2019,305,6,10
1096,2019,1614,55,771
1097,2019,2259,38,337
1098,2019,749,28,127
1099,2019,72,8,13
1100,2019,323,11,212
1101,2019,1722,177,466
1102,2019,604,243,124
1103,2019,383,39,103
1104,2019,582,205,147
1105,2019,364,20,196
1106,2019,101,8,22
1107,2019,581,57,237
1108,2019,53,5,22
1109,2019,216,16,76
1110,2019,714,116,224
1111,2019,7209,316,286
1112,2019,126,13,7
1113,2019,216,30,142
1114,2019,131,13,7
1115,2019,379,14,7
1116,2019,173,8,39
1117,2019,1624,41,1067
1118,2019,407,213,97
1119,2019,88,5,17
1120,2019,150,0,13
1121,2019,2095,31,1832
1122,2019,156,2,29
1123,2019,86,0,32
1124,2019,127,5,21
1125,2019,507,3,402
1126,2019,119,8,23
1127,2019,152,0,75
1128,2019,242,8,72
1129,2019,187,7,58
1130,2019,438,55,138
1131,2019,166,9,65
1132,2019,535,156,54
1133,2019,428,64,77
1134,2019,3838,337,630
1135,2019,400,37,81
1136,2019,337,26,40
1137,2019,76,0,19
1138,2019,95,3,39
1139,2019,280,16,120
1140,2019,327,47,71
1141,2019,320,16,171
1142,2019,214,23,86
1143,2019,446,58,192
1144,2019,202,24,105
1145,2019,1014,147,334
1146,2019,54,0,21
1147,2019,3242,814,246
1148,2019,1272,101,376
1149,2019,222,88,59
1150,2019,161,23,41
1151,2019,233,11,190
1152,2019,2438,722,172
1153,2019,536,18,346
1154,2019,250,0,133
1155,2019,225,13,138
1156,2019,115,35,49
1157,2019,1271,83,658
1158,2019,78,4,50
1159,2019,740,158,49
1160,2019,99,15,28
1161,2019,741,26,190
1162,2019,341,17,84
1163,2019,905,43,259
1164,2019,734,61,161
1165,2019,149,15,40
1166,2019,1870,192,506
1167,2019,425,20,104
1168,2019,128,20,36
1169,2019,553,86,154
1170,2019,203,32,57
1171,2019,454,90,83
1172,2019,751,148,137
1173,2019,803,158,146
1174,2019,1083,213,197
1175,2019,3231,637,587
1176,2019,215,36,56
1177,2019,378,14,68
1178,2019,345,48,41
1179,2019,164,9,33
1180,2019,344,35,98
1181,2019,380,26,122
1182,2019,57,4,6
1183,2019,123,13,57
1184,2019,35,0,3
1185,2019,74,8,7
1186,2019,629,120,160
1187,2019,140,32,27
1188,2019,377,100,37
1189,2019,443,42,110
1190,2019,262,62,41
1191,2019,164,8,50
1192,2019,31,2,9
1193,2019,375,44,190
1194,2019,111,45,16
1195,2019,518,18,198
1196,2019,415,158,60
1197,2019,276,33,102
1198,2019,303,30,31
1199,2019,2607,347,595
1200,2019,202,9,96
1201,2019,182,12,29
1202,2019,303,33,84
1203,2019,205,0,98
1204,2019,178,2,37
1205,2019,48,0,31
1206,2019,194,30,104
1207,2019,222,12,117
1208,2019,60,2,13
1209,2019,121,23,33
1210,2019,324,60,175
1211,2019,859,34,85
1212,2019,374,96,47
1213,2019,83,24,8
1214,2019,201,2,3
1215,2019,191,20,52
1216,2019,29,0,14
1217,2019,315,37,239
1218,2019,284,5,100
1219,2019,96,33,33
1220,2019,46,0,18
1221,2019,102,13,11
1222,2019,1127,109,211
1223,2019,240,28,94
1224,2019,59,0,10
1225,2019,8,1,2
1226,2019,67,7,17
1227,2019,348,34,89
1228,2019,31,4,9
1229,2019,400,0,258
1230,2019,3928,469,1112
1231,2019,397,10,51
1232,2019,65,1,9
1233,2019,504,11,60
1234,2019,1769,50,742
1235,2019,156,19,20
1236,2019,3507,1137,598
1237,2019,73,9,23
1238,2019,130,13,34
1239,2019,58,0,12
1240,2019,501,53,196
1241,2019,55,0,4
1242,2019,643,204,18
1243,2019,24,1,6
1244,2019,17,16,1
1245,2019,190,25,17
1246,2019,234,21,55
1247,2019,100,3,67
1248,2019,1388,68,523
1249,2019,777,76,168
1250,2019,1246,75,227
1251,2019,338,18,288
1252,2019,239,45,113
1253,2019,398,135,55
1254,2019,216,25,137
1255,2019,38,2,13
1256,2019,179,6,24
1257,2019,372,57,91
1258,2019,72,5,17
1259,2019,215,70,123
1260,2019,319,33,86
1261,2019,923,40,138
1262,2019,596,26,89
1263,2019,29,3,13
1264,2019,16,1,7
1265,2019,474,24,81
1266,2019,346,49,143
1267,2019,477,42,74
1268,2019,352,17,200
1269,2019,644,155,173
1270,2019,488,30,172
1271,2019,412,73,148
1272,2019,239,30,110
1273,2019,997,40,616
1274,2019,1318,53,672
1275,2019,63,5,7
1276,2019,199,56,11
1277,2019,309,31,76
1278,2019,256,49,63
1279,2019,284,10,38
1280,2019,237,9,36
1281,2019,140,0,129
1282,2019,90,8,16
1283,2019,112,3,12
1284,2019,138,5,30
1285,2019,1607,370,201
1286,2019,4113,211,548
1287,2019,1636,18,802
1288,2019,236,54,30
1289,2019,219,0,94
1290,2019,225,4,167
1291,2019,528,38,136
1292,2019,752,28,199
1293,2019,2,1,0
1294,2019,139,0,1
1295,2019,11,0,6
1296,2019,453,27,83
1297,2019,412,35,166
1298,2019,70,6,28
1299,2019,138,3,14
1300,2019,267,15,24
1301,2019,2226,22,1279
1302,2019,517,14,69
1303,2019,784,64,134
1304,2019,9,1,2
1305,2019,141,9,33
1306,2019,57,4,13
1307,2019,9,1,2
1308,2019,1724,36,156
1309,2019,240,16,56
1310,2019,1425,173,383
1311,2019,964,117,259
1312,2019,2211,46,199
1313,2019,528,11,48
1314,2019,572,69,154
1315,2019,1402,29,126
1316,2019,964,117,259
1317,2019,112,7,26
1318,2019,1229,149,330
1319,2019,318,44,98
1320,2019,200,59,28
1321,2019,1166,379,161
1322,2019,97,10,26
1323,2019,283,56,60
1324,2019,1246,238,306
1325,2019,868,143,40
1326,2019,190,11,19
1327,2019,118,20,8
1328,2019,354,9,38
1329,2019,689,102,173
1330,2019,3134,1161,296
1331,2019,3137,97,930
1332,2019,204,12,35
1333,2019,1248,120,255
1334,2019,402,79,73
1335,2019,61,4,15
1336,2019,61,4,15
1337,2019,61,4,15
1338,2019,871,24,274
1339,2019,891,65,165
1340,2019,4945,221,990
1341,2019,152,14,25
1342,2019,812,424,40
1343,2019,210,6,41
1344,2019,236,46,71
1345,2019,238,0,170
1346,2019,204,0,165
1347,2019,1721,234,415
1348,2019,5077,840,160
1349,2019,2124,1280,295
1350,2019,1296,377,192
1351,2019,2336,750,263
1352,2019,173,4,131
1353,2019,334,31,142
1354,2019,469,31,162
1355,2019,755,104,354
1356,2019,2594,495,1042
1357,2019,8617,1199,1267
1358,2019,111,0,25
1359,2019,68,0,35
1360,2019,716,26,206
1361,2019,3673,1512,297
1362,2019,278,5,109
1363,2019,604,0,112
1364,2019,142,0,11
1365,2019,778,56,112
1366,2019,352,16,243
1367,2019,1341,150,157
1368,2019,629,10,138
1369,2019,212,20,46
1370,2019,365,45,120
1371,2019,2428,944,203
1372,2019,168,11,156
1373,2019,171,6,127
1374,2019,227,12,113
1375,2019,293,11,18
1376,2019,155,47,23
1377,2019,7406,1282,711
1378,2019,166,5,50
1379,2019,231,16,114
1380,2019,52,1,26
1381,2019,1055,140,194
1382,2019,1903,169,814
1383,2019,7830,1358,3531
1384,2019,64,1,29
1385,2019,1077,27,752
1386,2019,1960,1469,229
1387,2019,78,5,21
1388,2019,32,1,8
1389,2019,42,9,9
1390,2019,3420,344,408
1391,2019,310,85,38
1392,2019,252,2,167
1393,2019,789,55,83
1394,2019,322,9,148
1395,2019,3397,486,232
1396,2019,82,36,22
1397,2019,92,20,13
1398,2019,284,14,18
1399,2019,195,6,30
1400,2019,981,101,181
1401,2019,172,7,54
1402,2019,320,35,212
1403,2019,90,7,18
1404,2019,55,13,6
1405,2019,569,279,83
1406,2019,1106,122,154
1407,2019,1119,77,399
1408,2019,378,86,100
1409,2019,1096,88,433
1410,2019,93,6,23
1411,2019,392,78,83
1412,2019,615,60,157
1413,2019,306,19,76
1414,2019,563,45,223
1415,2019,473,53,96
1416,2019,388,24,97
1417,2019,253,16,63
1418,2019,338,22,191
1419,2019,332,41,220
1420,2019,515,114,62
1421,2019,436,34,15
1422,2019,523,16,82
1423,2019,116,11,49
1424,2019,340,35,92
1425,2019,55866,1225,17947
1426,2019,5435,42,132
1427,2019,1399,68,196
1428,2019,2132,61,725
1429,2019,187,7,51
1430,2019,909,12,136
1431,2019,623,485,11
1432,2019,35,2,18
1433,2019,1468,44,104
1434,2019,137,6,14
1435,2019,72,7,34
1436,2019,306,30,115
1437,2019,72,3,32
1438,2019,126,0,119
1439,2019,96,51,2
1440,2019,144,31,62
1441,2019,59,13,25
1442,2019,232,18,25
1443,2019,129,9,36
1444,2019,217,18,27
1445,2019,299,20,15
1446,2019,300,77,30
1447,2019,3515,53,64
1448,2019,164,39,59
1449,2019,1059,33,605
1450,2019,497,94,196
1451,2019,212,14,41
1452,2019,184,3,54
1453,2019,596,10,265
1454,2019,1376,351,320
1455,2019,58,4,6
1456,2019,232,23,70
1457,2019,153,4,69
1458,2019,703,269,135
1459,2019,997,649,147
1460,2019,58,0,5
1461,2019,9219,2154,1321
1462,2019,43,0,26
1463,2019,1549,218,169
1464,2019,247,16,18
1465,2019,174,5,19
1466,2019,649,46,59
1467,2019,257,38,65
1468,2019,657,63,6
1469,2019,1282,75,88
1470,2019,363,18,88
1471,2019,3020,514,487
1472,2019,3523,151,168
1473,2019,284,33,21
1474,2019,2439,95,375
1475,2019,403,15,82
1476,2019,570,37,83
1477,2019,110,0,93
1478,2019,126,23,11
1479,2019,346,50,74
1480,2019,391,195,67
1481,2019,34,6,8
1482,2019,187,35,28
1483,2019,2115,80,362
1484,2019,343,14,55
1485,2019,336,26,290
1486,2019,90,2,33
1487,2019,120,4,32
1488,2019,13586,87,405
1489,2019,3410,407,1049
1490,2019,522,0,95
1491,2019,407,76,169
1492,2019,3196,122,944
1493,2019,490,7,193
1494,2019,174,21,22
1495,2019,1130,32,474
1496,2019,52,3,14
1497,2019,348,0,72
1498,2019,1302,166,51
1499,2019,327,5,51
1500,2019,363,0,172
1501,2019,285,47,33
1502,2019,167,30,45
1503,2019,359,9,120
1504,2019,36,8,10
1505,2019,34,1,16
1506,2019,1516,247,576
1507,2019,1213,231,77
1508,2019,100,6,81
1509,2019,226,42,53
1510,2019,1046,151,202
1511,2019,121,9,23
1512,2019,158,15,78
1513,2019,318,19,95
1514,2019,256,2,99
1515,2019,294,196,37
1516,2019,1004,137,224
1517,2019,234,10,60
1518,2019,149,48,5
1519,2019,372,92,154
1520,2019,259,24,52
1521,2019,322,39,74
1522,2019,493,20,156
1523,2019,343,4,59
1524,2019,185,38,36
1525,2019,437,23,269
1526,2019,962,115,144
1527,2019,383,31,52
1528,2019,279,18,86
1529,2019,279,17,70
1530,2019,266,16,66
1531,2019,465,29,116
1532,2019,1701,105,424
1533,2019,120,7,30
1534,2019,425,26,106
1535,2019,487,39,193
1536,2019,457,37,181
1537,2019,1202,96,475
1538,2019,1248,100,493
1539,2019,654,53,259
1540,2019,587,24,481
1541,2019,1155,192,64
1542,2019,264,32,71
1543,2019,904,110,243
1544,2019,10008,3801,643
1545,2019,233,51,71
1546,2019,70,4,40
1547,2019,74,2,33
1548,2019,1270,97,322
1549,2019,40,0,25
1550,2019,1245,79,368
1551,2019,867,226,181
1552,2019,662,138,196
1553,2019,120,7,30
1554,2019,146,9,36
1555,2019,110,18,46
1556,2019,46,9,11
1557,2019,500,33,191
1558,2019,304,24,120
1559,2019,198,19,50
1560,2019,411,33,162
1561,2019,202,10,127
1562,2019,1886,471,216
1563,2019,1493,5,108
1564,2019,436,14,193
1565,2019,5726,3025,744
1566,2019,4485,180,1719
1567,2019,391,15,190
1568,2019,14194,363,2476
1569,2019,345,39,70
1570,2019,243,47,60
1571,2019,123,23,30
1572,2019,64,12,16
1573,2019,54,10,13
1574,2019,42,8,10
1575,2019,425,26,106
1576,2019,372,23,93
1577,2019,385,24,96
1578,2019,473,275,48
1579,2019,349,88,111
1580,2019,247,31,18
1581,2019,2726,1991,96
1582,2019,3770,112,670
1583,2019,307,26,188
1584,2019,34,4,9
1585,2019,26,3,7
1586,2019,9,1,2
1587,2019,9,1,2
1588,2019,181,3,78
1589,2019,85,4,22
1590,2019,114,3,66
1591,2019,628,334,34
1592,2019,58,1,7
1593,2019,14349,977,1601
1594,2019,679,29,149
1595,2019,81,3,41
1596,2019,97,10,4
1597,2019,118,0,102
1598,2019,383,70,100
1599,2019,4677,103,460
1600,2019,193,10,77
1601,2019,125,28,37
1602,2019,515,55,85
1603,2019,873,10,128
1604,2019,105,9,14
1605,2019,131,8,32
1606,2019,356,15,53
1607,2019,80,18,32
1608,2019,401,15,86
1609,2019,299,41,147
1610,2019,231,5,18
1611,2019,3316,1102,408
1612,2019,284,52,82
1613,2019,414,9,52
1614,2019,51,6,14
1615,2019,26,3,7
1616,2019,1843,223,495
1617,2019,77,9,21
1618,2019,479,142,125
1619,2019,247,6,72
1620,2019,926,36,374
1621,2019,314,0,81
1622,2019,303,31,131
1623,2019,304,20,96
1624,2019,46,0,35
1625,2019,324,20,125
1626,2019,11,0,3
1627,2019,365,36,23
1628,2019,255,27,30
1629,2019,559,55,75
1630,2019,70,31,4
1631,2019,237,17,35
1632,2019,28,19,5
1633,2019,32,4,7
1634,2019,16,1,12
1635,2019,7,1,1
1636,2019,129,23,19
1637,2019,39,3,13
1638,2019,56,10,10
1639,2019,12737,1009,1548
1640,2019,609,567,0
1641,2019,170,27,67
1642,2019,151,15,69
1643,2019,231,5,129
1644,2019,251,22,24
1645,2019,4147,1530,139
1646,2019,107,12,45
1647,2019,72,8,30
1648,2019,49,2,15
1649,2019,125,18,36
1650,2019,25,0,14
1651,2019,36,6,8
1652,2019,737,289,94
1653,2019,318,9,167
1654,2019,792,102,157
1655,2019,117,8,16
1656,2019,513,12,109
1657,2019,293,40,40
1658,2019,4538,590,1972
1659,2019,365,37,86
1660,2019,233,21,22
1661,2019,1122,138,195
1662,2019,348,23,157
1663,2019,72,5,25
1664,2019,386,97,30
1665,2019,923,6,8
1666,2019,811,105,161
1667,2019,315,4,259
1668,2019,104,1,86
1669,2019,132,7,78
1670,2019,175,20,14
1671,2019,94,15,13
1672,2019,313,13,240
1673,2019,810,9,501
1674,2019,24,1,6
1675,2019,409,27,64
1676,2019,41,0,27
1677,2019,1921,206,423
1678,2019,42,5,6
1679,2019,243,14,118
1680,2019,535,74,113
1681,2019,701,60,73
1682,2019,20,0,12
1683,2019,39,5,6
1684,2019,45,0,43
1685,2019,100,12,14
1686,2019,70,6,3
1687,2019,106,5,30
1688,2019,472,24,285
1689,2019,11,3,3
1690,2019,414,68,49
1691,2019,190,31,23
1692,2019,52,3,29
1693,2019,359,4,134
1694,2019,416,12,210
1695,2019,8,7,0
1696,2019,161,20,40
1697,2019,1528,447,110
1698,2019,65,4,20
1699,2019,164,4,33
1700,2019,1002,175,268
1701,2019,16,2,3
1702,2019,640,262,188
1703,2019,2870,1497,653
1704,2019,513,49,29
1705,2019,250,15,47
1706,2019,1110,6,24
1707,2019,1924,17,104
1708,2019,745,27,231
1709,2019,93,4,44
1710,2019,413,29,149
1711,2019,415,25,47
1712,2019,371,57,130
1713,2019,174,34,41
1714,2019,388,16,138
1715,2019,160,4,51
1716,2019,179,63,21
1717,2019,114,6,25
1718,2019,1158,163,276
1719,2019,635,279,98
1,2050,744,49,247
2,2050,1296,52,239
3,2050,114,5,27
4,2050,146,7,27
5,2050,1948,102,484
6,2050,246,11,67
7,2050,165,7,30
8,2050,4078,21,518
9,2050,47,4,15
10,2050,227,21,90
11,2050,143,6,39
12,2050,2633,331,871
13,2050,895,31,224
14,2050,1798,101,523
15,2050,702,78,222
16,2050,510,5,319
17,2050,1117,89,330
18,2050,90,8,38
19,2050,722,17,339
20,2050,84,11,22
21,2050,37,3,6
22,2050,105,5,39
23,2050,125,6,31
24,2050,32,4,5
25,2050,602,33,67
26,2050,131,6,14
27,2050,470,31,67
28,2050,266,25,48
29,2050,451,43,103
30,2050,196,9,71
31,2050,1436,122,525
32,2050,593,61,137
33,2050,132,8,39
34,2050,3187,420,1343
35,2050,852,71,210
36,2050,130,10,47
37,2050,4686,75,215
38,2050,2839,100,342
39,2050,1007,107,293
40,2050,1038,117,333
41,2050,157,12,35
42,2050,638,11,191
43,2050,558,37,259
44,2050,15948,114,10429
45,2050,963,49,389
46,2050,2732,72,467
47,2050,419,24,105
48,2050,2008,46,765
49,2050,1013,192,213
50,2050,1462,146,514
51,2050,1295,159,376
52,2050,1197,30,224
53,2050,290,13,50
54,2050,684,9,24
55,2050,1715,108,275
56,2050,1436,229,393
57,2050,415,47,87
58,2050,308,11,49
59,2050,4298,53,168
60,2050,1042,67,269
61,2050,470,26,69
62,2050,173,21,31
63,2050,110,6,24
64,2050,275,4,116
65,2050,282,9,20
66,2050,1827,69,193
67,2050,61,2,7
68,2050,189,7,11
69,2050,84,2,28
70,2050,221,0,53
71,2050,101,0,24
72,2050,332,0,80
73,2050,373,0,90
74,2050,473,0,114
75,2050,161,0,39
76,2050,161,0,39
77,2050,450,90,83
78,2050,519,103,95
79,2050,823,0,29
80,2050,604,26,91
81,2050,747,32,113
82,2050,812,35,122
83,2050,2243,42,190
84,2050,613,0,21
85,2050,1823,0,64
86,2050,1189,95,351
87,2050,2457,95,340
88,2050,967,42,199
89,2050,17105,325,3616
90,2050,722,53,131
91,2050,47,0,3
92,2050,62,0,0
93,2050,113,14,28
94,2050,4093,166,363
95,2050,839,72,124
96,2050,162,7,17
97,2050,1303,158,459
98,2050,449,8,9
99,2050,4976,39,133
100,2050,901,18,52
101,2050,427,44,136
102,2050,292,36,61
103,2050,4487,194,238
104,2050,408,30,132
105,2050,241,23,92
106,2050,1193,14,122
107,2050,389,18,15
108,2050,11,1,1
109,2050,159,14,29
110,2050,118,4,39
111,2050,2159,159,599
112,2050,647,89,225
113,2050,443,41,142
114,2050,393,28,136
115,2050,1493,43,119
116,2050,1003,110,220
117,2050,109,5,17
118,2050,1079,88,438
119,2050,119,13,39
120,2050,313,30,105
121,2050,251,13,43
122,2050,191,22,65
123,2050,235,21,59
124,2050,402,43,140
125,2050,522,29,108
126,2050,128,7,37
127,2050,235,14,54
128,2050,2399,34,157
129,2050,71,4,21
130,2050,106,6,27
131,2050,107,4,27
132,2050,4439,421,1507
133,2050,1289,53,298
134,2050,239,20,52
135,2050,161,14,19
136,2050,341,15,138
137,2050,477,31,95
138,2050,312,17,27
139,2050,1291,29,168
140,2050,272,7,28
141,2050,199,15,29
142,2050,90,5,11
143,2050,534,40,78
144,2050,219,24,37
145,2050,428,33,53
146,2050,1174,149,228
147,2050,792,35,123
148,2050,151,6,20
149,2050,66,11,16
150,2050,1458,34,76
151,2050,267,20,62
152,2050,368,19,56
153,2050,544,74,112
154,2050,466,26,83
155,2050,280,14,44
156,2050,280,22,35
157,2050,85,6,18
158,2050,580,18,75
159,2050,1423,34,50
160,2050,317,26,39
161,2050,187,6,42
162,2050,872,84,212
163,2050,585,34,127
164,2050,242,14,27
165,2050,1036,76,290
166,2050,751,118,258
167,2050,220,40,64
168,2050,773,49,143
169,2050,181,11,37
170,2050,107,1,32
171,2050,310,16,38
172,2050,379,11,56
173,2050,334,11,52
174,2050,447,47,156
175,2050,2822,246,638
176,2050,3472,47,1994
177,2050,127,8,31
178,2050,206,5,37
179,2050,103,8,28
180,2050,1084,67,334
181,2050,485,40,130
182,2050,296,11,73
183,2050,15791,262,8819
184,2050,1011,67,204
185,2050,2674,116,362
186,2050,851,58,232
187,2050,71,1,22
188,2050,916,105,210
189,2050,3929,29,374
190,2050,370,14,60
191,2050,63,4,21
192,2050,361,20,63
193,2050,118,8,25
194,2050,17462,153,11115
195,2050,22113,248,13929
196,2050,3370,414,1110
197,2050,9334,234,5489
198,2050,375,29,131
199,2050,91,5,22
200,2050,139,12,48
201,2050,193,41,14
202,2050,26,5,7
203,2050,525,39,154
204,2050,389,33,94
205,2050,153,7,47
206,2050,689,51,306
207,2050,652,63,270
208,2050,258,1,150
209,2050,75,6,45
210,2050,67,2,15
211,2050,700,2,0
212,2050,2031,521,974
213,2050,1039,60,332
214,2050,1892,68,264
215,2050,79,6,20
216,2050,345,17,64
217,2050,966,50,174
218,2050,346,20,85
219,2050,73,4,13
220,2050,165,6,42
221,2050,514,24,224
222,2050,100,4,26
223,2050,84,7,29
224,2050,109,7,21
225,2050,461,22,60
226,2050,560,77,191
227,2050,101,3,32
228,2050,3909,271,2094
229,2050,3472,118,491
230,2050,1341,95,313
231,2050,227,16,88
232,2050,506,49,194
233,2050,159,14,45
234,2050,96,8,33
235,2050,268,21,91
236,2050,848,82,197
237,2050,96,6,24
238,2050,117,8,29
239,2050,152,7,27
240,2050,1729,180,665
241,2050,116,6,28
242,2050,160,9,30
243,2050,469,29,129
244,2050,12789,1057,6667
245,2050,2473,87,699
246,2050,81,10,20
247,2050,170,15,39
248,2050,19311,554,9374
249,2050,79952,1463,23126
250,2050,4626,54,2817
251,2050,333,6,152
252,2050,51,4,22
253,2050,939,18,197
254,2050,15895,116,3368
255,2050,5103,207,737
256,2050,7078,652,2479
257,2050,1301,119,460
258,2050,443,18,66
259,2050,1159,177,379
260,2050,57,2,8
261,2050,318,4,59
262,2050,23,1,7
263,2050,1889,115,447
264,2050,542,49,167
265,2050,508,25,204
266,2050,120,9,39
267,2050,2787,120,439
268,2050,631,64,282
269,2050,47,1,18
270,2050,1238,50,228
271,2050,421,36,88
272,2050,79,11,21
273,2050,163,3,84
274,2050,111,2,9
275,2050,335,25,119
276,2050,223,14,40
277,2050,248,20,55
278,2050,1628,27,173
279,2050,546,15,99
280,2050,513,33,40
281,2050,2799,374,661
282,2050,275,27,84
283,2050,155,12,42
284,2050,1180,71,294
285,2050,2287,26,519
286,2050,126,6,48
287,2050,830,11,134
288,2050,4246,34,2585
289,2050,182,13,61
290,2050,704,76,203
291,2050,190,5,88
292,2050,225,12,84
293,2050,415,27,149
294,2050,76,5,35
295,2050,349,33,101
296,2050,3951,111,862
297,2050,1528,26,114
298,2050,53174,278,29847
299,2050,609,27,129
300,2050,394,7,70
301,2050,551,11,100
302,2050,78,3,39
303,2050,12867,128,7386
304,2050,1199,36,125
305,2050,633,25,54
306,2050,791,25,121
307,2050,927,47,149
308,2050,1044,26,415
309,2050,462,34,118
310,2050,478,47,172
311,2050,754,74,224
312,2050,204,26,80
313,2050,176,20,63
314,2050,787,34,161
315,2050,272,8,66
316,2050,465,62,111
317,2050,5022,167,1119
318,2050,81,6,22
319,2050,253,15,54
320,2050,1314,112,391
321,2050,740,62,218
322,2050,1358,64,405
323,2050,670,63,200
324,2050,277,26,83
325,2050,62,0,14
326,2050,347,33,104
327,2050,1508,49,354
328,2050,123,5,27
329,2050,2201,36,322
330,2050,216,12,67
331,2050,16281,374,6917
332,2050,11413,1055,3196
333,2050,77,0,11
334,2050,721,0,102
335,2050,390,42,97
336,2050,367,39,92
337,2050,202,22,50
338,2050,252,26,61
339,2050,240,26,60
340,2050,404,43,75
341,2050,2791,498,440
342,2050,450,19,33
343,2050,220,24,41
344,2050,4453,792,707
345,2050,41,0,6
346,2050,309,0,44
347,2050,1247,54,90
348,2050,150,37,41
349,2050,135,8,21
350,2050,435,78,69
351,2050,202,36,32
352,2050,450,0,35
353,2050,2216,377,872
354,2050,192,48,53
355,2050,1299,56,165
356,2050,259,32,57
357,2050,1899,129,299
358,2050,1803,170,538
359,2050,301,28,90
360,2050,20,0,4
361,2050,339,0,71
362,2050,54,1,10
363,2050,31,3,7
364,2050,274,12,86
365,2050,173,2,36
366,2050,464,34,121
367,2050,296,23,90
368,2050,408,49,88
369,2050,257,27,99
370,2050,453,12,67
371,2050,141,10,32
372,2050,151,0,36
373,2050,588,37,203
374,2050,1035,69,391
375,2050,849,0,193
376,2050,1282,20,245
377,2050,95,27,17
378,2050,891,25,270
379,2050,1004,265,209
380,2050,290,0,163
381,2050,159,19,31
382,2050,1371,140,394
383,2050,673,41,90
384,2050,794,35,136
385,2050,1281,148,375
386,2050,318,11,68
387,2050,2795,222,632
388,2050,132,9,30
389,2050,5311,45,172
390,2050,615,28,133
391,2050,228,11,33
392,2050,449,44,100
393,2050,1288,61,246
394,2050,399,29,71
395,2050,1769,73,309
396,2050,398,3,24
397,2050,211,45,27
398,2050,356,65,23
399,2050,385,5,33
400,2050,465,5,33
401,2050,267,3,25
402,2050,1466,34,315
403,2050,1364,52,197
404,2050,1348,5,202
405,2050,407,19,130
406,2050,1363,102,241
407,2050,1625,74,340
408,2050,371,36,130
409,2050,198,7,72
410,2050,255,24,53
411,2050,312,13,52
412,2050,541,48,108
413,2050,518,61,132
414,2050,2288,108,414
415,2050,185,17,55
416,2050,139,13,41
417,2050,231,22,69
418,2050,879,42,220
419,2050,3250,259,935
420,2050,85,4,21
421,2050,1826,172,545
422,2050,347,33,104
423,2050,198,36,13
424,2050,8697,1524,3190
425,2050,5645,201,1930
426,2050,268,17,96
427,2050,346,18,188
428,2050,274,29,67
429,2050,280,30,73
430,2050,137,16,40
431,2050,1351,388,254
432,2050,144,17,42
433,2050,388,21,215
434,2050,246,7,58
435,2050,207,18,31
436,2050,115,13,34
437,2050,895,96,234
438,2050,13,1,1
439,2050,188,8,32
440,2050,160,6,33
441,2050,423,75,73
442,2050,617,28,235
443,2050,518,68,116
444,2050,510,53,78
445,2050,775,13,427
446,2050,245,1,27
447,2050,462,0,57
448,2050,613,148,54
449,2050,431,8,58
450,2050,967,19,130
451,2050,694,14,91
452,2050,1713,35,161
453,2050,400,17,56
454,2050,3434,31,1655
455,2050,83,5,15
456,2050,573,24,89
457,2050,2585,36,1296
458,2050,1237,30,388
459,2050,5849,211,3053
460,2050,574,43,258
461,2050,776,33,111
462,2050,525,44,132
463,2050,274,45,49
464,2050,674,51,61
465,2050,70,6,18
466,2050,364,18,50
467,2050,232,35,37
468,2050,1564,307,376
469,2050,211,22,37
470,2050,244,41,42
471,2050,405,28,107
472,2050,17343,657,9484
473,2050,613,74,140
474,2050,700,122,216
475,2050,87,7,33
476,2050,85,4,33
477,2050,105,5,35
478,2050,418,45,78
479,2050,396,39,48
480,2050,388,23,173
481,2050,110,2,34
482,2050,292,20,79
483,2050,330,20,90
484,2050,1362,22,676
485,2050,58,3,15
486,2050,3185,141,964
487,2050,297,27,92
488,2050,410,47,120
489,2050,583,67,170
490,2050,827,96,242
491,2050,791,92,231
492,2050,94,11,27
493,2050,101,12,29
494,2050,928,107,271
495,2050,130,15,38
496,2050,228,8,48
497,2050,1379,36,215
498,2050,361,29,116
499,2050,263,20,75
500,2050,218,23,64
501,2050,863,31,166
502,2050,414,44,122
503,2050,115,6,17
504,2050,58,6,13
505,2050,164,9,22
506,2050,929,40,188
507,2050,267,21,64
508,2050,672,63,209
509,2050,503,36,177
510,2050,654,72,206
511,2050,18,2,5
512,2050,53,6,14
513,2050,9,1,2
514,2050,35,4,9
515,2050,728,27,143
516,2050,31,2,7
517,2050,1828,84,293
518,2050,3249,214,723
519,2050,287,20,61
520,2050,146,10,49
521,2050,4937,283,1646
522,2050,232,21,53
523,2050,250,15,46
524,2050,1569,66,274
525,2050,98,6,19
526,2050,12308,146,1248
527,2050,104,17,26
528,2050,415,2,171
529,2050,116,7,90
530,2050,341,24,71
531,2050,120,13,71
532,2050,290,28,100
533,2050,137,49,17
534,2050,135,11,62
535,2050,1015,178,101
536,2050,94,9,78
537,2050,291,10,33
538,2050,1168,23,62
539,2050,516,37,69
540,2050,997,107,261
541,2050,1126,38,224
542,2050,266,68,102
543,2050,113,5,39
544,2050,429,37,236
545,2050,265,14,141
546,2050,928,111,348
547,2050,614,73,150
548,2050,395,32,184
549,2050,738,41,165
550,2050,164,19,41
551,2050,283,33,67
552,2050,69,6,31
553,2050,124,14,32
554,2050,648,83,188
555,2050,1393,18,73
556,2050,318,29,118
557,2050,1316,43,186
558,2050,138,5,32
559,2050,51,9,17
560,2050,1105,50,111
561,2050,422,26,83
562,2050,675,43,153
563,2050,439,25,67
564,2050,165,9,33
565,2050,1834,204,482
566,2050,433,43,110
567,2050,230,31,92
568,2050,326,25,91
569,2050,1639,40,165
570,2050,682,42,210
571,2050,1913,41,349
572,2050,175,12,59
573,2050,1121,65,212
574,2050,322,6,74
575,2050,163,8,49
576,2050,198,12,53
577,2050,120,9,13
578,2050,658,61,108
579,2050,293,9,45
580,2050,1007,35,197
581,2050,2143,21,143
582,2050,149,15,35
583,2050,164,19,39
584,2050,261,26,57
585,2050,99,12,32
586,2050,100,13,33
587,2050,540,36,74
588,2050,321,16,72
589,2050,519,52,177
590,2050,583,26,198
591,2050,347,20,76
592,2050,125,8,54
593,2050,322,19,66
594,2050,1026,202,313
595,2050,109,7,29
596,2050,216,12,66
597,2050,932,52,296
598,2050,133,5,11
599,2050,65,3,9
600,2050,144,4,31
601,2050,189,28,44
602,2050,2748,204,417
603,2050,591,61,132
604,2050,4649,603,990
605,2050,630,89,168
606,2050,290,23,65
607,2050,205,19,39
608,2050,7171,131,3058
609,2050,734,23,78
610,2050,221,20,43
611,2050,449,42,71
612,2050,425,50,72
613,2050,517,63,101
614,2050,284,27,45
615,2050,8123,133,3538
616,2050,577,56,134
617,2050,240,23,54
618,2050,396,22,59
619,2050,505,49,116
620,2050,25469,214,11013
621,2050,1550,56,103
622,2050,144,5,34
623,2050,1177,42,364
624,2050,1566,44,396
625,2050,110,10,34
626,2050,237,14,27
627,2050,3213,145,664
628,2050,833,97,166
629,2050,11833,276,3640
630,2050,302,13,93
631,2050,361,24,61
632,2050,937,96,214
633,2050,553,38,120
634,2050,256,14,66
635,2050,860,41,178
636,2050,454,9,60
637,2050,112,9,15
638,2050,398,22,84
639,2050,263,25,65
640,2050,606,13,96
641,2050,792,18,136
642,2050,280,38,59
643,2050,395,29,90
644,2050,1806,158,604
645,2050,293,39,61
646,2050,265,12,63
647,2050,847,102,166
648,2050,803,65,233
649,2050,390,22,101
650,2050,3034,148,1113
651,2050,202,5,59
652,2050,1253,121,297
653,2050,56,1,7
654,2050,912,54,262
655,2050,8103,846,2359
656,2050,457,18,63
657,2050,372,33,74
658,2050,5512,198,1806
659,2050,567,76,118
660,2050,1496,134,396
661,2050,530,22,105
662,2050,512,17,30
663,2050,16195,286,6607
664,2050,28181,481,11637
665,2050,181,4,30
666,2050,2567,59,345
667,2050,528,47,223
668,2050,691,254,100
669,2050,491,197,81
670,2050,853,41,184
671,2050,208,14,113
672,2050,62,11,28
673,2050,258,114,64
674,2050,161,9,58
675,2050,210,84,39
676,2050,513,8,122
677,2050,914,110,355
678,2050,1013,69,225
679,2050,188,24,54
680,2050,340,29,106
681,2050,195,11,35
682,2050,638,40,246
683,2050,1200,111,252
684,2050,45,3,4
685,2050,475,34,50
686,2050,214,13,68
687,2050,426,64,123
688,2050,37,2,15
689,2050,842,108,262
690,2050,87,4,29
691,2050,608,15,301
692,2050,592,77,166
693,2050,114,12,37
694,2050,182,13,30
695,2050,862,48,346
696,2050,2677,156,794
697,2050,245,13,69
698,2050,59,3,12
699,2050,1649,211,438
700,2050,236,17,58
701,2050,549,38,160
702,2050,216,25,63
703,2050,194,22,57
704,2050,353,41,103
705,2050,631,13,106
706,2050,311,20,58
707,2050,331,22,85
708,2050,704,42,162
709,2050,211,52,77
710,2050,3257,126,646
711,2050,747,61,98
712,2050,1250,225,291
713,2050,196,25,37
714,2050,891,55,234
715,2050,937,283,213
716,2050,428,12,104
717,2050,405,120,32
718,2050,105,1,3
719,2050,1332,88,192
720,2050,475,37,78
721,2050,148,3,95
722,2050,555,3,409
723,2050,378,4,228
724,2050,261,42,87
725,2050,422,37,162
726,2050,2280,235,926
727,2050,647,55,125
728,2050,4021,303,794
729,2050,1316,93,244
730,2050,236,16,101
731,2050,228,9,47
732,2050,387,22,91
733,2050,447,37,121
734,2050,299,21,121
735,2050,365,35,117
736,2050,898,46,409
737,2050,385,19,61
738,2050,242,22,56
739,2050,294,23,82
740,2050,1037,79,245
741,2050,3654,277,772
742,2050,485,0,34
743,2050,157,14,66
744,2050,934,186,171
745,2050,432,86,79
746,2050,3148,627,578
747,2050,2910,0,701
748,2050,826,0,199
749,2050,40,0,10
750,2050,1385,110,409
751,2050,40,0,10
752,2050,748,0,250
753,2050,3957,0,953
754,2050,326,29,138
755,2050,451,0,151
756,2050,353,32,149
757,2050,669,0,224
758,2050,308,20,94
759,2050,2003,177,635
760,2050,114,3,25
761,2050,139,4,32
762,2050,442,37,85
763,2050,114,6,12
764,2050,93,8,26
765,2050,830,87,185
766,2050,1266,35,512
767,2050,57,6,12
768,2050,60,6,23
769,2050,256,9,42
770,2050,198,22,53
771,2050,91,9,18
772,2050,320,23,115
773,2050,208,16,73
774,2050,649,35,186
775,2050,103,12,35
776,2050,3075,290,918
777,2050,1381,0,315
778,2050,1218,249,258
779,2050,584,42,76
780,2050,2692,155,1068
781,2050,139,12,47
782,2050,268,18,51
783,2050,883,75,439
784,2050,91,5,46
785,2050,101,8,30
786,2050,2530,59,1089
787,2050,230,26,30
788,2050,1071,12,118
789,2050,197,15,19
790,2050,739,12,104
791,2050,411,35,131
792,2050,1919,174,610
793,2050,578,12,212
794,2050,71,7,20
795,2050,124,5,56
796,2050,2308,314,853
797,2050,334,43,101
798,2050,42,2,15
799,2050,110,5,21
800,2050,1592,18,135
801,2050,265,4,16
802,2050,388,11,21
803,2050,162,6,34
804,2050,440,76,115
805,2050,1244,46,260
806,2050,325,35,85
807,2050,555,21,126
808,2050,109,4,11
809,2050,1989,25,477
810,2050,92,2,13
811,2050,387,44,74
812,2050,1518,45,170
813,2050,305,16,23
814,2050,444,33,90
815,2050,1219,33,245
816,2050,887,68,252
817,2050,1472,118,216
818,2050,646,31,84
819,2050,2791,114,471
820,2050,151,8,28
821,2050,333,26,74
822,2050,316,28,101
823,2050,1947,68,252
824,2050,470,33,92
825,2050,646,21,93
826,2050,258,27,87
827,2050,19434,689,10719
828,2050,1580,94,105
829,2050,253,19,52
830,2050,1132,76,202
831,2050,675,48,141
832,2050,161,20,24
833,2050,308,61,92
834,2050,1632,246,492
835,2050,2836,155,360
836,2050,99,1,30
837,2050,171,6,54
838,2050,317,15,80
839,2050,1038,108,161
840,2050,304,53,48
841,2050,593,104,95
842,2050,578,101,92
843,2050,263,47,41
844,2050,480,83,77
845,2050,1410,105,209
846,2050,304,20,80
847,2050,959,10,586
848,2050,141,12,45
849,2050,292,6,120
850,2050,317,66,77
851,2050,1068,201,376
852,2050,341,16,47
853,2050,1743,36,97
854,2050,907,14,63
855,2050,293,28,44
856,2050,574,28,53
857,2050,3422,136,534
858,2050,239,17,54
859,2050,103,0,95
860,2050,2200,28,2040
861,2050,958,544,65
862,2050,1287,130,334
863,2050,4500,387,373
864,2050,334,51,91
865,2050,466,57,105
866,2050,204,22,60
867,2050,1509,108,402
868,2050,1818,63,972
869,2050,81,0,12
870,2050,133,0,30
871,2050,54,0,12
872,2050,212,0,48
873,2050,57,0,12
874,2050,971,92,290
875,2050,254,24,76
876,2050,324,31,97
877,2050,855,81,255
878,2050,763,72,228
879,2050,1387,131,414
880,2050,156,7,26
881,2050,299,16,54
882,2050,695,60,269
883,2050,642,55,249
884,2050,818,71,270
885,2050,1416,99,334
886,2050,381,20,103
887,2050,6704,172,741
888,2050,51,1,29
889,2050,340,15,65
890,2050,318,21,74
891,2050,142,11,40
892,2050,301,18,67
893,2050,3617,166,674
894,2050,163,7,49
895,2050,277,15,71
896,2050,837,61,234
897,2050,269,8,54
898,2050,1020,203,187
899,2050,432,86,79
900,2050,1332,265,245
901,2050,311,62,57
902,2050,813,162,149
903,2050,796,158,146
904,2050,398,79,73
905,2050,109,4,23
906,2050,138,9,33
907,2050,709,49,135
908,2050,350,16,116
909,2050,3440,226,537
910,2050,2705,19,315
911,2050,306,27,68
912,2050,805,158,208
913,2050,241,15,48
914,2050,149,6,35
915,2050,764,48,159
916,2050,90,5,11
917,2050,1455,110,226
918,2050,4442,511,794
919,2050,167,20,29
920,2050,3551,502,407
921,2050,180,6,22
922,2050,788,131,180
923,2050,708,112,174
924,2050,92,9,20
925,2050,499,31,81
926,2050,242,11,46
927,2050,605,38,88
928,2050,93,16,14
929,2050,937,115,225
930,2050,132,8,24
931,2050,338,25,57
932,2050,469,84,132
933,2050,321,43,90
934,2050,2113,223,462
935,2050,111,14,20
936,2050,1265,213,281
937,2050,206,13,41
938,2050,1334,52,338
939,2050,277,58,65
940,2050,262,10,93
941,2050,2462,324,520
942,2050,352,58,114
943,2050,530,65,118
944,2050,307,11,103
945,2050,828,35,114
946,2050,326,40,68
947,2050,160,16,25
948,2050,496,15,112
949,2050,1196,65,361
950,2050,594,50,219
951,2050,930,110,228
952,2050,346,30,47
953,2050,402,36,117
954,2050,4158,88,572
955,2050,172,16,45
956,2050,1144,142,465
957,2050,300,17,64
958,2050,113,44,33
959,2050,739,234,105
960,2050,1139,91,245
961,2050,150,7,33
962,2050,81,3,28
963,2050,1199,88,254
964,2050,322,22,91
965,2050,166,31,66
966,2050,65,5,20
967,2050,259,19,43
968,2050,3198,24,402
969,2050,1372,75,341
970,2050,110,9,30
971,2050,806,23,169
972,2050,87,11,21
973,2050,1952,102,480
974,2050,132,12,47
975,2050,637,29,347
976,2050,473,63,151
977,2050,132,5,46
978,2050,87,6,29
979,2050,871,24,90
980,2050,76,3,39
981,2050,609,24,68
982,2050,263,15,47
983,2050,407,54,106
984,2050,1470,100,382
985,2050,216,7,86
986,2050,283,44,83
987,2050,123,11,38
988,2050,334,20,80
989,2050,1919,216,548
990,2050,208,20,62
991,2050,509,48,152
992,2050,370,35,110
993,2050,580,46,191
994,2050,167,5,83
995,2050,304,42,93
996,2050,493,49,144
997,2050,287,5,169
998,2050,337,50,109
999,2050,321,6,59
1000,2050,5144,586,889
1001,2050,283,16,76
1002,2050,626,81,274
1003,2050,169,21,52
1004,2050,131,7,36
1005,2050,3031,109,487
1006,2050,798,19,76
1007,2050,86,7,35
1008,2050,247,23,85
1009,2050,1373,26,333
1010,2050,504,11,41
1011,2050,112,2,9
1012,2050,217,26,71
1013,2050,119,6,43
1014,2050,399,12,84
1015,2050,995,187,327
1016,2050,123,1,35
1017,2050,640,41,196
1018,2050,816,113,321
1019,2050,169,15,40
1020,2050,295,18,52
1021,2050,200,10,50
1022,2050,970,0,221
1023,2050,3442,257,509
1024,2050,1639,122,242
1025,2050,967,72,143
1026,2050,1180,88,175
1027,2050,443,33,65
1028,2050,344,26,51
1029,2050,411,43,64
1030,2050,553,57,86
1031,2050,472,49,73
1032,2050,55,10,3
1033,2050,1319,240,84
1034,2050,151,1,12
1035,2050,4928,39,419
1036,2050,1001,28,85
1037,2050,200,1,19
1038,2050,46,1,15
1039,2050,7404,87,4639
1040,2050,698,4,191
1041,2050,2551,12,558
1042,2050,946,57,355
1043,2050,1642,15,301
1044,2050,1391,149,434
1045,2050,514,70,147
1046,2050,299,33,79
1047,2050,2055,123,440
1048,2050,290,23,73
1049,2050,1434,138,475
1050,2050,264,28,65
1051,2050,452,45,120
1052,2050,241,20,75
1053,2050,261,14,52
1054,2050,130,9,45
1055,2050,643,5,51
1056,2050,467,34,86
1057,2050,1986,120,840
1058,2050,200,25,62
1059,2050,489,57,143
1060,2050,230,27,67
1061,2050,216,25,63
1062,2050,1216,141,356
1063,2050,551,4,55
1064,2050,81,1,6
1065,2050,73,1,6
1066,2050,295,51,72
1067,2050,251,24,89
1068,2050,2071,109,616
1069,2050,510,48,129
1070,2050,905,93,336
1071,2050,245,23,69
1072,2050,1127,113,203
1073,2050,6861,20,1042
1074,2050,400,36,123
1075,2050,246,14,82
1076,2050,221,12,96
1077,2050,2348,36,1449
1078,2050,949,63,184
1079,2050,119,9,22
1080,2050,297,22,62
1081,2050,4295,750,686
1082,2050,1461,255,233
1083,2050,263,47,41
1084,2050,463,81,74
1085,2050,233,41,37
1086,2050,991,177,156
1087,2050,457,79,76
1088,2050,410,71,69
1089,2050,192,33,32
1090,2050,5209,457,1026
1091,2050,570,15,205
1092,2050,1108,89,187
1093,2050,1940,73,411
1094,2050,548,34,111
1095,2050,354,13,51
1096,2050,1640,88,465
1097,2050,2259,101,384
1098,2050,1030,20,138
1099,2050,1139,12,46
1100,2050,1314,54,99
1101,2050,1873,177,559
1102,2050,690,198,124
1103,2050,416,39,124
1104,2050,645,164,144
1105,2050,324,0,182
1106,2050,128,0,19
1107,2050,535,57,99
1108,2050,49,5,9
1109,2050,332,25,118
1110,2050,756,58,219
1111,2050,7153,219,1427
1112,2050,106,4,12
1113,2050,97,8,24
1114,2050,110,5,13
1115,2050,390,5,62
1116,2050,364,7,150
1117,2050,956,37,204
1118,2050,411,62,177
1119,2050,96,4,4
1120,2050,167,4,10
1121,2050,854,22,151
1122,2050,129,8,59
1123,2050,128,7,28
1124,2050,167,21,44
1125,2050,713,63,147
1126,2050,182,15,73
1127,2050,275,18,85
1128,2050,310,24,132
1129,2050,244,18,104
1130,2050,561,44,161
1131,2050,320,30,108
1132,2050,500,37,129
1133,2050,368,35,96
1134,2050,3192,137,640
1135,2050,385,96,81
1136,2050,337,32,65
1137,2050,343,26,149
1138,2050,84,2,38
1139,2050,339,71,109
1140,2050,5881,478,289
1141,2050,299,19,205
1142,2050,132,0,73
1143,2050,470,74,236
1144,2050,177,16,133
1145,2050,655,43,152
1146,2050,29,2,14
1147,2050,1124,323,49
1148,2050,1890,695,683
1149,2050,547,120,167
1150,2050,132,22,66
1151,2050,267,19,193
1152,2050,2083,251,72
1153,2050,229,0,126
1154,2050,171,0,114
1155,2050,667,70,381
1156,2050,130,34,46
1157,2050,1893,139,644
1158,2050,184,6,68
1159,2050,823,36,113
1160,2050,101,8,30
1161,2050,820,26,261
1162,2050,335,17,85
1163,2050,1095,0,231
1164,2050,928,0,136
1165,2050,162,15,48
1166,2050,2034,192,607
1167,2050,414,20,104
1168,2050,129,10,38
1169,2050,561,45,165
1170,2050,206,16,61
1171,2050,450,90,83
1172,2050,744,148,137
1173,2050,796,158,146
1174,2050,1072,213,197
1175,2050,3200,637,587
1176,2050,1886,580,412
1177,2050,455,37,75
1178,2050,398,37,108
1179,2050,160,9,25
1180,2050,382,37,107
1181,2050,325,31,65
1182,2050,312,27,120
1183,2050,234,19,62
1184,2050,90,5,15
1185,2050,179,9,46
1186,2050,4908,117,2899
1187,2050,288,23,72
1188,2050,377,33,80
1189,2050,553,52,177
1190,2050,331,31,123
1191,2050,218,22,41
1192,2050,155,18,31
1193,2050,1680,91,678
1194,2050,320,17,73
1195,2050,4845,12,79
1196,2050,283,57,92
1197,2050,263,22,88
1198,2050,199,7,50
1199,2050,2513,214,737
1200,2050,530,32,221
1201,2050,249,22,82
1202,2050,350,34,101
1203,2050,160,3,36
1204,2050,128,0,30
1205,2050,257,57,35
1206,2050,162,16,72
1207,2050,285,23,117
1208,2050,295,9,114
1209,2050,85,10,24
1210,2050,391,30,138
1211,2050,718,72,222
1212,2050,367,39,90
1213,2050,78,6,20
1214,2050,183,2,7
1215,2050,208,20,62
1216,2050,51,4,8
1217,2050,149,9,21
1218,2050,659,26,264
1219,2050,123,17,38
1220,2050,77,3,17
1221,2050,154,15,47
1222,2050,1210,156,320
1223,2050,237,17,57
1224,2050,94,7,14
1225,2050,8,1,1
1226,2050,61,6,7
1227,2050,315,31,39
1228,2050,50,6,8
1229,2050,10572,79,6875
1230,2050,6105,263,3204
1231,2050,1410,26,134
1232,2050,108,3,41
1233,2050,486,13,100
1234,2050,3349,30,1572
1235,2050,154,15,55
1236,2050,3389,451,1237
1237,2050,110,6,42
1238,2050,186,20,67
1239,2050,127,8,34
1240,2050,817,52,282
1241,2050,73,2,21
1242,2050,390,75,124
1243,2050,51,6,20
1244,2050,85,11,19
1245,2050,168,8,41
1246,2050,296,15,60
1247,2050,96,4,26
1248,2050,1289,54,331
1249,2050,855,60,178
1250,2050,1149,47,237
1251,2050,112,7,21
1252,2050,712,125,290
1253,2050,325,59,114
1254,2050,249,24,86
1255,2050,92,7,40
1256,2050,212,1,57
1257,2050,360,28,82
1258,2050,183,9,46
1259,2050,135,20,44
1260,2050,347,33,104
1261,2050,912,40,138
1262,2050,589,26,89
1263,2050,31,0,10
1264,2050,17,0,6
1265,2050,663,42,185
1266,2050,2127,77,403
1267,2050,1537,189,416
1268,2050,396,31,57
1269,2050,908,24,263
1270,2050,516,34,107
1271,2050,392,9,137
1272,2050,335,29,129
1273,2050,1317,41,604
1274,2050,2049,33,835
1275,2050,99,7,17
1276,2050,8346,106,4643
1277,2050,868,272,216
1278,2050,296,49,48
1279,2050,758,67,254
1280,2050,282,10,58
1281,2050,100,3,23
1282,2050,214,14,53
1283,2050,128,5,33
1284,2050,198,9,54
1285,2050,2430,232,509
1286,2050,7111,323,1012
1287,2050,1280,60,289
1288,2050,2825,187,1237
1289,2050,289,18,46
1290,2050,255,15,64
1291,2050,401,11,87
1292,2050,1322,60,256
1293,2050,96,1,2
1294,2050,435,0,19
1295,2050,48,4,17
1296,2050,1891,69,115
1297,2050,394,35,166
1298,2050,67,6,28
1299,2050,137,8,25
1300,2050,237,6,40
1301,2050,1749,50,666
1302,2050,793,51,264
1303,2050,961,60,304
1304,2050,9,1,2
1305,2050,159,9,52
1306,2050,65,4,21
1307,2050,9,1,2
1308,2050,1782,36,213
1309,2050,271,16,88
1310,2050,1481,157,391
1311,2050,1002,106,265
1312,2050,2285,46,274
1313,2050,546,11,65
1314,2050,594,63,157
1315,2050,1449,29,174
1316,2050,1002,106,265
1317,2050,126,7,41
1318,2050,1277,135,337
1319,2050,294,23,58
1320,2050,247,29,70
1321,2050,947,119,349
1322,2050,143,8,49
1323,2050,314,56,49
1324,2050,1443,238,235
1325,2050,1532,230,510
1326,2050,289,9,42
1327,2050,250,5,17
1328,2050,383,10,35
1329,2050,1530,190,421
1330,2050,4503,504,1407
1331,2050,3389,105,808
1332,2050,263,14,62
1333,2050,1828,193,535
1334,2050,398,79,73
1335,2050,60,0,15
1336,2050,60,0,15
1337,2050,60,0,15
1338,2050,652,70,129
1339,2050,1230,50,235
1340,2050,7202,494,1874
1341,2050,231,8,67
1342,2050,1113,242,268
1343,2050,523,52,138
1344,2050,269,49,76
1345,2050,232,15,54
1346,2050,171,4,45
1347,2050,2050,196,575
1348,2050,4431,439,452
1349,2050,2415,670,605
1350,2050,1177,193,249
1351,2050,2845,577,436
1352,2050,294,37,63
1353,2050,318,38,57
1354,2050,717,45,126
1355,2050,805,89,154
1356,2050,7621,159,3308
1357,2050,11432,765,2888
1358,2050,510,48,130
1359,2050,176,10,44
1360,2050,1258,180,334
1361,2050,3457,885,747
1362,2050,485,16,141
1363,2050,690,37,104
1364,2050,233,6,53
1365,2050,1401,132,378
1366,2050,299,26,58
1367,2050,1368,86,267
1368,2050,610,11,50
1369,2050,361,10,67
1370,2050,751,57,162
1371,2050,11296,569,4621
1372,2050,658,57,187
1373,2050,817,50,238
1374,2050,914,124,223
1375,2050,1343,103,215
1376,2050,2245,266,541
1377,2050,6732,535,1412
1378,2050,230,4,43
1379,2050,878,118,213
1380,2050,269,22,61
1381,2050,1510,135,451
1382,2050,2089,187,444
1383,2050,6012,661,1210
1384,2050,337,27,73
1385,2050,1216,93,234
1386,2050,1625,251,393
1387,2050,151,4,54
1388,2050,77,2,14
1389,2050,110,6,24
1390,2050,4384,371,798
1391,2050,473,45,75
1392,2050,282,24,52
1393,2050,1118,69,261
1394,2050,2863,14,626
1395,2050,5335,386,1434
1396,2050,366,12,57
1397,2050,145,11,28
1398,2050,890,70,294
1399,2050,660,57,200
1400,2050,1050,135,280
1401,2050,117,8,30
1402,2050,817,50,376
1403,2050,243,15,67
1404,2050,66,7,16
1405,2050,429,57,117
1406,2050,1919,76,277
1407,2050,1745,317,111
1408,2050,475,105,87
1409,2050,1180,88,175
1410,2050,101,18,16
1411,2050,435,78,69
1412,2050,556,54,68
1413,2050,333,58,53
1414,2050,606,45,90
1415,2050,512,53,79
1416,2050,422,73,68
1417,2050,275,48,44
1418,2050,648,18,120
1419,2050,545,37,91
1420,2050,1431,151,343
1421,2050,379,25,88
1422,2050,2854,26,1124
1423,2050,227,23,52
1424,2050,370,35,110
1425,2050,54223,2493,20098
1426,2050,21851,274,7110
1427,2050,8200,178,4674
1428,2050,3306,142,1204
1429,2050,197,10,50
1430,2050,801,33,164
1431,2050,2021,233,760
1432,2050,107,16,42
1433,2050,1209,51,122
1434,2050,139,6,21
1435,2050,380,30,81
1436,2050,360,25,140
1437,2050,99,3,46
1438,2050,554,22,109
1439,2050,2573,297,977
1440,2050,186,36,36
1441,2050,76,15,15
1442,2050,232,20,44
1443,2050,134,24,44
1444,2050,216,25,42
1445,2050,437,54,131
1446,2050,285,28,77
1447,2050,3268,80,464
1448,2050,113,12,36
1449,2050,1119,38,232
1450,2050,324,38,92
1451,2050,362,13,50
1452,2050,14030,115,9057
1453,2050,712,37,379
1454,2050,1128,171,341
1455,2050,92,2,21
1456,2050,351,14,164
1457,2050,209,6,99
1458,2050,628,59,183
1459,2050,583,83,225
1460,2050,56,0,21
1461,2050,34445,725,20741
1462,2050,109,9,41
1463,2050,2005,85,452
1464,2050,303,17,46
1465,2050,198,7,51
1466,2050,651,53,164
1467,2050,227,15,65
1468,2050,721,26,90
1469,2050,1236,40,360
1470,2050,587,23,156
1471,2050,3756,243,682
1472,2050,3292,113,321
1473,2050,315,14,57
1474,2050,5397,361,1677
1475,2050,632,35,141
1476,2050,799,52,192
1477,2050,138,21,24
1478,2050,347,32,101
1479,2050,389,24,55
1480,2050,314,50,91
1481,2050,66,2,21
1482,2050,460,35,154
1483,2050,3003,172,573
1484,2050,473,28,91
1485,2050,380,26,100
1486,2050,492,41,191
1487,2050,299,19,103
1488,2050,11248,149,1902
1489,2050,3802,124,1409
1490,2050,712,62,241
1491,2050,600,49,130
1492,2050,4970,96,1736
1493,2050,422,16,87
1494,2050,172,16,61
1495,2050,2140,19,1004
1496,2050,175,18,55
1497,2050,250,1,90
1498,2050,1022,51,106
1499,2050,897,27,49
1500,2050,271,1,200
1501,2050,270,16,40
1502,2050,242,16,63
1503,2050,549,125,173
1504,2050,31,8,8
1505,2050,31,0,4
1506,2050,2312,247,577
1507,2050,1486,146,272
1508,2050,178,16,45
1509,2050,270,40,93
1510,2050,1086,106,320
1511,2050,187,16,75
1512,2050,127,9,30
1513,2050,854,48,185
1514,2050,367,21,113
1515,2050,286,51,74
1516,2050,1350,123,373
1517,2050,736,21,162
1518,2050,213,22,65
1519,2050,168,0,38
1520,2050,160,4,58
1521,2050,175,33,52
1522,2050,1368,22,118
1523,2050,163,4,37
1524,2050,131,29,34
1525,2050,349,8,219
1526,2050,1029,89,225
1527,2050,697,52,154
1528,2050,194,17,51
1529,2050,304,53,48
1530,2050,289,51,46
1531,2050,506,88,81
1532,2050,1851,323,296
1533,2050,130,23,21
1534,2050,463,81,74
1535,2050,524,39,78
1536,2050,492,37,73
1537,2050,1295,96,192
1538,2050,1344,100,199
1539,2050,705,53,104
1540,2050,438,21,60
1541,2050,2251,408,514
1542,2050,275,29,73
1543,2050,940,100,248
1544,2050,33465,2660,11954
1545,2050,227,19,79
1546,2050,160,12,31
1547,2050,101,3,48
1548,2050,4941,64,2935
1549,2050,33,1,10
1550,2050,1833,97,842
1551,2050,1270,91,702
1552,2050,661,54,227
1553,2050,130,23,21
1554,2050,159,28,25
1555,2050,107,18,18
1556,2050,53,9,9
1557,2050,458,0,26
1558,2050,328,24,48
1559,2050,179,17,22
1560,2050,443,33,65
1561,2050,260,54,120
1562,2050,1603,155,372
1563,2050,1291,43,251
1564,2050,497,46,140
1565,2050,6634,589,2439
1566,2050,5196,101,1682
1567,2050,403,47,130
1568,2050,15120,349,4443
1569,2050,374,39,58
1570,2050,282,47,46
1571,2050,142,23,23
1572,2050,75,12,12
1573,2050,63,10,10
1574,2050,48,8,8
1575,2050,463,81,74
1576,2050,405,71,65
1577,2050,419,73,67
1578,2050,734,77,202
1579,2050,289,38,90
1580,2050,284,26,85
1581,2050,2083,407,640
1582,2050,7018,234,2331
1583,2050,230,10,40
1584,2050,35,4,9
1585,2050,27,3,7
1586,2050,9,1,2
1587,2050,9,1,2
1588,2050,263,3,106
1589,2050,117,4,22
1590,2050,168,3,93
1591,2050,936,334,31
1592,2050,77,0,7
1593,2050,12905,391,3761
1594,2050,914,39,222
1595,2050,199,10,43
1596,2050,65,3,21
1597,2050,66,2,8
1598,2050,591,36,98
1599,2050,6088,10,230
1600,2050,105,3,49
1601,2050,517,29,328
1602,2050,802,218,284
1603,2050,580,4,52
1604,2050,66,10,16
1605,2050,131,0,32
1606,2050,352,15,53
1607,2050,161,12,42
1608,2050,542,18,114
1609,2050,245,20,70
1610,2050,215,7,19
1611,2050,3246,547,940
1612,2050,402,48,48
1613,2050,551,7,93
1614,2050,53,6,14
1615,2050,27,3,7
1616,2050,1915,203,506
1617,2050,80,8,21
1618,2050,382,156,71
1619,2050,168,12,58
1620,2050,1717,91,607
1621,2050,647,34,245
1622,2050,422,37,167
1623,2050,350,7,163
1624,2050,120,11,45
1625,2050,503,19,147
1626,2050,163,19,32
1627,2050,482,27,85
1628,2050,382,22,64
1629,2050,886,51,146
1630,2050,19290,356,8762
1631,2050,1933,195,602
1632,2050,698,87,276
1633,2050,913,81,276
1634,2050,98,11,21
1635,2050,74,10,16
1636,2050,1072,146,189
1637,2050,83,7,15
1638,2050,239,31,65
1639,2050,11929,311,2349
1640,2050,344,83,107
1641,2050,673,79,173
1642,2050,478,50,147
1643,2050,570,57,89
1644,2050,336,28,65
1645,2050,5190,928,950
1646,2050,228,27,38
1647,2050,153,18,26
1648,2050,105,6,25
1649,2050,230,32,48
1650,2050,68,7,19
1651,2050,60,9,13
1652,2050,617,122,125
1653,2050,269,22,24
1654,2050,1042,113,215
1655,2050,267,14,41
1656,2050,595,26,125
1657,2050,1065,82,154
1658,2050,4255,247,517
1659,2050,948,82,153
1660,2050,312,26,60
1661,2050,3125,58,1214
1662,2050,428,33,93
1663,2050,158,14,38
1664,2050,5394,432,500
1665,2050,3590,55,422
1666,2050,1067,115,220
1667,2050,364,46,72
1668,2050,120,15,24
1669,2050,218,24,38
1670,2050,248,46,50
1671,2050,121,8,37
1672,2050,411,20,63
1673,2050,856,8,58
1674,2050,117,16,21
1675,2050,803,164,151
1676,2050,227,32,54
1677,2050,2203,153,423
1678,2050,126,15,19
1679,2050,411,39,133
1680,2050,601,87,110
1681,2050,1000,79,191
1682,2050,120,17,24
1683,2050,120,15,18
1684,2050,196,7,12
1685,2050,300,32,48
1686,2050,231,25,59
1687,2050,602,40,149
1688,2050,440,24,63
1689,2050,165,13,18
1690,2050,515,69,96
1691,2050,237,32,44
1692,2050,216,16,70
1693,2050,933,50,374
1694,2050,394,17,48
1695,2050,84,10,14
1696,2050,202,26,45
1697,2050,1495,333,317
1698,2050,147,9,43
1699,2050,935,29,114
1700,2050,3053,325,541
1701,2050,48,6,7
1702,2050,1021,154,284
1703,2050,4769,805,1150
1704,2050,1493,136,203
1705,2050,388,12,94
1706,2050,1381,16,201
1707,2050,1551,21,120
1708,2050,952,72,155
1709,2050,347,16,36
1710,2050,1217,50,90
1711,2050,2643,39,86
1712,2050,1176,108,309
1713,2050,126,14,36
1714,2050,413,21,134
1715,2050,156,9,31
1716,2050,1178,108,436
1717,2050,164,23,42
1718,2050,1432,113,317
1719,2050,3104,103,351
