"Geo","Year","D3bpo4"
1,2019,37.118869
2,2019,45.555841
3,2019,21.78765
4,2019,45.02113
5,2019,8.698616
6,2019,16.134388
7,2019,63.190741
8,2019,68.518579
9,2019,39.164657
10,2019,11.72423
11,2019,17.761916
12,2019,19.079102
13,2019,1.469518
14,2019,9.398207
15,2019,25.738666
16,2019,16.611379
17,2019,3.336327
18,2019,0.897642
19,2019,59.056855
20,2019,41.578443
21,2019,44.624741
22,2019,17.192132
23,2019,10.34498
24,2019,6.572263
25,2019,16.228052
27,2019,1.150398
29,2019,2.169487
30,2019,5.658236
31,2019,25.495329
32,2019,45.049876
33,2019,7.856693
34,2019,15.111014
35,2019,9.24954
36,2019,6.411402
37,2019,9.101379
38,2019,10.928386
39,2019,10.159183
40,2019,14.059901
41,2019,28.642515
42,2019,20.232646
43,2019,76.459755
44,2019,8.904504
45,2019,17.65496
46,2019,3.32944
47,2019,5.071078
48,2019,5.726821
49,2019,4.136236
50,2019,16.302302
51,2019,5.669072
52,2019,6.947885
53,2019,4.205747
54,2019,8.49559
55,2019,21.496724
56,2019,10.340591
57,2019,10.614477
58,2019,22.548202
59,2019,3.850064
60,2019,15.56228
61,2019,53.254622
62,2019,11.254684
63,2019,35.876248
64,2019,55.837261
65,2019,3.256738
66,2019,68.59144
67,2019,9.254287
68,2019,0.105705
69,2019,0.752499
70,2019,20.131508
71,2019,38.118171
72,2019,5.727319
73,2019,11.920302
74,2019,2.606517
75,2019,6.480886
76,2019,4.509192
77,2019,45.335035
78,2019,32.760939
79,2019,15.359796
80,2019,7.929994
81,2019,3.2946
82,2019,2.378724
83,2019,1.601702
84,2019,1.105821
85,2019,7.229344
86,2019,1.043573
87,2019,2.167579
88,2019,0.537227
89,2019,0.192042
90,2019,0.438397
91,2019,0.7135
92,2019,0.62789
93,2019,1.144813
94,2019,5.011687
95,2019,1.591907
96,2019,11.591804
97,2019,12.021532
98,2019,46.759996
99,2019,41.104368
100,2019,30.489145
101,2019,9.315881
102,2019,49.878114
103,2019,0.602185
104,2019,10.938431
105,2019,8.49086
106,2019,1.486326
107,2019,0.277221
108,2019,5.27768
109,2019,0.263142
110,2019,7.087255
111,2019,10.404632
112,2019,17.349858
113,2019,9.441274
114,2019,15.157135
115,2019,5.212189
116,2019,7.672038
117,2019,13.79209
118,2019,9.911645
119,2019,16.118362
120,2019,24.487147
121,2019,5.099634
122,2019,35.346528
123,2019,2.986566
124,2019,38.7698
125,2019,22.621166
126,2019,3.214152
127,2019,5.790846
128,2019,9.461893
129,2019,7.422703
130,2019,6.191235
131,2019,11.628783
132,2019,8.00002
133,2019,48.853374
134,2019,0.344668
135,2019,0.411711
136,2019,29.31768
137,2019,2.85077
138,2019,0.071011
139,2019,48.087285
140,2019,0.312806
141,2019,0.086904
142,2019,0.66997
143,2019,0.108654
144,2019,0.432427
145,2019,1.839744
146,2019,7.886411
147,2019,0.27169
148,2019,0.33245
149,2019,0.446018
150,2019,9.529519
151,2019,0.128642
152,2019,0.437993
153,2019,4.23514
154,2019,28.450361
155,2019,1.52326
156,2019,1.337218
157,2019,4.354013
158,2019,5.842694
159,2019,1.016262
160,2019,0.607508
161,2019,1.999926
162,2019,13.242146
163,2019,0.942073
164,2019,0.547516
165,2019,12.753775
166,2019,14.814602
167,2019,25.373073
168,2019,2.255005
169,2019,4.931383
170,2019,8.743236
171,2019,14.204721
172,2019,11.030294
173,2019,31.31282
174,2019,12.789932
175,2019,20.90905
176,2019,6.741344
177,2019,7.283809
178,2019,15.063494
179,2019,6.540172
180,2019,57.75339
181,2019,5.69273
182,2019,32.715036
183,2019,7.533458
184,2019,16.281517
185,2019,22.333254
186,2019,21.069061
187,2019,10.055983
188,2019,3.589961
189,2019,9.084652
190,2019,39.879
191,2019,8.016951
192,2019,4.959053
193,2019,48.380013
194,2019,1.533398
195,2019,5.856256
196,2019,11.426352
197,2019,10.258569
198,2019,54.283843
199,2019,37.920706
200,2019,2.013555
201,2019,11.060758
202,2019,19.076388
203,2019,21.124105
204,2019,52.039918
205,2019,13.080706
206,2019,11.615132
207,2019,6.331734
208,2019,0.350135
209,2019,0.948794
210,2019,4.165689
211,2019,0.597921
212,2019,6.545282
213,2019,9.341504
214,2019,21.796061
215,2019,10.133995
216,2019,11.534533
217,2019,12.338749
218,2019,14.390259
219,2019,10.940385
220,2019,3.763108
221,2019,7.932851
222,2019,9.84872
223,2019,24.519201
224,2019,3.482449
225,2019,4.913188
226,2019,23.641063
227,2019,5.719875
228,2019,12.460824
229,2019,2.169487
230,2019,5.45888
231,2019,6.303774
232,2019,47.794679
233,2019,6.339411
234,2019,1.231626
235,2019,1.202733
236,2019,7.985991
237,2019,4.782559
238,2019,7.173839
239,2019,3.187356
240,2019,13.006121
241,2019,6.310073
242,2019,46.711893
243,2019,9.633068
244,2019,10.666617
245,2019,7.384561
246,2019,47.089322
247,2019,40.698653
248,2019,72.58406
249,2019,54.938091
250,2019,7.948264
251,2019,11.419816
252,2019,9.913616
253,2019,100.897094
254,2019,49.783746
255,2019,1.772075
256,2019,5.343966
257,2019,11.165946
258,2019,7.465605
259,2019,9.330749
260,2019,28.06194
261,2019,5.333243
262,2019,16.538536
263,2019,2.696794
264,2019,12.352752
265,2019,11.196461
266,2019,9.927267
267,2019,29.355603
268,2019,26.146582
269,2019,7.125655
270,2019,5.17077
271,2019,9.822151
272,2019,19.37625
273,2019,8.469904
274,2019,21.529102
275,2019,8.180864
276,2019,44.435547
277,2019,19.259697
278,2019,35.701089
279,2019,0.759068
280,2019,0.198833
281,2019,35.575513
282,2019,12.829084
283,2019,9.026097
284,2019,29.867966
285,2019,3.339425
286,2019,8.988996
287,2019,7.681621
288,2019,15.46382
289,2019,10.447033
290,2019,6.726553
291,2019,8.545781
292,2019,35.909632
293,2019,26.915934
294,2019,25.972724
295,2019,36.448812
296,2019,39.156722
297,2019,10.851568
298,2019,33.47124
299,2019,14.401144
300,2019,9.966586
301,2019,14.503362
302,2019,9.836127
303,2019,11.509647
304,2019,1.103699
306,2019,30.770333
307,2019,15.673254
308,2019,19.504387
309,2019,14.659021
310,2019,8.247792
311,2019,5.481531
312,2019,33.948373
313,2019,11.945275
314,2019,2.51564
315,2019,0.300099
316,2019,0.326162
317,2019,11.492259
318,2019,10.432932
319,2019,12.366109
320,2019,15.711243
321,2019,16.011942
322,2019,8.093189
323,2019,49.11142
324,2019,34.438454
325,2019,33.341719
326,2019,44.599139
328,2019,8.621067
329,2019,41.901659
330,2019,7.655879
333,2019,0.957814
334,2019,2.104726
335,2019,1.413865
336,2019,2.86846
337,2019,2.83113
338,2019,8.450059
339,2019,12.022631
340,2019,0.42159
341,2019,1.455326
342,2019,1.396027
343,2019,0.258196
344,2019,8.208576
345,2019,2.304612
346,2019,0.677365
347,2019,0.082274
348,2019,0.909196
349,2019,0.333882
350,2019,5.286553
351,2019,13.618635
352,2019,0.139385
354,2019,1.398928
355,2019,40.47235
356,2019,25.682157
357,2019,47.014714
358,2019,17.220358
359,2019,19.374428
360,2019,66.683523
361,2019,1.536432
362,2019,5.230671
363,2019,8.596704
364,2019,6.669329
365,2019,9.823818
366,2019,68.256745
367,2019,21.946666
368,2019,6.940398
369,2019,12.98979
370,2019,19.685546
371,2019,34.908289
372,2019,20.476162
373,2019,19.115894
374,2019,31.194648
375,2019,8.765038
376,2019,2.022953
377,2019,3.542123
378,2019,4.186169
379,2019,20.330357
380,2019,0.470761
382,2019,7.274352
383,2019,53.192355
385,2019,10.056268
386,2019,4.671982
387,2019,18.915988
388,2019,5.812211
389,2019,0.781181
390,2019,0.037512
391,2019,1.761767
392,2019,61.933993
393,2019,1.324133
394,2019,0.192086
395,2019,52.91748
396,2019,0.236262
398,2019,7.255961
399,2019,12.995951
400,2019,11.828971
401,2019,13.234547
402,2019,20.917236
404,2019,27.875278
405,2019,31.275917
406,2019,27.899355
407,2019,14.661918
408,2019,17.016006
409,2019,12.734436
410,2019,16.536853
411,2019,20.324485
412,2019,11.486454
413,2019,20.217257
414,2019,14.259555
415,2019,22.773794
416,2019,33.825722
417,2019,58.543828
418,2019,1.990356
419,2019,1.859483
420,2019,0.39701
421,2019,2.104596
422,2019,55.971908
423,2019,11.424974
424,2019,22.022199
425,2019,12.396877
426,2019,11.938318
427,2019,0.283071
428,2019,0.395614
429,2019,2.178889
430,2019,60.507599
431,2019,8.501188
432,2019,64.105868
433,2019,0.482746
434,2019,0.786322
435,2019,8.387234
436,2019,89.393311
437,2019,0.442497
438,2019,0.424156
439,2019,0.505532
440,2019,3.624954
441,2019,0.19961
442,2019,10.964601
443,2019,6.408945
444,2019,0.161849
445,2019,0.851855
446,2019,0.951204
447,2019,3.347074
448,2019,0.251235
452,2019,1.567403
453,2019,0.261074
454,2019,8.382199
455,2019,12.523662
456,2019,18.040503
457,2019,7.212985
458,2019,105.119364
459,2019,88.207333
460,2019,76.183139
461,2019,0.828901
462,2019,1.122544
463,2019,6.814069
464,2019,26.442191
465,2019,0.475246
466,2019,0.588875
467,2019,1.715465
468,2019,8.484093
469,2019,27.479514
470,2019,10.292163
471,2019,9.238619
472,2019,12.025534
473,2019,12.290171
474,2019,14.072205
475,2019,16.727437
476,2019,13.346552
477,2019,18.46664
478,2019,2.587086
479,2019,9.225888
480,2019,35.010895
481,2019,4.378725
482,2019,6.457405
483,2019,7.301588
484,2019,6.368825
485,2019,16.978656
486,2019,7.767288
487,2019,10.779785
488,2019,44.09753
489,2019,33.814496
490,2019,5.041573
491,2019,46.018798
492,2019,81.54996
493,2019,73.404046
494,2019,49.759717
495,2019,44.914509
496,2019,2.519361
497,2019,33.308407
498,2019,47.765465
499,2019,42.049551
500,2019,48.0428
501,2019,52.857463
502,2019,45.459386
503,2019,33.697924
504,2019,42.628611
505,2019,45.830298
506,2019,37.584738
507,2019,24.80566
508,2019,21.456244
509,2019,12.673263
510,2019,33.215144
511,2019,50.651029
512,2019,33.613862
513,2019,54.18205
514,2019,64.491398
515,2019,3.689529
516,2019,5.990974
517,2019,14.080447
518,2019,12.541777
519,2019,5.406491
520,2019,25.010036
522,2019,48.000495
523,2019,13.383124
524,2019,38.793367
525,2019,43.694657
526,2019,26.357718
527,2019,47.041838
528,2019,55.558301
529,2019,77.063044
530,2019,3.912705
531,2019,0.106619
533,2019,42.498508
534,2019,1.369992
535,2019,37.381812
536,2019,74.426688
537,2019,0.07456
538,2019,63.969073
539,2019,0.23253
540,2019,1.208956
541,2019,83.962669
542,2019,35.937508
543,2019,7.625833
544,2019,8.07111
545,2019,69.968707
546,2019,75.047746
547,2019,10.341965
548,2019,19.2328
549,2019,72.788999
550,2019,57.860839
551,2019,56.119115
552,2019,46.236493
553,2019,44.227497
554,2019,7.21688
555,2019,2.520765
556,2019,5.66172
557,2019,6.762157
558,2019,5.793256
559,2019,9.341332
560,2019,2.238571
561,2019,5.413849
562,2019,3.680805
563,2019,2.655513
564,2019,5.410001
565,2019,9.807934
566,2019,19.676187
567,2019,6.086315
568,2019,29.290739
569,2019,9.787282
570,2019,11.203052
571,2019,10.100956
572,2019,11.404194
573,2019,14.454745
574,2019,10.98958
575,2019,10.403126
576,2019,90.539201
577,2019,108.71645
578,2019,54.497357
579,2019,83.823262
580,2019,88.689505
581,2019,28.856932
582,2019,58.475464
583,2019,68.94643
584,2019,52.246869
585,2019,60.215534
586,2019,69.182498
587,2019,7.859133
588,2019,10.835462
589,2019,16.693938
590,2019,13.892669
591,2019,5.929484
592,2019,9.792964
593,2019,9.371529
594,2019,6.164607
595,2019,33.406818
596,2019,22.520524
597,2019,33.231453
598,2019,81.328217
599,2019,2.49286
600,2019,4.440959
601,2019,17.157817
602,2019,19.975385
603,2019,4.220157
604,2019,28.134036
606,2019,4.582446
607,2019,7.284423
608,2019,7.517882
610,2019,6.745875
611,2019,6.360618
612,2019,7.487204
613,2019,6.559476
614,2019,6.360618
615,2019,6.709651
616,2019,5.506159
617,2019,2.808775
618,2019,20.523137
619,2019,0.058185
620,2019,8.488285
621,2019,10.565789
623,2019,1.084643
624,2019,4.044757
625,2019,4.745409
627,2019,6.407933
628,2019,6.360618
629,2019,10.943491
630,2019,2.482188
631,2019,4.476789
638,2019,8.051076
643,2019,4.677695
644,2019,18.792304
647,2019,8.207538
648,2019,9.096497
649,2019,7.764313
650,2019,18.798656
652,2019,8.522571
654,2019,11.420711
656,2019,0.167123
657,2019,7.685248
658,2019,9.723364
661,2019,11.420711
662,2019,3.732221
663,2019,11.411656
664,2019,14.10624
665,2019,4.745409
666,2019,11.148454
667,2019,0.176531
668,2019,7.528582
669,2019,12.679792
670,2019,48.355091
672,2019,17.776409
673,2019,4.900064
674,2019,5.944082
675,2019,34.268443
676,2019,33.011602
677,2019,44.707336
678,2019,48.227121
679,2019,37.180333
680,2019,56.981551
681,2019,9.418586
682,2019,6.017713
683,2019,19.368238
684,2019,0.870934
685,2019,17.886286
686,2019,14.532811
687,2019,8.088918
688,2019,15.678318
689,2019,15.96681
690,2019,17.348187
691,2019,7.400156
692,2019,35.081922
693,2019,51.220257
694,2019,49.674248
695,2019,19.362432
696,2019,29.548609
697,2019,47.810798
698,2019,15.008137
699,2019,7.425134
700,2019,1.88182
701,2019,17.670451
702,2019,64.367565
703,2019,55.815804
704,2019,43.497178
705,2019,50.670985
706,2019,33.846566
707,2019,47.789773
708,2019,53.995088
709,2019,1.120131
710,2019,64.989191
711,2019,1.022593
712,2019,6.655749
714,2019,24.004985
715,2019,1.141901
716,2019,59.568686
717,2019,47.519328
718,2019,40.831916
719,2019,91.32543
720,2019,77.796148
721,2019,81.971959
722,2019,12.067652
723,2019,10.196027
724,2019,34.818088
725,2019,9.314758
726,2019,32.093667
728,2019,11.221992
729,2019,11.921652
730,2019,9.168703
731,2019,19.072347
732,2019,12.084791
733,2019,11.865527
734,2019,48.789293
735,2019,41.138517
736,2019,56.598366
737,2019,36.003858
739,2019,15.932629
740,2019,60.698231
741,2019,39.857421
742,2019,26.714457
743,2019,1.01486
744,2019,44.203164
745,2019,47.15117
746,2019,7.243451
747,2019,23.331556
748,2019,2.669468
749,2019,42.542644
750,2019,2.5411
751,2019,104.076051
752,2019,0.227833
753,2019,6.543958
754,2019,0.734803
755,2019,3.943677
756,2019,0.430844
757,2019,2.702976
758,2019,9.258125
759,2019,18.696388
760,2019,20.188037
761,2019,17.213523
762,2019,30.192403
763,2019,27.90342
764,2019,29.684776
765,2019,2.148808
766,2019,44.867366
767,2019,58.006136
768,2019,58.304078
769,2019,7.075139
770,2019,31.985563
771,2019,39.017782
772,2019,52.736971
773,2019,36.461124
774,2019,18.647649
775,2019,27.213567
776,2019,15.093177
777,2019,16.253647
778,2019,18.951957
779,2019,37.979436
780,2019,39.582699
781,2019,52.533323
782,2019,50.194724
783,2019,51.543289
784,2019,61.677194
785,2019,8.974008
786,2019,7.159779
787,2019,0.056163
788,2019,0.093362
789,2019,1.148532
790,2019,32.880247
791,2019,4.829838
792,2019,35.23522
793,2019,19.981787
794,2019,56.485941
795,2019,26.637097
796,2019,44.76212
797,2019,19.814535
798,2019,34.855791
799,2019,23.033574
800,2019,9.32712
801,2019,0.586064
802,2019,0.118085
803,2019,4.913188
804,2019,9.595448
805,2019,2.848997
806,2019,2.42566
807,2019,9.007055
808,2019,0.027651
809,2019,0.590027
810,2019,1.502842
811,2019,40.693574
812,2019,2.227646
813,2019,0.271753
814,2019,1.602169
815,2019,29.074757
816,2019,61.552267
817,2019,19.072075
818,2019,15.293378
819,2019,32.518819
820,2019,41.287483
821,2019,42.534912
822,2019,32.770902
823,2019,41.814247
824,2019,33.620771
825,2019,45.510795
826,2019,37.449881
827,2019,7.165037
828,2019,31.306872
829,2019,7.414972
830,2019,16.60104
831,2019,13.465684
832,2019,1.292423
833,2019,0.777877
834,2019,25.930304
835,2019,12.452732
836,2019,0.193667
837,2019,0.024352
838,2019,0.017427
839,2019,45.077872
840,2019,95.942251
841,2019,91.296898
842,2019,73.44541
843,2019,6.098829
844,2019,66.006315
845,2019,82.193395
846,2019,4.092259
847,2019,7.092857
848,2019,45.59105
849,2019,19.391846
850,2019,6.015619
851,2019,16.439787
852,2019,0.224051
853,2019,15.31485
854,2019,0.61913
855,2019,0.211033
856,2019,0.304625
857,2019,41.316793
858,2019,8.883316
859,2019,7.227453
860,2019,15.809924
861,2019,8.540686
862,2019,12.522724
863,2019,15.248806
864,2019,12.660062
865,2019,8.405238
866,2019,25.637299
867,2019,26.978205
868,2019,5.602854
869,2019,6.180313
870,2019,3.645905
871,2019,33.341719
872,2019,23.870443
873,2019,40.02533
874,2019,14.286528
875,2019,21.402714
876,2019,27.414241
877,2019,15.053782
878,2019,33.105032
879,2019,29.309625
880,2019,0.47679
881,2019,18.395013
882,2019,27.173906
883,2019,45.286813
884,2019,37.330622
885,2019,21.592992
886,2019,4.968234
887,2019,4.456246
888,2019,9.675167
889,2019,6.273138
890,2019,3.511917
891,2019,3.802543
892,2019,33.466925
893,2019,5.795338
894,2019,4.012959
895,2019,10.229666
896,2019,10.828309
897,2019,1.165651
898,2019,45.258365
899,2019,66.112975
900,2019,21.290393
901,2019,26.612992
902,2019,27.684141
903,2019,29.150461
904,2019,70.05594
905,2019,27.511329
906,2019,48.477412
907,2019,37.655803
908,2019,2.390875
909,2019,2.528018
910,2019,36.609185
911,2019,4.233209
912,2019,5.352207
913,2019,10.346139
914,2019,7.171005
915,2019,5.600727
916,2019,6.927065
917,2019,13.037834
918,2019,8.952284
919,2019,11.206362
920,2019,4.140437
921,2019,13.122437
922,2019,2.531996
923,2019,3.278538
924,2019,4.552582
925,2019,8.406937
926,2019,8.864277
927,2019,7.59835
928,2019,6.495354
929,2019,0.716613
930,2019,8.126018
931,2019,0.767649
932,2019,20.428237
933,2019,2.362791
934,2019,1.145181
935,2019,1.130491
936,2019,0.701023
937,2019,14.479972
938,2019,15.065112
939,2019,14.884954
940,2019,13.163553
941,2019,4.370147
942,2019,0.550385
943,2019,1.28704
944,2019,2.136411
945,2019,0.876279
946,2019,1.860223
948,2019,14.12153
949,2019,9.569521
950,2019,21.183522
951,2019,58.850687
952,2019,34.819707
953,2019,47.802095
954,2019,6.817738
955,2019,7.215646
956,2019,13.538411
957,2019,7.351126
958,2019,70.816913
959,2019,0.517826
960,2019,24.028123
961,2019,10.109003
962,2019,12.293556
963,2019,13.273724
964,2019,13.766638
965,2019,51.332591
966,2019,4.692087
967,2019,6.851472
968,2019,36.189469
969,2019,17.648126
970,2019,36.867209
971,2019,0.782121
972,2019,41.787783
973,2019,9.415544
974,2019,36.038213
975,2019,31.394602
976,2019,52.471237
977,2019,20.265517
978,2019,29.366165
979,2019,9.979897
980,2019,10.089966
981,2019,36.945909
982,2019,22.743287
983,2019,14.689299
984,2019,7.274327
985,2019,22.197195
986,2019,7.172942
987,2019,15.06816
988,2019,14.352585
989,2019,15.441403
990,2019,44.921636
991,2019,14.021592
992,2019,20.329417
993,2019,15.376663
994,2019,14.927174
995,2019,13.364965
996,2019,5.092858
997,2019,16.088826
998,2019,20.977609
999,2019,15.502333
1000,2019,9.881356
1001,2019,17.609627
1002,2019,8.822825
1003,2019,57.318104
1004,2019,22.274142
1005,2019,6.762157
1006,2019,12.125218
1007,2019,47.14172
1008,2019,34.19219
1009,2019,5.253368
1010,2019,21.356495
1011,2019,23.46728
1012,2019,18.206557
1013,2019,8.267665
1014,2019,38.899297
1015,2019,21.35064
1016,2019,10.717264
1017,2019,82.898823
1018,2019,11.536929
1019,2019,7.603345
1020,2019,3.678069
1021,2019,4.271615
1022,2019,5.741656
1023,2019,15.165826
1024,2019,19.744775
1025,2019,113.532298
1026,2019,49.437579
1027,2019,88.901451
1028,2019,140.556018
1029,2019,27.779129
1030,2019,72.83269
1031,2019,39.641689
1032,2019,17.896841
1033,2019,8.641977
1034,2019,43.808935
1035,2019,15.136079
1036,2019,25.776574
1037,2019,49.385055
1038,2019,8.991138
1039,2019,5.6111
1040,2019,6.400451
1041,2019,5.971206
1042,2019,35.249019
1043,2019,14.149686
1044,2019,7.948446
1045,2019,9.00617
1046,2019,14.739797
1047,2019,9.054697
1048,2019,47.683393
1049,2019,39.645439
1050,2019,10.327857
1051,2019,17.151812
1052,2019,11.408741
1053,2019,39.668704
1054,2019,8.881228
1055,2019,26.124107
1056,2019,19.58016
1057,2019,27.879583
1058,2019,57.471761
1059,2019,51.56474
1060,2019,51.196202
1061,2019,68.18919
1062,2019,37.399323
1063,2019,19.95597
1064,2019,49.612961
1065,2019,53.385365
1066,2019,11.508447
1067,2019,18.656463
1068,2019,13.152885
1069,2019,12.773065
1070,2019,27.23695
1071,2019,10.898148
1072,2019,15.630348
1073,2019,7.122072
1074,2019,17.171197
1075,2019,6.440272
1076,2019,14.321639
1077,2019,4.915763
1078,2019,12.927673
1079,2019,9.286152
1080,2019,39.519291
1081,2019,17.703931
1082,2019,2.557518
1083,2019,15.590065
1084,2019,68.29599
1085,2019,24.806289
1086,2019,21.091324
1087,2019,5.662769
1088,2019,28.890737
1089,2019,13.834747
1091,2019,11.018514
1092,2019,56.092949
1093,2019,21.940496
1094,2019,38.24199
1095,2019,40.854331
1096,2019,49.777133
1097,2019,62.508552
1099,2019,0.037512
1100,2019,0.61272
1101,2019,13.85552
1102,2019,1.663151
1103,2019,19.562022
1104,2019,1.547239
1105,2019,0.105028
1106,2019,6.887231
1107,2019,2.186774
1108,2019,3.76166
1109,2019,13.43441
1110,2019,12.303208
1111,2019,8.083115
1112,2019,53.002282
1113,2019,49.556377
1114,2019,59.064847
1115,2019,14.463307
1116,2019,7.416076
1117,2019,10.772958
1118,2019,54.867704
1119,2019,2.994829
1120,2019,8.475938
1121,2019,66.764926
1122,2019,71.329636
1123,2019,92.431104
1124,2019,65.395832
1125,2019,64.648689
1126,2019,32.96219
1127,2019,26.647017
1128,2019,57.970613
1129,2019,67.325889
1130,2019,5.095696
1131,2019,15.016739
1132,2019,10.267942
1133,2019,15.508991
1134,2019,21.180372
1135,2019,61.245671
1136,2019,55.999041
1138,2019,1.044487
1139,2019,25.243626
1141,2019,2.252279
1142,2019,9.172144
1143,2019,36.300715
1144,2019,78.388781
1145,2019,10.125004
1146,2019,5.019801
1147,2019,4.643682
1148,2019,7.686676
1149,2019,31.150936
1150,2019,34.300647
1151,2019,7.987069
1152,2019,8.540763
1153,2019,41.008082
1154,2019,18.487333
1155,2019,17.61836
1156,2019,85.735302
1157,2019,3.574528
1158,2019,13.517924
1160,2019,56.897676
1161,2019,2.878153
1162,2019,4.56786
1163,2019,17.253277
1164,2019,3.466773
1165,2019,26.643713
1166,2019,20.204021
1167,2019,0.204865
1168,2019,44.328011
1169,2019,19.423057
1170,2019,2.579763
1171,2019,52.191558
1172,2019,37.3784
1173,2019,53.363073
1174,2019,27.48328
1175,2019,7.817809
1176,2019,2.358666
1177,2019,22.564732
1178,2019,55.373236
1179,2019,33.770382
1180,2019,32.229279
1181,2019,33.78827
1182,2019,20.312823
1183,2019,1.293932
1184,2019,2.942304
1185,2019,8.546437
1186,2019,6.766735
1187,2019,38.405205
1188,2019,42.846232
1189,2019,9.154772
1190,2019,6.69644
1191,2019,41.995938
1192,2019,1.743764
1193,2019,19.487483
1194,2019,32.218648
1195,2019,51.496237
1196,2019,19.324734
1197,2019,78.966721
1198,2019,14.575498
1199,2019,8.546076
1200,2019,27.09588
1201,2019,16.034067
1202,2019,52.928526
1203,2019,7.073076
1204,2019,14.647129
1205,2019,52.437756
1206,2019,59.892512
1208,2019,0.965303
1209,2019,24.592688
1210,2019,12.284859
1211,2019,14.012275
1212,2019,10.334586
1213,2019,10.133995
1214,2019,34.111588
1215,2019,42.510776
1216,2019,3.642906
1217,2019,0.020912
1218,2019,30.741858
1219,2019,46.458262
1220,2019,51.33847
1221,2019,37.973554
1222,2019,5.61963
1223,2019,1.709129
1224,2019,0.072785
1225,2019,20.008789
1226,2019,11.433594
1227,2019,10.004395
1228,2019,3.166608
1229,2019,8.443867
1230,2019,5.716236
1231,2019,2.824346
1232,2019,12.51319
1233,2019,5.338277
1234,2019,17.050753
1235,2019,20.365827
1236,2019,12.346593
1237,2019,5.920685
1238,2019,10.832112
1239,2019,4.943405
1240,2019,25.627772
1241,2019,7.533015
1242,2019,15.875883
1243,2019,16.594113
1244,2019,5.964694
1245,2019,12.646691
1246,2019,11.238609
1247,2019,5.154078
1250,2019,7.586313
1251,2019,17.372594
1252,2019,10.756206
1253,2019,7.728375
1254,2019,13.56044
1255,2019,8.517185
1256,2019,15.630181
1257,2019,8.743386
1258,2019,12.728041
1259,2019,9.912424
1260,2019,31.289209
1261,2019,6.116139
1262,2019,3.624216
1263,2019,8.772561
1264,2019,11.684994
1265,2019,50.597451
1266,2019,1.874518
1267,2019,7.727517
1268,2019,0.416092
1269,2019,1.549729
1270,2019,1.320885
1271,2019,1.956278
1272,2019,2.807536
1273,2019,7.020478
1274,2019,0.564466
1275,2019,0.353438
1276,2019,1.230121
1277,2019,16.338458
1278,2019,33.928988
1280,2019,7.426247
1281,2019,4.143161
1282,2019,5.369539
1283,2019,15.62384
1284,2019,13.128293
1285,2019,1.719273
1286,2019,4.293948
1287,2019,5.638582
1288,2019,12.628389
1289,2019,9.3031
1290,2019,6.414488
1291,2019,1.8957
1292,2019,1.02714
1293,2019,1.217146
1294,2019,0.406013
1295,2019,0.323153
1297,2019,0.216401
1298,2019,1.305624
1299,2019,38.222578
1300,2019,26.233982
1301,2019,23.696962
1302,2019,22.210836
1303,2019,16.279546
1304,2019,93.602072
1305,2019,0.382008
1306,2019,0.415595
1307,2019,81.352595
1308,2019,3.477423
1309,2019,0.377612
1310,2019,0.634288
1311,2019,0.167343
1312,2019,1.257034
1313,2019,1.523348
1314,2019,0.194303
1315,2019,17.856625
1316,2019,13.53562
1317,2019,0.266743
1318,2019,0.859161
1319,2019,7.46813
1320,2019,17.058383
1321,2019,13.935627
1322,2019,5.698217
1323,2019,17.77598
1324,2019,19.613337
1325,2019,1.213889
1326,2019,25.616798
1327,2019,38.401496
1328,2019,50.719031
1329,2019,21.525192
1330,2019,15.106592
1331,2019,5.438732
1332,2019,15.255415
1334,2019,63.083834
1335,2019,95.84649
1336,2019,61.689975
1337,2019,83.619962
1338,2019,8.463459
1339,2019,32.702874
1342,2019,9.076433
1343,2019,14.114421
1344,2019,10.593628
1345,2019,9.140713
1346,2019,9.330814
1347,2019,23.673775
1348,2019,13.111543
1349,2019,31.217232
1350,2019,6.284328
1351,2019,4.056231
1352,2019,0.653961
1356,2019,14.446358
1357,2019,19.230817
1362,2019,9.65003
1366,2019,0.511351
1368,2019,4.372459
1369,2019,0.227037
1370,2019,2.863006
1371,2019,8.466669
1374,2019,7.407897
1377,2019,13.864647
1378,2019,1.152472
1379,2019,7.788047
1380,2019,12.817551
1381,2019,20.53791
1382,2019,5.9949
1383,2019,6.286567
1384,2019,6.000692
1385,2019,7.776001
1386,2019,6.489866
1387,2019,2.957558
1388,2019,4.712918
1390,2019,20.406402
1391,2019,4.820728
1392,2019,20.615304
1393,2019,15.575304
1394,2019,6.885616
1395,2019,40.415296
1396,2019,9.221887
1397,2019,35.140042
1398,2019,38.147668
1399,2019,60.317722
1400,2019,8.699742
1401,2019,58.713579
1402,2019,36.234144
1403,2019,22.280359
1404,2019,27.088565
1405,2019,43.942516
1406,2019,36.100318
1407,2019,9.133169
1408,2019,0.270317
1409,2019,33.632444
1410,2019,68.058221
1411,2019,18.668262
1412,2019,8.81388
1413,2019,68.454152
1414,2019,118.055487
1415,2019,39.6509
1416,2019,59.256028
1417,2019,137.135744
1418,2019,0.198953
1419,2019,0.645532
1420,2019,17.127353
1421,2019,17.244248
1422,2019,14.449563
1424,2019,33.152343
1425,2019,44.086788
1426,2019,45.315851
1427,2019,40.20297
1428,2019,53.870219
1429,2019,13.87385
1430,2019,10.231614
1431,2019,17.426255
1432,2019,16.029698
1434,2019,12.373281
1435,2019,7.583418
1436,2019,8.12531
1437,2019,13.761379
1438,2019,1.212339
1439,2019,9.615415
1440,2019,38.05845
1441,2019,56.643354
1442,2019,70.630407
1443,2019,65.613597
1444,2019,75.077636
1445,2019,5.594322
1446,2019,19.723415
1447,2019,5.364968
1448,2019,11.239722
1449,2019,41.431792
1450,2019,42.490404
1451,2019,54.255306
1452,2019,5.288981
1453,2019,52.164605
1454,2019,18.379348
1455,2019,10.441685
1456,2019,7.70277
1457,2019,16.660116
1458,2019,9.134203
1459,2019,11.137861
1460,2019,9.260705
1461,2019,14.766552
1462,2019,18.942916
1463,2019,8.803364
1464,2019,16.864223
1465,2019,14.045045
1466,2019,12.560503
1467,2019,15.14466
1468,2019,42.964605
1469,2019,38.630252
1470,2019,41.085877
1471,2019,27.816461
1472,2019,31.791001
1473,2019,30.903206
1474,2019,17.499292
1477,2019,22.514729
1478,2019,14.360269
1479,2019,10.366373
1480,2019,75.170758
1481,2019,18.823228
1482,2019,30.302635
1483,2019,4.132656
1484,2019,44.807545
1485,2019,29.936629
1486,2019,66.942295
1487,2019,83.846338
1488,2019,44.619432
1489,2019,45.280391
1490,2019,63.448981
1491,2019,11.714792
1492,2019,34.743516
1493,2019,15.643851
1494,2019,21.126803
1495,2019,16.806001
1496,2019,5.493503
1498,2019,27.564091
1499,2019,20.828021
1500,2019,2.336098
1501,2019,24.357761
1502,2019,52.958808
1503,2019,41.340212
1504,2019,1.889511
1505,2019,0.766251
1506,2019,1.274871
1507,2019,50.65882
1508,2019,6.101013
1509,2019,14.407811
1510,2019,7.581085
1511,2019,35.908708
1512,2019,27.339767
1513,2019,35.219938
1514,2019,36.738974
1515,2019,24.89653
1516,2019,11.303657
1517,2019,2.144242
1518,2019,33.001655
1520,2019,0.116735
1522,2019,13.203482
1523,2019,1.742175
1525,2019,5.440134
1526,2019,46.455248
1527,2019,54.126782
1528,2019,19.062057
1529,2019,123.336537
1530,2019,131.751014
1531,2019,76.160962
1532,2019,30.319167
1533,2019,64.682202
1534,2019,71.436601
1535,2019,82.165004
1536,2019,97.239573
1537,2019,100.35193
1538,2019,25.632713
1539,2019,41.352174
1540,2019,6.986722
1541,2019,3.454229
1542,2019,1.071874
1543,2019,1.027929
1544,2019,6.167172
1545,2019,8.638019
1546,2019,11.677923
1547,2019,9.875277
1548,2019,12.756237
1549,2019,14.602025
1550,2019,10.586119
1551,2019,12.974741
1552,2019,7.487311
1553,2019,105.298624
1554,2019,95.273138
1555,2019,30.949714
1556,2019,23.757945
1557,2019,0.168712
1558,2019,124.659102
1559,2019,1.143355
1560,2019,155.7053
1561,2019,60.55152
1562,2019,7.707147
1563,2019,15.371379
1564,2019,8.331745
1565,2019,13.885379
1566,2019,8.700863
1567,2019,10.671277
1568,2019,16.709631
1569,2019,58.470133
1570,2019,32.948463
1571,2019,74.722574
1572,2019,40.119613
1573,2019,33.660633
1574,2019,31.690339
1575,2019,102.130346
1576,2019,41.654787
1577,2019,61.359648
1578,2019,9.172835
1579,2019,9.957657
1580,2019,12.355527
1581,2019,14.106811
1582,2019,11.753938
1583,2019,14.360325
1584,2019,44.440259
1585,2019,42.864993
1586,2019,100.492671
1587,2019,100.918818
1588,2019,0.653726
1589,2019,0.330133
1590,2019,0.494835
1591,2019,5.072993
1592,2019,1.662742
1593,2019,4.976752
1594,2019,4.187828
1595,2019,6.952142
1596,2019,21.471846
1597,2019,0.656304
1598,2019,0.029114
1599,2019,2.975722
1600,2019,0.635227
1601,2019,43.262037
1602,2019,21.45387
1603,2019,1.821385
1604,2019,2.203879
1605,2019,65.806676
1606,2019,3.100447
1607,2019,82.404623
1608,2019,78.833687
1609,2019,78.853816
1610,2019,73.786007
1611,2019,4.003085
1612,2019,0.877911
1613,2019,28.664565
1614,2019,29.31839
1615,2019,67.31026
1616,2019,0.222341
1617,2019,1.41539
1618,2019,60.161208
1619,2019,11.6589
1620,2019,29.444484
1621,2019,16.520577
1622,2019,42.390323
1623,2019,5.503344
1624,2019,9.750303
1625,2019,12.046307
1627,2019,76.100639
1628,2019,66.810939
1629,2019,25.334168
1632,2019,1.535785
1639,2019,4.74584
1640,2019,57.009819
1641,2019,3.022767
1642,2019,12.291521
1643,2019,5.466854
1645,2019,6.880791
1646,2019,5.710782
1647,2019,6.944488
1648,2019,0.487392
1649,2019,3.46506
1650,2019,0.765535
1651,2019,4.100216
1652,2019,4.529353
1653,2019,1.756262
1654,2019,5.52358
1655,2019,11.716947
1656,2019,2.896053
1657,2019,7.395789
1658,2019,6.095591
1659,2019,7.380747
1661,2019,8.957054
1662,2019,4.8604
1663,2019,5.263651
1664,2019,2.338837
1665,2019,17.777092
1666,2019,7.490669
1668,2019,4.048841
1669,2019,7.195877
1670,2019,6.183465
1671,2019,2.153654
1672,2019,12.068738
1673,2019,12.291521
1674,2019,5.294318
1675,2019,10.303303
1676,2019,1.781965
1677,2019,11.598808
1678,2019,2.027717
1679,2019,1.280866
1680,2019,9.097976
1681,2019,6.507864
1682,2019,9.038561
1684,2019,5.6835
1685,2019,6.089069
1686,2019,10.595893
1687,2019,6.092023
1688,2019,5.104966
1689,2019,5.736255
1690,2019,0.932422
1691,2019,2.274236
1692,2019,1.642632
1693,2019,1.39757
1694,2019,10.063749
1695,2019,6.513093
1696,2019,2.010632
1697,2019,5.751551
1698,2019,9.744845
1699,2019,1.799802
1700,2019,6.337673
1702,2019,16.190814
1703,2019,11.283546
1704,2019,7.734186
1705,2019,1.612171
1706,2019,5.961593
1707,2019,39.56296
1708,2019,8.580416
1709,2019,0.788634
1710,2019,0.382266
1712,2019,0.463301
1713,2019,59.491645
1714,2019,27.237594
1715,2019,54.503339
1716,2019,16.974413
1717,2019,36.930829
1718,2019,26.474507
1719,2019,6.215866
1207,2019,6.863118
1137,2019,14.882553
1519,2019,14.882553
403,2019,26.221305
947,2019,10.927148
1521,2019,17.584932
1140,2019,0.877646
1296,2019,0.79385
1630,2019,1.820242
1631,2019,1.85971
28,2019,18.440629
381,2019,3.363582
521,2019,20.488998
713,2019,2.908235
1626,2019,3.749036
1633,2019,4.348002
1634,2019,1.597476
1635,2019,4.663621
1636,2019,18.347845
1637,2019,30.74375
1638,2019,30.74375
1367,2019,5.812211
1375,2019,24.77339
1376,2019,10.575018
1389,2019,4.601974
327,2019,17.401632
331,2019,7.362328
332,2019,7.464368
384,2019,8.61476
605,2019,11.824334
622,2019,5.202312
626,2019,7.736505
632,2019,5.941149
633,2019,16.260939
634,2019,7.736505
635,2019,6.949071
640,2019,7.198376
641,2019,6.679582
642,2019,3.207096
645,2019,6.414193
646,2019,7.736505
651,2019,6.414193
655,2019,8.527227
659,2019,7.288889
660,2019,4.283153
727,2019,8.882909
1090,2019,11.295068
1159,2019,10.574856
1248,2019,10.853732
1249,2019,12.868003
1279,2019,9.803628
1333,2019,12.857191
1340,2019,9.34466
1341,2019,4.338058
1353,2019,1.956278
1354,2019,13.191361
1355,2019,2.782453
1358,2019,7.511874
1359,2019,7.843022
1360,2019,6.08014
1363,2019,4.484283
1364,2019,3.328738
1365,2019,5.398794
1373,2019,8.600043
1423,2019,13.188891
1475,2019,5.765729
1476,2019,6.259442
637,2019,9.91163
1372,2019,8.226092
1361,2019,4.640959
609,2019,3.57384
738,2019,22.748577
639,2019,3.930029
26,2019,31.474575
636,2019,30.668031
653,2019,40.890708
353,2019,0.634652
397,2019,0.607606
532,2019,4.393577
1524,2019,6.331734
1497,2019,4.071735
671,2019,23.878553
1433,2019,4.915568
305,2019,2.132331
1667,2019,9.816639
1683,2019,4.190365
1701,2019,2.093277
1711,2019,24.299784
1644,2019,1.48415
1660,2019,0.298314
449,2019,37.296019
450,2019,29.175364
451,2019,31.040698
1098,2019,34.421581
1,2050,37.118869
2,2050,45.555841
3,2050,21.78765
4,2050,45.02113
5,2050,8.698616
6,2050,16.134388
7,2050,63.190741
8,2050,68.518579
9,2050,39.164657
10,2050,11.72423
11,2050,17.761916
12,2050,19.079102
13,2050,1.469518
14,2050,9.398207
15,2050,25.738666
16,2050,16.611379
17,2050,3.336327
18,2050,0.897642
19,2050,59.056855
20,2050,41.578443
21,2050,44.624741
22,2050,17.192132
23,2050,10.34498
24,2050,6.572263
25,2050,16.228052
27,2050,1.150398
29,2050,2.169487
30,2050,5.658236
31,2050,25.495329
32,2050,45.049876
33,2050,7.856693
34,2050,15.111014
35,2050,9.24954
36,2050,6.411402
37,2050,9.101379
38,2050,10.928386
39,2050,10.159183
40,2050,14.059901
41,2050,28.642515
42,2050,20.232646
43,2050,76.459755
44,2050,8.904504
45,2050,17.65496
46,2050,3.32944
47,2050,5.071078
48,2050,5.726821
49,2050,4.136236
50,2050,16.302302
51,2050,5.669072
52,2050,6.947885
53,2050,4.205747
54,2050,8.49559
55,2050,21.496724
56,2050,10.340591
57,2050,10.614477
58,2050,22.548202
59,2050,3.850064
60,2050,15.56228
61,2050,53.254622
62,2050,11.254684
63,2050,35.876248
64,2050,55.837261
65,2050,3.256738
66,2050,68.59144
67,2050,9.254287
68,2050,0.105705
69,2050,0.752499
70,2050,20.131508
71,2050,38.118171
72,2050,5.727319
73,2050,11.920302
74,2050,2.606517
75,2050,6.480886
76,2050,4.509192
77,2050,45.335035
78,2050,32.760939
79,2050,15.359796
80,2050,7.929994
81,2050,3.2946
82,2050,2.378724
83,2050,1.601702
84,2050,1.105821
85,2050,7.229344
86,2050,1.043573
87,2050,2.167579
88,2050,0.537227
89,2050,0.192042
90,2050,0.438397
91,2050,0.7135
92,2050,0.62789
93,2050,1.144813
94,2050,5.011687
95,2050,1.591907
96,2050,11.591804
97,2050,12.021532
98,2050,46.759996
99,2050,41.104368
100,2050,30.489145
101,2050,9.315881
102,2050,49.878114
103,2050,0.602185
104,2050,10.938431
105,2050,8.49086
106,2050,1.486326
107,2050,0.277221
108,2050,5.27768
109,2050,0.263142
110,2050,7.087255
111,2050,10.404632
112,2050,17.349858
113,2050,9.441274
114,2050,15.157135
115,2050,5.212189
116,2050,7.672038
117,2050,13.79209
118,2050,9.911645
119,2050,16.118362
120,2050,24.487147
121,2050,5.099634
122,2050,35.346528
123,2050,2.986566
124,2050,38.7698
125,2050,22.621166
126,2050,3.214152
127,2050,5.790846
128,2050,9.461893
129,2050,7.422703
130,2050,6.191235
131,2050,11.628783
132,2050,8.00002
133,2050,48.853374
134,2050,0.344668
135,2050,0.411711
136,2050,29.31768
137,2050,2.85077
138,2050,0.071011
139,2050,48.087285
140,2050,0.312806
141,2050,0.086904
142,2050,0.66997
143,2050,0.108654
144,2050,0.432427
145,2050,1.839744
146,2050,7.886411
147,2050,0.27169
148,2050,0.33245
149,2050,0.446018
150,2050,9.529519
151,2050,0.128642
152,2050,0.437993
153,2050,4.23514
154,2050,28.450361
155,2050,1.52326
156,2050,1.337218
157,2050,4.354013
158,2050,5.842694
159,2050,1.016262
160,2050,0.607508
161,2050,1.999926
162,2050,13.242146
163,2050,0.942073
164,2050,0.547516
165,2050,12.753775
166,2050,14.814602
167,2050,25.373073
168,2050,2.255005
169,2050,4.931383
170,2050,8.743236
171,2050,14.204721
172,2050,11.030294
173,2050,31.31282
174,2050,12.789932
175,2050,20.90905
176,2050,6.741344
177,2050,7.283809
178,2050,15.063494
179,2050,6.540172
180,2050,57.75339
181,2050,5.69273
182,2050,32.715036
183,2050,7.533458
184,2050,16.281517
185,2050,22.333254
186,2050,21.069061
187,2050,10.055983
188,2050,3.589961
189,2050,9.084652
190,2050,39.879
191,2050,8.016951
192,2050,4.959053
193,2050,48.380013
194,2050,1.533398
195,2050,5.856256
196,2050,11.426352
197,2050,10.258569
198,2050,54.283843
199,2050,37.920706
200,2050,2.013555
201,2050,11.060758
202,2050,19.076388
203,2050,21.124105
204,2050,52.039918
205,2050,13.080706
206,2050,11.615132
207,2050,6.331734
208,2050,0.350135
209,2050,0.948794
210,2050,4.165689
211,2050,0.597921
212,2050,6.545282
213,2050,9.341504
214,2050,21.796061
215,2050,10.133995
216,2050,11.534533
217,2050,12.338749
218,2050,14.390259
219,2050,10.940385
220,2050,3.763108
221,2050,7.932851
222,2050,9.84872
223,2050,24.519201
224,2050,3.482449
225,2050,4.913188
226,2050,23.641063
227,2050,5.719875
228,2050,12.460824
229,2050,2.169487
230,2050,5.45888
231,2050,6.303774
232,2050,47.794679
233,2050,6.339411
234,2050,1.231626
235,2050,1.202733
236,2050,7.985991
237,2050,4.782559
238,2050,7.173839
239,2050,3.187356
240,2050,13.006121
241,2050,6.310073
242,2050,46.711893
243,2050,9.633068
244,2050,10.666617
245,2050,7.384561
246,2050,47.089322
247,2050,40.698653
248,2050,72.58406
249,2050,54.938091
250,2050,7.948264
251,2050,11.419816
252,2050,9.913616
253,2050,100.897094
254,2050,49.783746
255,2050,1.772075
256,2050,5.343966
257,2050,11.165946
258,2050,7.465605
259,2050,9.330749
260,2050,28.06194
261,2050,5.333243
262,2050,16.538536
263,2050,2.696794
264,2050,12.352752
265,2050,11.196461
266,2050,9.927267
267,2050,29.355603
268,2050,26.146582
269,2050,7.125655
270,2050,5.17077
271,2050,9.822151
272,2050,19.37625
273,2050,8.469904
274,2050,21.529102
275,2050,8.180864
276,2050,44.435547
277,2050,19.259697
278,2050,35.701089
279,2050,0.759068
280,2050,0.198833
281,2050,35.575513
282,2050,12.829084
283,2050,9.026097
284,2050,29.867966
285,2050,3.339425
286,2050,8.988996
287,2050,7.681621
288,2050,15.46382
289,2050,10.447033
290,2050,6.726553
291,2050,8.545781
292,2050,35.909632
293,2050,26.915934
294,2050,25.972724
295,2050,36.448812
296,2050,39.156722
297,2050,10.851568
298,2050,33.47124
299,2050,14.401144
300,2050,9.966586
301,2050,14.503362
302,2050,9.836127
303,2050,11.509647
304,2050,1.103699
306,2050,30.770333
307,2050,15.673254
308,2050,19.504387
309,2050,14.659021
310,2050,8.247792
311,2050,5.481531
312,2050,33.948373
313,2050,11.945275
314,2050,2.51564
315,2050,0.300099
316,2050,0.326162
317,2050,11.492259
318,2050,10.432932
319,2050,12.366109
320,2050,15.711243
321,2050,16.011942
322,2050,8.093189
323,2050,49.11142
324,2050,34.438454
325,2050,33.341719
326,2050,44.599139
328,2050,8.621067
329,2050,41.901659
330,2050,7.655879
333,2050,0.957814
334,2050,2.104726
335,2050,1.413865
336,2050,2.86846
337,2050,2.83113
338,2050,8.450059
339,2050,12.022631
340,2050,0.42159
341,2050,1.455326
342,2050,1.396027
343,2050,0.258196
344,2050,8.208576
345,2050,2.304612
346,2050,0.677365
347,2050,0.082274
348,2050,0.909196
349,2050,0.333882
350,2050,5.286553
351,2050,13.618635
352,2050,0.139385
354,2050,1.398928
355,2050,40.47235
356,2050,25.682157
357,2050,47.014714
358,2050,17.220358
359,2050,19.374428
360,2050,66.683523
361,2050,1.536432
362,2050,5.230671
363,2050,8.596704
364,2050,6.669329
365,2050,9.823818
366,2050,68.256745
367,2050,21.946666
368,2050,6.940398
369,2050,12.98979
370,2050,19.685546
371,2050,34.908289
372,2050,20.476162
373,2050,19.115894
374,2050,31.194648
375,2050,8.765038
376,2050,2.022953
377,2050,3.542123
378,2050,4.186169
379,2050,20.330357
380,2050,0.470761
382,2050,7.274352
383,2050,53.192355
385,2050,10.056268
386,2050,4.671982
387,2050,18.915988
388,2050,5.812211
389,2050,0.781181
390,2050,0.037512
391,2050,1.761767
392,2050,61.933993
393,2050,1.324133
394,2050,0.192086
395,2050,52.91748
396,2050,0.236262
398,2050,7.255961
399,2050,12.995951
400,2050,11.828971
401,2050,13.234547
402,2050,20.917236
404,2050,27.875278
405,2050,31.275917
406,2050,27.899355
407,2050,14.661918
408,2050,17.016006
409,2050,12.734436
410,2050,16.536853
411,2050,20.324485
412,2050,11.486454
413,2050,20.217257
414,2050,14.259555
415,2050,22.773794
416,2050,33.825722
417,2050,58.543828
418,2050,1.990356
419,2050,1.859483
420,2050,0.39701
421,2050,2.104596
422,2050,55.971908
423,2050,11.424974
424,2050,22.022199
425,2050,12.396877
426,2050,11.938318
427,2050,0.283071
428,2050,0.395614
429,2050,2.178889
430,2050,60.507599
431,2050,8.501188
432,2050,64.105868
433,2050,0.482746
434,2050,0.786322
435,2050,8.387234
436,2050,89.393311
437,2050,0.442497
438,2050,0.424156
439,2050,0.505532
440,2050,3.624954
441,2050,0.19961
442,2050,10.964601
443,2050,6.408945
444,2050,0.161849
445,2050,0.851855
446,2050,0.951204
447,2050,3.347074
448,2050,0.251235
452,2050,1.567403
453,2050,0.261074
454,2050,8.382199
455,2050,12.523662
456,2050,18.040503
457,2050,7.212985
458,2050,105.119364
459,2050,88.207333
460,2050,76.183139
461,2050,0.828901
462,2050,1.122544
463,2050,6.814069
464,2050,26.442191
465,2050,0.475246
466,2050,0.588875
467,2050,1.715465
468,2050,8.484093
469,2050,27.479514
470,2050,10.292163
471,2050,9.238619
472,2050,12.025534
473,2050,12.290171
474,2050,14.072205
475,2050,16.727437
476,2050,13.346552
477,2050,18.46664
478,2050,2.587086
479,2050,9.225888
480,2050,35.010895
481,2050,4.378725
482,2050,6.457405
483,2050,7.301588
484,2050,6.368825
485,2050,16.978656
486,2050,7.767288
487,2050,10.779785
488,2050,44.09753
489,2050,33.814496
490,2050,5.041573
491,2050,46.018798
492,2050,81.54996
493,2050,73.404046
494,2050,49.759717
495,2050,44.914509
496,2050,2.519361
497,2050,33.308407
498,2050,47.765465
499,2050,42.049551
500,2050,48.0428
501,2050,52.857463
502,2050,45.459386
503,2050,33.697924
504,2050,42.628611
505,2050,45.830298
506,2050,37.584738
507,2050,24.80566
508,2050,21.456244
509,2050,12.673263
510,2050,33.215144
511,2050,50.651029
512,2050,33.613862
513,2050,54.18205
514,2050,64.491398
515,2050,3.689529
516,2050,5.990974
517,2050,14.080447
518,2050,12.541777
519,2050,5.406491
520,2050,25.010036
522,2050,48.000495
523,2050,13.383124
524,2050,38.793367
525,2050,43.694657
526,2050,26.357718
527,2050,47.041838
528,2050,55.558301
529,2050,77.063044
530,2050,3.912705
531,2050,0.106619
533,2050,42.498508
534,2050,1.369992
535,2050,37.381812
536,2050,74.426688
537,2050,0.07456
538,2050,63.969073
539,2050,0.23253
540,2050,1.208956
541,2050,83.962669
542,2050,35.937508
543,2050,7.625833
544,2050,8.07111
545,2050,69.968707
546,2050,75.047746
547,2050,10.341965
548,2050,19.2328
549,2050,72.788999
550,2050,57.860839
551,2050,56.119115
552,2050,46.236493
553,2050,44.227497
554,2050,7.21688
555,2050,2.520765
556,2050,5.66172
557,2050,6.762157
558,2050,5.793256
559,2050,9.341332
560,2050,2.238571
561,2050,5.413849
562,2050,3.680805
563,2050,2.655513
564,2050,5.410001
565,2050,9.807934
566,2050,19.676187
567,2050,6.086315
568,2050,29.290739
569,2050,9.787282
570,2050,11.203052
571,2050,10.100956
572,2050,11.404194
573,2050,14.454745
574,2050,10.98958
575,2050,10.403126
576,2050,90.539201
577,2050,108.71645
578,2050,54.497357
579,2050,83.823262
580,2050,88.689505
581,2050,28.856932
582,2050,58.475464
583,2050,68.94643
584,2050,52.246869
585,2050,60.215534
586,2050,69.182498
587,2050,7.859133
588,2050,10.835462
589,2050,16.693938
590,2050,13.892669
591,2050,5.929484
592,2050,9.792964
593,2050,9.371529
594,2050,6.164607
595,2050,33.406818
596,2050,22.520524
597,2050,33.231453
598,2050,81.328217
599,2050,2.49286
600,2050,4.440959
601,2050,17.157817
602,2050,19.975385
603,2050,4.220157
604,2050,28.134036
606,2050,4.582446
607,2050,7.284423
608,2050,7.517882
610,2050,6.745875
611,2050,6.360618
612,2050,7.487204
613,2050,6.559476
614,2050,6.360618
615,2050,6.709651
616,2050,5.506159
617,2050,2.808775
618,2050,20.523137
619,2050,0.058185
620,2050,8.488285
621,2050,10.565789
623,2050,1.084643
624,2050,4.044757
625,2050,4.745409
627,2050,6.407933
628,2050,6.360618
629,2050,10.943491
630,2050,2.482188
631,2050,4.476789
638,2050,8.051076
643,2050,4.677695
644,2050,18.792304
647,2050,8.207538
648,2050,9.096497
649,2050,7.764313
650,2050,18.798656
652,2050,8.522571
654,2050,11.420711
656,2050,0.167123
657,2050,7.685248
658,2050,9.723364
661,2050,11.420711
662,2050,3.732221
663,2050,11.411656
664,2050,14.10624
665,2050,4.745409
666,2050,11.148454
667,2050,0.176531
668,2050,7.528582
669,2050,12.679792
670,2050,48.355091
672,2050,17.776409
673,2050,4.900064
674,2050,5.944082
675,2050,34.268443
676,2050,33.011602
677,2050,44.707336
678,2050,48.227121
679,2050,37.180333
680,2050,56.981551
681,2050,9.418586
682,2050,6.017713
683,2050,19.368238
684,2050,0.870934
685,2050,17.886286
686,2050,14.532811
687,2050,8.088918
688,2050,15.678318
689,2050,15.96681
690,2050,17.348187
691,2050,7.400156
692,2050,35.081922
693,2050,51.220257
694,2050,49.674248
695,2050,19.362432
696,2050,29.548609
697,2050,47.810798
698,2050,15.008137
699,2050,7.425134
700,2050,1.88182
701,2050,17.670451
702,2050,64.367565
703,2050,55.815804
704,2050,43.497178
705,2050,50.670985
706,2050,33.846566
707,2050,47.789773
708,2050,53.995088
709,2050,1.120131
710,2050,64.989191
711,2050,1.022593
712,2050,6.655749
714,2050,24.004985
715,2050,1.141901
716,2050,59.568686
717,2050,47.519328
718,2050,40.831916
719,2050,91.32543
720,2050,77.796148
721,2050,81.971959
722,2050,12.067652
723,2050,10.196027
724,2050,34.818088
725,2050,9.314758
726,2050,32.093667
728,2050,11.221992
729,2050,11.921652
730,2050,9.168703
731,2050,19.072347
732,2050,12.084791
733,2050,11.865527
734,2050,48.789293
735,2050,41.138517
736,2050,56.598366
737,2050,36.003858
739,2050,15.932629
740,2050,60.698231
741,2050,39.857421
742,2050,26.714457
743,2050,1.01486
744,2050,44.203164
745,2050,47.15117
746,2050,7.243451
747,2050,23.331556
748,2050,2.669468
749,2050,42.542644
750,2050,2.5411
751,2050,104.076051
752,2050,0.227833
753,2050,6.543958
754,2050,0.734803
755,2050,3.943677
756,2050,0.430844
757,2050,2.702976
758,2050,9.258125
759,2050,18.696388
760,2050,20.188037
761,2050,17.213523
762,2050,30.192403
763,2050,27.90342
764,2050,29.684776
765,2050,2.148808
766,2050,44.867366
767,2050,58.006136
768,2050,58.304078
769,2050,7.075139
770,2050,31.985563
771,2050,39.017782
772,2050,52.736971
773,2050,36.461124
774,2050,18.647649
775,2050,27.213567
776,2050,15.093177
777,2050,16.253647
778,2050,18.951957
779,2050,37.979436
780,2050,39.582699
781,2050,52.533323
782,2050,50.194724
783,2050,51.543289
784,2050,61.677194
785,2050,8.974008
786,2050,7.159779
787,2050,0.056163
788,2050,0.093362
789,2050,1.148532
790,2050,32.880247
791,2050,4.829838
792,2050,35.23522
793,2050,19.981787
794,2050,56.485941
795,2050,26.637097
796,2050,44.76212
797,2050,19.814535
798,2050,34.855791
799,2050,23.033574
800,2050,9.32712
801,2050,0.586064
802,2050,0.118085
803,2050,4.913188
804,2050,9.595448
805,2050,2.848997
806,2050,2.42566
807,2050,9.007055
808,2050,0.027651
809,2050,0.590027
810,2050,1.502842
811,2050,40.693574
812,2050,2.227646
813,2050,0.271753
814,2050,1.602169
815,2050,29.074757
816,2050,61.552267
817,2050,19.072075
818,2050,15.293378
819,2050,32.518819
820,2050,41.287483
821,2050,42.534912
822,2050,32.770902
823,2050,41.814247
824,2050,33.620771
825,2050,45.510795
826,2050,37.449881
827,2050,7.165037
828,2050,31.306872
829,2050,7.414972
830,2050,16.60104
831,2050,13.465684
832,2050,1.292423
833,2050,0.777877
834,2050,25.930304
835,2050,12.452732
836,2050,0.193667
837,2050,0.024352
838,2050,0.017427
839,2050,45.077872
840,2050,95.942251
841,2050,91.296898
842,2050,73.44541
843,2050,6.098829
844,2050,66.006315
845,2050,82.193395
846,2050,4.092259
847,2050,7.092857
848,2050,45.59105
849,2050,19.391846
850,2050,6.015619
851,2050,16.439787
852,2050,0.224051
853,2050,15.31485
854,2050,0.61913
855,2050,0.211033
856,2050,0.304625
857,2050,41.316793
858,2050,8.883316
859,2050,7.227453
860,2050,15.809924
861,2050,8.540686
862,2050,12.522724
863,2050,15.248806
864,2050,12.660062
865,2050,8.405238
866,2050,25.637299
867,2050,26.978205
868,2050,5.602854
869,2050,6.180313
870,2050,3.645905
871,2050,33.341719
872,2050,23.870443
873,2050,40.02533
874,2050,14.286528
875,2050,21.402714
876,2050,27.414241
877,2050,15.053782
878,2050,33.105032
879,2050,29.309625
880,2050,0.47679
881,2050,18.395013
882,2050,27.173906
883,2050,45.286813
884,2050,37.330622
885,2050,21.592992
886,2050,4.968234
887,2050,4.456246
888,2050,9.675167
889,2050,6.273138
890,2050,3.511917
891,2050,3.802543
892,2050,33.466925
893,2050,5.795338
894,2050,4.012959
895,2050,10.229666
896,2050,10.828309
897,2050,1.165651
898,2050,45.258365
899,2050,66.112975
900,2050,21.290393
901,2050,26.612992
902,2050,27.684141
903,2050,29.150461
904,2050,70.05594
905,2050,27.511329
906,2050,48.477412
907,2050,37.655803
908,2050,2.390875
909,2050,2.528018
910,2050,36.609185
911,2050,4.233209
912,2050,5.352207
913,2050,10.346139
914,2050,7.171005
915,2050,5.600727
916,2050,6.927065
917,2050,13.037834
918,2050,8.952284
919,2050,11.206362
920,2050,4.140437
921,2050,13.122437
922,2050,2.531996
923,2050,3.278538
924,2050,4.552582
925,2050,8.406937
926,2050,8.864277
927,2050,7.59835
928,2050,6.495354
929,2050,0.716613
930,2050,8.126018
931,2050,0.767649
932,2050,20.428237
933,2050,2.362791
934,2050,1.145181
935,2050,1.130491
936,2050,0.701023
937,2050,14.479972
938,2050,15.065112
939,2050,14.884954
940,2050,13.163553
941,2050,4.370147
942,2050,0.550385
943,2050,1.28704
944,2050,2.136411
945,2050,0.876279
946,2050,1.860223
948,2050,14.12153
949,2050,9.569521
950,2050,21.183522
951,2050,58.850687
952,2050,34.819707
953,2050,47.802095
954,2050,6.817738
955,2050,7.215646
956,2050,13.538411
957,2050,7.351126
958,2050,70.816913
959,2050,0.517826
960,2050,24.028123
961,2050,10.109003
962,2050,12.293556
963,2050,13.273724
964,2050,13.766638
965,2050,51.332591
966,2050,4.692087
967,2050,6.851472
968,2050,36.189469
969,2050,17.648126
970,2050,36.867209
971,2050,0.782121
972,2050,41.787783
973,2050,9.415544
974,2050,36.038213
975,2050,31.394602
976,2050,52.471237
977,2050,20.265517
978,2050,29.366165
979,2050,9.979897
980,2050,10.089966
981,2050,36.945909
982,2050,22.743287
983,2050,14.689299
984,2050,7.274327
985,2050,22.197195
986,2050,7.172942
987,2050,15.06816
988,2050,14.352585
989,2050,15.441403
990,2050,44.921636
991,2050,14.021592
992,2050,20.329417
993,2050,15.376663
994,2050,14.927174
995,2050,13.364965
996,2050,5.092858
997,2050,16.088826
998,2050,20.977609
999,2050,15.502333
1000,2050,9.881356
1001,2050,17.609627
1002,2050,8.822825
1003,2050,57.318104
1004,2050,22.274142
1005,2050,6.762157
1006,2050,12.125218
1007,2050,47.14172
1008,2050,34.19219
1009,2050,5.253368
1010,2050,21.356495
1011,2050,23.46728
1012,2050,18.206557
1013,2050,8.267665
1014,2050,38.899297
1015,2050,21.35064
1016,2050,10.717264
1017,2050,82.898823
1018,2050,11.536929
1019,2050,7.603345
1020,2050,3.678069
1021,2050,4.271615
1022,2050,5.741656
1023,2050,15.165826
1024,2050,19.744775
1025,2050,113.532298
1026,2050,49.437579
1027,2050,88.901451
1028,2050,140.556018
1029,2050,27.779129
1030,2050,72.83269
1031,2050,39.641689
1032,2050,17.896841
1033,2050,8.641977
1034,2050,43.808935
1035,2050,15.136079
1036,2050,25.776574
1037,2050,49.385055
1038,2050,8.991138
1039,2050,5.6111
1040,2050,6.400451
1041,2050,5.971206
1042,2050,35.249019
1043,2050,14.149686
1044,2050,7.948446
1045,2050,9.00617
1046,2050,14.739797
1047,2050,9.054697
1048,2050,47.683393
1049,2050,39.645439
1050,2050,10.327857
1051,2050,17.151812
1052,2050,11.408741
1053,2050,39.668704
1054,2050,8.881228
1055,2050,26.124107
1056,2050,19.58016
1057,2050,27.879583
1058,2050,57.471761
1059,2050,51.56474
1060,2050,51.196202
1061,2050,68.18919
1062,2050,37.399323
1063,2050,19.95597
1064,2050,49.612961
1065,2050,53.385365
1066,2050,11.508447
1067,2050,18.656463
1068,2050,13.152885
1069,2050,12.773065
1070,2050,27.23695
1071,2050,10.898148
1072,2050,15.630348
1073,2050,7.122072
1074,2050,17.171197
1075,2050,6.440272
1076,2050,14.321639
1077,2050,4.915763
1078,2050,12.927673
1079,2050,9.286152
1080,2050,39.519291
1081,2050,17.703931
1082,2050,2.557518
1083,2050,15.590065
1084,2050,68.29599
1085,2050,24.806289
1086,2050,21.091324
1087,2050,5.662769
1088,2050,28.890737
1089,2050,13.834747
1091,2050,11.018514
1092,2050,56.092949
1093,2050,21.940496
1094,2050,38.24199
1095,2050,40.854331
1096,2050,49.777133
1097,2050,62.508552
1099,2050,0.037512
1100,2050,0.61272
1101,2050,13.85552
1102,2050,1.663151
1103,2050,19.562022
1104,2050,1.547239
1105,2050,0.105028
1106,2050,6.887231
1107,2050,2.186774
1108,2050,3.76166
1109,2050,13.43441
1110,2050,12.303208
1111,2050,8.083115
1112,2050,53.002282
1113,2050,49.556377
1114,2050,59.064847
1115,2050,14.463307
1116,2050,7.416076
1117,2050,10.772958
1118,2050,54.867704
1119,2050,2.994829
1120,2050,8.475938
1121,2050,66.764926
1122,2050,71.329636
1123,2050,92.431104
1124,2050,65.395832
1125,2050,64.648689
1126,2050,32.96219
1127,2050,26.647017
1128,2050,57.970613
1129,2050,67.325889
1130,2050,5.095696
1131,2050,15.016739
1132,2050,10.267942
1133,2050,15.508991
1134,2050,21.180372
1135,2050,61.245671
1136,2050,55.999041
1138,2050,1.044487
1139,2050,25.243626
1141,2050,2.252279
1142,2050,9.172144
1143,2050,36.300715
1144,2050,78.388781
1145,2050,10.125004
1146,2050,5.019801
1147,2050,4.643682
1148,2050,7.686676
1149,2050,31.150936
1150,2050,34.300647
1151,2050,7.987069
1152,2050,8.540763
1153,2050,41.008082
1154,2050,18.487333
1155,2050,17.61836
1156,2050,85.735302
1157,2050,3.574528
1158,2050,13.517924
1160,2050,56.897676
1161,2050,2.878153
1162,2050,4.56786
1163,2050,17.253277
1164,2050,3.466773
1165,2050,26.643713
1166,2050,20.204021
1167,2050,0.204865
1168,2050,44.328011
1169,2050,19.423057
1170,2050,2.579763
1171,2050,52.191558
1172,2050,37.3784
1173,2050,53.363073
1174,2050,27.48328
1175,2050,7.817809
1176,2050,2.358666
1177,2050,22.564732
1178,2050,55.373236
1179,2050,33.770382
1180,2050,32.229279
1181,2050,33.78827
1182,2050,20.312823
1183,2050,1.293932
1184,2050,2.942304
1185,2050,8.546437
1186,2050,6.766735
1187,2050,38.405205
1188,2050,42.846232
1189,2050,9.154772
1190,2050,6.69644
1191,2050,41.995938
1192,2050,1.743764
1193,2050,19.487483
1194,2050,32.218648
1195,2050,51.496237
1196,2050,19.324734
1197,2050,78.966721
1198,2050,14.575498
1199,2050,8.546076
1200,2050,27.09588
1201,2050,16.034067
1202,2050,52.928526
1203,2050,7.073076
1204,2050,14.647129
1205,2050,52.437756
1206,2050,59.892512
1208,2050,0.965303
1209,2050,24.592688
1210,2050,12.284859
1211,2050,14.012275
1212,2050,10.334586
1213,2050,10.133995
1214,2050,34.111588
1215,2050,42.510776
1216,2050,3.642906
1217,2050,0.020912
1218,2050,30.741858
1219,2050,46.458262
1220,2050,51.33847
1221,2050,37.973554
1222,2050,5.61963
1223,2050,1.709129
1224,2050,0.072785
1225,2050,20.008789
1226,2050,11.433594
1227,2050,10.004395
1228,2050,3.166608
1229,2050,8.443867
1230,2050,5.716236
1231,2050,2.824346
1232,2050,12.51319
1233,2050,5.338277
1234,2050,17.050753
1235,2050,20.365827
1236,2050,12.346593
1237,2050,5.920685
1238,2050,10.832112
1239,2050,4.943405
1240,2050,25.627772
1241,2050,7.533015
1242,2050,15.875883
1243,2050,16.594113
1244,2050,5.964694
1245,2050,12.646691
1246,2050,11.238609
1247,2050,5.154078
1250,2050,7.586313
1251,2050,17.372594
1252,2050,10.756206
1253,2050,7.728375
1254,2050,13.56044
1255,2050,8.517185
1256,2050,15.630181
1257,2050,8.743386
1258,2050,12.728041
1259,2050,9.912424
1260,2050,31.289209
1261,2050,6.116139
1262,2050,3.624216
1263,2050,8.772561
1264,2050,11.684994
1265,2050,50.597451
1266,2050,1.874518
1267,2050,7.727517
1268,2050,0.416092
1269,2050,1.549729
1270,2050,1.320885
1271,2050,1.956278
1272,2050,2.807536
1273,2050,7.020478
1274,2050,0.564466
1275,2050,0.353438
1276,2050,1.230121
1277,2050,16.338458
1278,2050,33.928988
1280,2050,7.426247
1281,2050,4.143161
1282,2050,5.369539
1283,2050,15.62384
1284,2050,13.128293
1285,2050,1.719273
1286,2050,4.293948
1287,2050,5.638582
1288,2050,12.628389
1289,2050,9.3031
1290,2050,6.414488
1291,2050,1.8957
1292,2050,1.02714
1293,2050,1.217146
1294,2050,0.406013
1295,2050,0.323153
1297,2050,0.216401
1298,2050,1.305624
1299,2050,38.222578
1300,2050,26.233982
1301,2050,23.696962
1302,2050,22.210836
1303,2050,16.279546
1304,2050,93.602072
1305,2050,0.382008
1306,2050,0.415595
1307,2050,81.352595
1308,2050,3.477423
1309,2050,0.377612
1310,2050,0.634288
1311,2050,0.167343
1312,2050,1.257034
1313,2050,1.523348
1314,2050,0.194303
1315,2050,17.856625
1316,2050,13.53562
1317,2050,0.266743
1318,2050,0.859161
1319,2050,7.46813
1320,2050,17.058383
1321,2050,13.935627
1322,2050,5.698217
1323,2050,17.77598
1324,2050,19.613337
1325,2050,1.213889
1326,2050,25.616798
1327,2050,38.401496
1328,2050,50.719031
1329,2050,21.525192
1330,2050,15.106592
1331,2050,5.438732
1332,2050,15.255415
1334,2050,63.083834
1335,2050,95.84649
1336,2050,61.689975
1337,2050,83.619962
1338,2050,8.463459
1339,2050,32.702874
1342,2050,9.076433
1343,2050,14.114421
1344,2050,10.593628
1345,2050,9.140713
1346,2050,9.330814
1347,2050,23.673775
1348,2050,13.111543
1349,2050,31.217232
1350,2050,6.284328
1351,2050,4.056231
1352,2050,0.653961
1356,2050,14.446358
1357,2050,19.230817
1362,2050,9.65003
1366,2050,0.511351
1368,2050,4.372459
1369,2050,0.227037
1370,2050,2.863006
1371,2050,8.466669
1374,2050,7.407897
1377,2050,13.864647
1378,2050,1.152472
1379,2050,7.788047
1380,2050,12.817551
1381,2050,20.53791
1382,2050,5.9949
1383,2050,6.286567
1384,2050,6.000692
1385,2050,7.776001
1386,2050,6.489866
1387,2050,2.957558
1388,2050,4.712918
1390,2050,20.406402
1391,2050,4.820728
1392,2050,20.615304
1393,2050,15.575304
1394,2050,6.885616
1395,2050,40.415296
1396,2050,9.221887
1397,2050,35.140042
1398,2050,38.147668
1399,2050,60.317722
1400,2050,8.699742
1401,2050,58.713579
1402,2050,36.234144
1403,2050,22.280359
1404,2050,27.088565
1405,2050,43.942516
1406,2050,36.100318
1407,2050,9.133169
1408,2050,0.270317
1409,2050,33.632444
1410,2050,68.058221
1411,2050,18.668262
1412,2050,8.81388
1413,2050,68.454152
1414,2050,118.055487
1415,2050,39.6509
1416,2050,59.256028
1417,2050,137.135744
1418,2050,0.198953
1419,2050,0.645532
1420,2050,17.127353
1421,2050,17.244248
1422,2050,14.449563
1424,2050,33.152343
1425,2050,44.086788
1426,2050,45.315851
1427,2050,40.20297
1428,2050,53.870219
1429,2050,13.87385
1430,2050,10.231614
1431,2050,17.426255
1432,2050,16.029698
1434,2050,12.373281
1435,2050,7.583418
1436,2050,8.12531
1437,2050,13.761379
1438,2050,1.212339
1439,2050,9.615415
1440,2050,38.05845
1441,2050,56.643354
1442,2050,70.630407
1443,2050,65.613597
1444,2050,75.077636
1445,2050,5.594322
1446,2050,19.723415
1447,2050,5.364968
1448,2050,11.239722
1449,2050,41.431792
1450,2050,42.490404
1451,2050,54.255306
1452,2050,5.288981
1453,2050,52.164605
1454,2050,18.379348
1455,2050,10.441685
1456,2050,7.70277
1457,2050,16.660116
1458,2050,9.134203
1459,2050,11.137861
1460,2050,9.260705
1461,2050,14.766552
1462,2050,18.942916
1463,2050,8.803364
1464,2050,16.864223
1465,2050,14.045045
1466,2050,12.560503
1467,2050,15.14466
1468,2050,42.964605
1469,2050,38.630252
1470,2050,41.085877
1471,2050,27.816461
1472,2050,31.791001
1473,2050,30.903206
1474,2050,17.499292
1477,2050,22.514729
1478,2050,14.360269
1479,2050,10.366373
1480,2050,75.170758
1481,2050,18.823228
1482,2050,30.302635
1483,2050,4.132656
1484,2050,44.807545
1485,2050,29.936629
1486,2050,66.942295
1487,2050,83.846338
1488,2050,44.619432
1489,2050,45.280391
1490,2050,63.448981
1491,2050,11.714792
1492,2050,34.743516
1493,2050,15.643851
1494,2050,21.126803
1495,2050,16.806001
1496,2050,5.493503
1498,2050,27.564091
1499,2050,20.828021
1500,2050,2.336098
1501,2050,24.357761
1502,2050,52.958808
1503,2050,41.340212
1504,2050,1.889511
1505,2050,0.766251
1506,2050,1.274871
1507,2050,50.65882
1508,2050,6.101013
1509,2050,14.407811
1510,2050,7.581085
1511,2050,35.908708
1512,2050,27.339767
1513,2050,35.219938
1514,2050,36.738974
1515,2050,24.89653
1516,2050,11.303657
1517,2050,2.144242
1518,2050,33.001655
1520,2050,0.116735
1522,2050,13.203482
1523,2050,1.742175
1525,2050,5.440134
1526,2050,46.455248
1527,2050,54.126782
1528,2050,19.062057
1529,2050,123.336537
1530,2050,131.751014
1531,2050,76.160962
1532,2050,30.319167
1533,2050,64.682202
1534,2050,71.436601
1535,2050,82.165004
1536,2050,97.239573
1537,2050,100.35193
1538,2050,25.632713
1539,2050,41.352174
1540,2050,6.986722
1541,2050,3.454229
1542,2050,1.071874
1543,2050,1.027929
1544,2050,6.167172
1545,2050,8.638019
1546,2050,11.677923
1547,2050,9.875277
1548,2050,12.756237
1549,2050,14.602025
1550,2050,10.586119
1551,2050,12.974741
1552,2050,7.487311
1553,2050,105.298624
1554,2050,95.273138
1555,2050,30.949714
1556,2050,23.757945
1557,2050,0.168712
1558,2050,124.659102
1559,2050,1.143355
1560,2050,155.7053
1561,2050,60.55152
1562,2050,7.707147
1563,2050,15.371379
1564,2050,8.331745
1565,2050,13.885379
1566,2050,8.700863
1567,2050,10.671277
1568,2050,16.709631
1569,2050,58.470133
1570,2050,32.948463
1571,2050,74.722574
1572,2050,40.119613
1573,2050,33.660633
1574,2050,31.690339
1575,2050,102.130346
1576,2050,41.654787
1577,2050,61.359648
1578,2050,9.172835
1579,2050,9.957657
1580,2050,12.355527
1581,2050,14.106811
1582,2050,11.753938
1583,2050,14.360325
1584,2050,44.440259
1585,2050,42.864993
1586,2050,100.492671
1587,2050,100.918818
1588,2050,0.653726
1589,2050,0.330133
1590,2050,0.494835
1591,2050,5.072993
1592,2050,1.662742
1593,2050,4.976752
1594,2050,4.187828
1595,2050,6.952142
1596,2050,21.471846
1597,2050,0.656304
1598,2050,0.029114
1599,2050,2.975722
1600,2050,0.635227
1601,2050,43.262037
1602,2050,21.45387
1603,2050,1.821385
1604,2050,2.203879
1605,2050,65.806676
1606,2050,3.100447
1607,2050,82.404623
1608,2050,78.833687
1609,2050,78.853816
1610,2050,73.786007
1611,2050,4.003085
1612,2050,0.877911
1613,2050,28.664565
1614,2050,29.31839
1615,2050,67.31026
1616,2050,0.222341
1617,2050,1.41539
1618,2050,60.161208
1619,2050,11.6589
1620,2050,29.444484
1621,2050,16.520577
1622,2050,42.390323
1623,2050,5.503344
1624,2050,9.750303
1625,2050,12.046307
1627,2050,76.100639
1628,2050,66.810939
1629,2050,25.334168
1632,2050,1.535785
1639,2050,4.74584
1640,2050,57.009819
1641,2050,3.022767
1642,2050,12.291521
1643,2050,5.466854
1645,2050,6.880791
1646,2050,5.710782
1647,2050,6.944488
1648,2050,0.487392
1649,2050,3.46506
1650,2050,0.765535
1651,2050,4.100216
1652,2050,4.529353
1653,2050,1.756262
1654,2050,5.52358
1655,2050,11.716947
1656,2050,2.896053
1657,2050,7.395789
1658,2050,6.095591
1659,2050,7.380747
1661,2050,8.957054
1662,2050,4.8604
1663,2050,5.263651
1664,2050,2.338837
1665,2050,17.777092
1666,2050,7.490669
1668,2050,4.048841
1669,2050,7.195877
1670,2050,6.183465
1671,2050,2.153654
1672,2050,12.068738
1673,2050,12.291521
1674,2050,5.294318
1675,2050,10.303303
1676,2050,1.781965
1677,2050,11.598808
1678,2050,2.027717
1679,2050,1.280866
1680,2050,9.097976
1681,2050,6.507864
1682,2050,9.038561
1684,2050,5.6835
1685,2050,6.089069
1686,2050,10.595893
1687,2050,6.092023
1688,2050,5.104966
1689,2050,5.736255
1690,2050,0.932422
1691,2050,2.274236
1692,2050,1.642632
1693,2050,1.39757
1694,2050,10.063749
1695,2050,6.513093
1696,2050,2.010632
1697,2050,5.751551
1698,2050,9.744845
1699,2050,1.799802
1700,2050,6.337673
1702,2050,16.190814
1703,2050,11.283546
1704,2050,7.734186
1705,2050,1.612171
1706,2050,5.961593
1707,2050,39.56296
1708,2050,8.580416
1709,2050,0.788634
1710,2050,0.382266
1712,2050,0.463301
1713,2050,59.491645
1714,2050,27.237594
1715,2050,54.503339
1716,2050,16.974413
1717,2050,36.930829
1718,2050,26.474507
1719,2050,6.215866
1207,2050,6.863118
1137,2050,14.882553
1519,2050,14.882553
403,2050,26.221305
947,2050,10.927148
1521,2050,17.584932
1140,2050,0.877646
1296,2050,0.79385
1630,2050,1.820242
1631,2050,1.85971
28,2050,18.440629
381,2050,3.363582
521,2050,20.488998
713,2050,2.908235
1626,2050,3.749036
1633,2050,4.348002
1634,2050,1.597476
1635,2050,4.663621
1636,2050,18.347845
1637,2050,30.74375
1638,2050,30.74375
1367,2050,5.812211
1375,2050,24.77339
1376,2050,10.575018
1389,2050,4.601974
327,2050,17.401632
331,2050,7.362328
332,2050,7.464368
384,2050,8.61476
605,2050,11.824334
622,2050,5.202312
626,2050,7.736505
632,2050,5.941149
633,2050,16.260939
634,2050,7.736505
635,2050,6.949071
640,2050,7.198376
641,2050,6.679582
642,2050,3.207096
645,2050,6.414193
646,2050,7.736505
651,2050,6.414193
655,2050,8.527227
659,2050,7.288889
660,2050,4.283153
727,2050,8.882909
1090,2050,11.295068
1159,2050,10.574856
1248,2050,10.853732
1249,2050,12.868003
1279,2050,9.803628
1333,2050,12.857191
1340,2050,9.34466
1341,2050,4.338058
1353,2050,1.956278
1354,2050,13.191361
1355,2050,2.782453
1358,2050,7.511874
1359,2050,7.843022
1360,2050,6.08014
1363,2050,4.484283
1364,2050,3.328738
1365,2050,5.398794
1373,2050,8.600043
1423,2050,13.188891
1475,2050,5.765729
1476,2050,6.259442
637,2050,9.91163
1372,2050,8.226092
1361,2050,4.640959
609,2050,3.57384
738,2050,22.748577
639,2050,3.930029
26,2050,31.474575
636,2050,30.668031
653,2050,40.890708
353,2050,0.634652
397,2050,0.607606
532,2050,4.393577
1524,2050,6.331734
1497,2050,4.071735
671,2050,23.878553
1433,2050,4.915568
305,2050,2.132331
1667,2050,9.816639
1683,2050,4.190365
1701,2050,2.093277
1711,2050,24.299784
1644,2050,1.48415
1660,2050,0.298314
449,2050,37.296019
450,2050,29.175364
451,2050,31.040698
1098,2050,34.421581
