"Geo","Year","MixUseProp"
1,2019,NA
1,2050,NA
2,2019,NA
2,2050,NA
3,2019,NA
3,2050,NA
4,2019,NA
4,2050,NA
5,2019,NA
5,2050,NA
6,2019,NA
6,2050,NA
7,2019,NA
7,2050,NA
8,2019,NA
8,2050,NA
9,2019,NA
9,2050,NA
10,2019,NA
10,2050,NA
11,2019,NA
11,2050,NA
12,2019,NA
12,2050,NA
13,2019,NA
13,2050,NA
14,2019,NA
14,2050,NA
15,2019,NA
15,2050,NA
16,2019,NA
16,2050,NA
17,2019,NA
17,2050,NA
18,2019,NA
18,2050,NA
19,2019,NA
19,2050,NA
20,2019,NA
20,2050,NA
21,2019,NA
21,2050,NA
22,2019,NA
22,2050,NA
23,2019,NA
23,2050,NA
24,2019,NA
24,2050,NA
25,2019,NA
25,2050,NA
26,2019,NA
26,2050,NA
27,2019,NA
27,2050,NA
28,2019,NA
28,2050,NA
29,2019,NA
29,2050,NA
30,2019,NA
30,2050,NA
31,2019,NA
31,2050,NA
32,2019,NA
32,2050,NA
33,2019,NA
33,2050,NA
34,2019,NA
34,2050,NA
35,2019,NA
35,2050,NA
36,2019,NA
36,2050,NA
37,2019,NA
37,2050,NA
38,2019,NA
38,2050,NA
39,2019,NA
39,2050,NA
40,2019,NA
40,2050,NA
41,2019,NA
41,2050,NA
42,2019,NA
42,2050,NA
43,2019,NA
43,2050,NA
44,2019,NA
44,2050,NA
45,2019,NA
45,2050,NA
46,2019,NA
46,2050,NA
47,2019,NA
47,2050,NA
48,2019,NA
48,2050,NA
49,2019,NA
49,2050,NA
50,2019,NA
50,2050,NA
51,2019,NA
51,2050,NA
52,2019,NA
52,2050,NA
53,2019,NA
53,2050,NA
54,2019,NA
54,2050,NA
55,2019,NA
55,2050,NA
56,2019,NA
56,2050,NA
57,2019,NA
57,2050,NA
58,2019,NA
58,2050,NA
59,2019,NA
59,2050,NA
60,2019,NA
60,2050,NA
61,2019,NA
61,2050,NA
62,2019,NA
62,2050,NA
63,2019,NA
63,2050,NA
64,2019,NA
64,2050,NA
65,2019,NA
65,2050,NA
66,2019,NA
66,2050,NA
67,2019,NA
67,2050,NA
68,2019,NA
68,2050,NA
69,2019,NA
69,2050,NA
70,2019,NA
70,2050,NA
71,2019,NA
71,2050,NA
72,2019,NA
72,2050,NA
73,2019,NA
73,2050,NA
74,2019,NA
74,2050,NA
75,2019,NA
75,2050,NA
76,2019,NA
76,2050,NA
77,2019,NA
77,2050,NA
78,2019,NA
78,2050,NA
79,2019,NA
79,2050,NA
80,2019,NA
80,2050,NA
81,2019,NA
81,2050,NA
82,2019,NA
82,2050,NA
83,2019,NA
83,2050,NA
84,2019,NA
84,2050,NA
85,2019,NA
85,2050,NA
86,2019,NA
86,2050,NA
87,2019,NA
87,2050,NA
88,2019,NA
88,2050,NA
89,2019,NA
89,2050,NA
90,2019,NA
90,2050,NA
91,2019,NA
91,2050,NA
92,2019,NA
92,2050,NA
93,2019,NA
93,2050,NA
94,2019,NA
94,2050,NA
95,2019,NA
95,2050,NA
96,2019,NA
96,2050,NA
97,2019,NA
97,2050,NA
98,2019,NA
98,2050,NA
99,2019,NA
99,2050,NA
100,2019,NA
100,2050,NA
101,2019,NA
101,2050,NA
102,2019,NA
102,2050,NA
103,2019,NA
103,2050,NA
104,2019,NA
104,2050,NA
105,2019,NA
105,2050,NA
106,2019,NA
106,2050,NA
107,2019,NA
107,2050,NA
108,2019,NA
108,2050,NA
109,2019,NA
109,2050,NA
110,2019,NA
110,2050,NA
111,2019,NA
111,2050,NA
112,2019,NA
112,2050,NA
113,2019,NA
113,2050,NA
114,2019,NA
114,2050,NA
115,2019,NA
115,2050,NA
116,2019,NA
116,2050,NA
117,2019,NA
117,2050,NA
118,2019,NA
118,2050,NA
119,2019,NA
119,2050,NA
120,2019,NA
120,2050,NA
121,2019,NA
121,2050,NA
122,2019,NA
122,2050,NA
123,2019,NA
123,2050,NA
124,2019,NA
124,2050,NA
125,2019,NA
125,2050,NA
126,2019,NA
126,2050,NA
127,2019,NA
127,2050,NA
128,2019,NA
128,2050,NA
129,2019,NA
129,2050,NA
130,2019,NA
130,2050,NA
131,2019,NA
131,2050,NA
132,2019,NA
132,2050,NA
133,2019,NA
133,2050,NA
134,2019,NA
134,2050,NA
135,2019,NA
135,2050,NA
136,2019,NA
136,2050,NA
137,2019,NA
137,2050,NA
138,2019,NA
138,2050,NA
139,2019,NA
139,2050,NA
140,2019,NA
140,2050,NA
141,2019,NA
141,2050,NA
142,2019,NA
142,2050,NA
143,2019,NA
143,2050,NA
144,2019,NA
144,2050,NA
145,2019,NA
145,2050,NA
146,2019,NA
146,2050,NA
147,2019,NA
147,2050,NA
148,2019,NA
148,2050,NA
149,2019,NA
149,2050,NA
150,2019,NA
150,2050,NA
151,2019,NA
151,2050,NA
152,2019,NA
152,2050,NA
153,2019,NA
153,2050,NA
154,2019,NA
154,2050,NA
155,2019,NA
155,2050,NA
156,2019,NA
156,2050,NA
157,2019,NA
157,2050,NA
158,2019,NA
158,2050,NA
159,2019,NA
159,2050,NA
160,2019,NA
160,2050,NA
161,2019,NA
161,2050,NA
162,2019,NA
162,2050,NA
163,2019,NA
163,2050,NA
164,2019,NA
164,2050,NA
165,2019,NA
165,2050,NA
166,2019,NA
166,2050,NA
167,2019,NA
167,2050,NA
168,2019,NA
168,2050,NA
169,2019,NA
169,2050,NA
170,2019,NA
170,2050,NA
171,2019,NA
171,2050,NA
172,2019,NA
172,2050,NA
173,2019,NA
173,2050,NA
174,2019,NA
174,2050,NA
175,2019,NA
175,2050,NA
176,2019,NA
176,2050,NA
177,2019,NA
177,2050,NA
178,2019,NA
178,2050,NA
179,2019,NA
179,2050,NA
180,2019,NA
180,2050,NA
181,2019,NA
181,2050,NA
182,2019,NA
182,2050,NA
183,2019,NA
183,2050,NA
184,2019,NA
184,2050,NA
185,2019,NA
185,2050,NA
186,2019,NA
186,2050,NA
187,2019,NA
187,2050,NA
188,2019,NA
188,2050,NA
189,2019,NA
189,2050,NA
190,2019,NA
190,2050,NA
191,2019,NA
191,2050,NA
192,2019,NA
192,2050,NA
193,2019,NA
193,2050,NA
194,2019,NA
194,2050,NA
195,2019,NA
195,2050,NA
196,2019,NA
196,2050,NA
197,2019,NA
197,2050,NA
198,2019,NA
198,2050,NA
199,2019,NA
199,2050,NA
200,2019,NA
200,2050,NA
201,2019,NA
201,2050,NA
202,2019,NA
202,2050,NA
203,2019,NA
203,2050,NA
204,2019,NA
204,2050,NA
205,2019,NA
205,2050,NA
206,2019,NA
206,2050,NA
207,2019,NA
207,2050,NA
208,2019,NA
208,2050,NA
209,2019,NA
209,2050,NA
210,2019,NA
210,2050,NA
211,2019,NA
211,2050,NA
212,2019,NA
212,2050,NA
213,2019,NA
213,2050,NA
214,2019,NA
214,2050,NA
215,2019,NA
215,2050,NA
216,2019,NA
216,2050,NA
217,2019,NA
217,2050,NA
218,2019,NA
218,2050,NA
219,2019,NA
219,2050,NA
220,2019,NA
220,2050,NA
221,2019,NA
221,2050,NA
222,2019,NA
222,2050,NA
223,2019,NA
223,2050,NA
224,2019,NA
224,2050,NA
225,2019,NA
225,2050,NA
226,2019,NA
226,2050,NA
227,2019,NA
227,2050,NA
228,2019,NA
228,2050,NA
229,2019,NA
229,2050,NA
230,2019,NA
230,2050,NA
231,2019,NA
231,2050,NA
232,2019,NA
232,2050,NA
233,2019,NA
233,2050,NA
234,2019,NA
234,2050,NA
235,2019,NA
235,2050,NA
236,2019,NA
236,2050,NA
237,2019,NA
237,2050,NA
238,2019,NA
238,2050,NA
239,2019,NA
239,2050,NA
240,2019,NA
240,2050,NA
241,2019,NA
241,2050,NA
242,2019,NA
242,2050,NA
243,2019,NA
243,2050,NA
244,2019,NA
244,2050,NA
245,2019,NA
245,2050,NA
246,2019,NA
246,2050,NA
247,2019,NA
247,2050,NA
248,2019,NA
248,2050,NA
249,2019,NA
249,2050,NA
250,2019,NA
250,2050,NA
251,2019,NA
251,2050,NA
252,2019,NA
252,2050,NA
253,2019,NA
253,2050,NA
254,2019,NA
254,2050,NA
255,2019,NA
255,2050,NA
256,2019,NA
256,2050,NA
257,2019,NA
257,2050,NA
258,2019,NA
258,2050,NA
259,2019,NA
259,2050,NA
260,2019,NA
260,2050,NA
261,2019,NA
261,2050,NA
262,2019,NA
262,2050,NA
263,2019,NA
263,2050,NA
264,2019,NA
264,2050,NA
265,2019,NA
265,2050,NA
266,2019,NA
266,2050,NA
267,2019,NA
267,2050,NA
268,2019,NA
268,2050,NA
269,2019,NA
269,2050,NA
270,2019,NA
270,2050,NA
271,2019,NA
271,2050,NA
272,2019,NA
272,2050,NA
273,2019,NA
273,2050,NA
274,2019,NA
274,2050,NA
275,2019,NA
275,2050,NA
276,2019,NA
276,2050,NA
277,2019,NA
277,2050,NA
278,2019,NA
278,2050,NA
279,2019,NA
279,2050,NA
280,2019,NA
280,2050,NA
281,2019,NA
281,2050,NA
282,2019,NA
282,2050,NA
283,2019,NA
283,2050,NA
284,2019,NA
284,2050,NA
285,2019,NA
285,2050,NA
286,2019,NA
286,2050,NA
287,2019,NA
287,2050,NA
288,2019,NA
288,2050,NA
289,2019,NA
289,2050,NA
290,2019,NA
290,2050,NA
291,2019,NA
291,2050,NA
292,2019,NA
292,2050,NA
293,2019,NA
293,2050,NA
294,2019,NA
294,2050,NA
295,2019,NA
295,2050,NA
296,2019,NA
296,2050,NA
297,2019,NA
297,2050,NA
298,2019,NA
298,2050,NA
299,2019,NA
299,2050,NA
300,2019,NA
300,2050,NA
301,2019,NA
301,2050,NA
302,2019,NA
302,2050,NA
303,2019,NA
303,2050,NA
304,2019,NA
304,2050,NA
305,2019,NA
305,2050,NA
306,2019,NA
306,2050,NA
307,2019,NA
307,2050,NA
308,2019,NA
308,2050,NA
309,2019,NA
309,2050,NA
310,2019,NA
310,2050,NA
311,2019,NA
311,2050,NA
312,2019,NA
312,2050,NA
313,2019,NA
313,2050,NA
314,2019,NA
314,2050,NA
315,2019,NA
315,2050,NA
316,2019,NA
316,2050,NA
317,2019,NA
317,2050,NA
318,2019,NA
318,2050,NA
319,2019,NA
319,2050,NA
320,2019,NA
320,2050,NA
321,2019,NA
321,2050,NA
322,2019,NA
322,2050,NA
323,2019,NA
323,2050,NA
324,2019,NA
324,2050,NA
325,2019,NA
325,2050,NA
326,2019,NA
326,2050,NA
327,2019,NA
327,2050,NA
328,2019,NA
328,2050,NA
329,2019,NA
329,2050,NA
330,2019,NA
330,2050,NA
331,2019,NA
331,2050,NA
332,2019,NA
332,2050,NA
333,2019,NA
333,2050,NA
334,2019,NA
334,2050,NA
335,2019,NA
335,2050,NA
336,2019,NA
336,2050,NA
337,2019,NA
337,2050,NA
338,2019,NA
338,2050,NA
339,2019,NA
339,2050,NA
340,2019,NA
340,2050,NA
341,2019,NA
341,2050,NA
342,2019,NA
342,2050,NA
343,2019,NA
343,2050,NA
344,2019,NA
344,2050,NA
345,2019,NA
345,2050,NA
346,2019,NA
346,2050,NA
347,2019,NA
347,2050,NA
348,2019,NA
348,2050,NA
349,2019,NA
349,2050,NA
350,2019,NA
350,2050,NA
351,2019,NA
351,2050,NA
352,2019,NA
352,2050,NA
353,2019,NA
353,2050,NA
354,2019,NA
354,2050,NA
355,2019,NA
355,2050,NA
356,2019,NA
356,2050,NA
357,2019,NA
357,2050,NA
358,2019,NA
358,2050,NA
359,2019,NA
359,2050,NA
360,2019,NA
360,2050,NA
361,2019,NA
361,2050,NA
362,2019,NA
362,2050,NA
363,2019,NA
363,2050,NA
364,2019,NA
364,2050,NA
365,2019,NA
365,2050,NA
366,2019,NA
366,2050,NA
367,2019,NA
367,2050,NA
368,2019,NA
368,2050,NA
369,2019,NA
369,2050,NA
370,2019,NA
370,2050,NA
371,2019,NA
371,2050,NA
372,2019,NA
372,2050,NA
373,2019,NA
373,2050,NA
374,2019,NA
374,2050,NA
375,2019,NA
375,2050,NA
376,2019,NA
376,2050,NA
377,2019,NA
377,2050,NA
378,2019,NA
378,2050,NA
379,2019,NA
379,2050,NA
380,2019,NA
380,2050,NA
381,2019,NA
381,2050,NA
382,2019,NA
382,2050,NA
383,2019,NA
383,2050,NA
384,2019,NA
384,2050,NA
385,2019,NA
385,2050,NA
386,2019,NA
386,2050,NA
387,2019,NA
387,2050,NA
388,2019,NA
388,2050,NA
389,2019,NA
389,2050,NA
390,2019,NA
390,2050,NA
391,2019,NA
391,2050,NA
392,2019,NA
392,2050,NA
393,2019,NA
393,2050,NA
394,2019,NA
394,2050,NA
395,2019,NA
395,2050,NA
396,2019,NA
396,2050,NA
397,2019,NA
397,2050,NA
398,2019,NA
398,2050,NA
399,2019,NA
399,2050,NA
400,2019,NA
400,2050,NA
401,2019,NA
401,2050,NA
402,2019,NA
402,2050,NA
403,2019,NA
403,2050,NA
404,2019,NA
404,2050,NA
405,2019,NA
405,2050,NA
406,2019,NA
406,2050,NA
407,2019,NA
407,2050,NA
408,2019,NA
408,2050,NA
409,2019,NA
409,2050,NA
410,2019,NA
410,2050,NA
411,2019,NA
411,2050,NA
412,2019,NA
412,2050,NA
413,2019,NA
413,2050,NA
414,2019,NA
414,2050,NA
415,2019,NA
415,2050,NA
416,2019,NA
416,2050,NA
417,2019,NA
417,2050,NA
418,2019,NA
418,2050,NA
419,2019,NA
419,2050,NA
420,2019,NA
420,2050,NA
421,2019,NA
421,2050,NA
422,2019,NA
422,2050,NA
423,2019,NA
423,2050,NA
424,2019,NA
424,2050,NA
425,2019,NA
425,2050,NA
426,2019,NA
426,2050,NA
427,2019,NA
427,2050,NA
428,2019,NA
428,2050,NA
429,2019,NA
429,2050,NA
430,2019,NA
430,2050,NA
431,2019,NA
431,2050,NA
432,2019,NA
432,2050,NA
433,2019,NA
433,2050,NA
434,2019,NA
434,2050,NA
435,2019,NA
435,2050,NA
436,2019,NA
436,2050,NA
437,2019,NA
437,2050,NA
438,2019,NA
438,2050,NA
439,2019,NA
439,2050,NA
440,2019,NA
440,2050,NA
441,2019,NA
441,2050,NA
442,2019,NA
442,2050,NA
443,2019,NA
443,2050,NA
444,2019,NA
444,2050,NA
445,2019,NA
445,2050,NA
446,2019,NA
446,2050,NA
447,2019,NA
447,2050,NA
448,2019,NA
448,2050,NA
449,2019,NA
449,2050,NA
450,2019,NA
450,2050,NA
451,2019,NA
451,2050,NA
452,2019,NA
452,2050,NA
453,2019,NA
453,2050,NA
454,2019,NA
454,2050,NA
455,2019,NA
455,2050,NA
456,2019,NA
456,2050,NA
457,2019,NA
457,2050,NA
458,2019,NA
458,2050,NA
459,2019,NA
459,2050,NA
460,2019,NA
460,2050,NA
461,2019,NA
461,2050,NA
462,2019,NA
462,2050,NA
463,2019,NA
463,2050,NA
464,2019,NA
464,2050,NA
465,2019,NA
465,2050,NA
466,2019,NA
466,2050,NA
467,2019,NA
467,2050,NA
468,2019,NA
468,2050,NA
469,2019,NA
469,2050,NA
470,2019,NA
470,2050,NA
471,2019,NA
471,2050,NA
472,2019,NA
472,2050,NA
473,2019,NA
473,2050,NA
474,2019,NA
474,2050,NA
475,2019,NA
475,2050,NA
476,2019,NA
476,2050,NA
477,2019,NA
477,2050,NA
478,2019,NA
478,2050,NA
479,2019,NA
479,2050,NA
480,2019,NA
480,2050,NA
481,2019,NA
481,2050,NA
482,2019,NA
482,2050,NA
483,2019,NA
483,2050,NA
484,2019,NA
484,2050,NA
485,2019,NA
485,2050,NA
486,2019,NA
486,2050,NA
487,2019,NA
487,2050,NA
488,2019,NA
488,2050,NA
489,2019,NA
489,2050,NA
490,2019,NA
490,2050,NA
491,2019,NA
491,2050,NA
492,2019,NA
492,2050,NA
493,2019,NA
493,2050,NA
494,2019,NA
494,2050,NA
495,2019,NA
495,2050,NA
496,2019,NA
496,2050,NA
497,2019,NA
497,2050,NA
498,2019,NA
498,2050,NA
499,2019,NA
499,2050,NA
500,2019,NA
500,2050,NA
501,2019,NA
501,2050,NA
502,2019,NA
502,2050,NA
503,2019,NA
503,2050,NA
504,2019,NA
504,2050,NA
505,2019,NA
505,2050,NA
506,2019,NA
506,2050,NA
507,2019,NA
507,2050,NA
508,2019,NA
508,2050,NA
509,2019,NA
509,2050,NA
510,2019,NA
510,2050,NA
511,2019,NA
511,2050,NA
512,2019,NA
512,2050,NA
513,2019,NA
513,2050,NA
514,2019,NA
514,2050,NA
515,2019,NA
515,2050,NA
516,2019,NA
516,2050,NA
517,2019,NA
517,2050,NA
518,2019,NA
518,2050,NA
519,2019,NA
519,2050,NA
520,2019,NA
520,2050,NA
521,2019,NA
521,2050,NA
522,2019,NA
522,2050,NA
523,2019,NA
523,2050,NA
524,2019,NA
524,2050,NA
525,2019,NA
525,2050,NA
526,2019,NA
526,2050,NA
527,2019,NA
527,2050,NA
528,2019,NA
528,2050,NA
529,2019,NA
529,2050,NA
530,2019,NA
530,2050,NA
531,2019,NA
531,2050,NA
532,2019,NA
532,2050,NA
533,2019,NA
533,2050,NA
534,2019,NA
534,2050,NA
535,2019,NA
535,2050,NA
536,2019,NA
536,2050,NA
537,2019,NA
537,2050,NA
538,2019,NA
538,2050,NA
539,2019,NA
539,2050,NA
540,2019,NA
540,2050,NA
541,2019,NA
541,2050,NA
542,2019,NA
542,2050,NA
543,2019,NA
543,2050,NA
544,2019,NA
544,2050,NA
545,2019,NA
545,2050,NA
546,2019,NA
546,2050,NA
547,2019,NA
547,2050,NA
548,2019,NA
548,2050,NA
549,2019,NA
549,2050,NA
550,2019,NA
550,2050,NA
551,2019,NA
551,2050,NA
552,2019,NA
552,2050,NA
553,2019,NA
553,2050,NA
554,2019,NA
554,2050,NA
555,2019,NA
555,2050,NA
556,2019,NA
556,2050,NA
557,2019,NA
557,2050,NA
558,2019,NA
558,2050,NA
559,2019,NA
559,2050,NA
560,2019,NA
560,2050,NA
561,2019,NA
561,2050,NA
562,2019,NA
562,2050,NA
563,2019,NA
563,2050,NA
564,2019,NA
564,2050,NA
565,2019,NA
565,2050,NA
566,2019,NA
566,2050,NA
567,2019,NA
567,2050,NA
568,2019,NA
568,2050,NA
569,2019,NA
569,2050,NA
570,2019,NA
570,2050,NA
571,2019,NA
571,2050,NA
572,2019,NA
572,2050,NA
573,2019,NA
573,2050,NA
574,2019,NA
574,2050,NA
575,2019,NA
575,2050,NA
576,2019,NA
576,2050,NA
577,2019,NA
577,2050,NA
578,2019,NA
578,2050,NA
579,2019,NA
579,2050,NA
580,2019,NA
580,2050,NA
581,2019,NA
581,2050,NA
582,2019,NA
582,2050,NA
583,2019,NA
583,2050,NA
584,2019,NA
584,2050,NA
585,2019,NA
585,2050,NA
586,2019,NA
586,2050,NA
587,2019,NA
587,2050,NA
588,2019,NA
588,2050,NA
589,2019,NA
589,2050,NA
590,2019,NA
590,2050,NA
591,2019,NA
591,2050,NA
592,2019,NA
592,2050,NA
593,2019,NA
593,2050,NA
594,2019,NA
594,2050,NA
595,2019,NA
595,2050,NA
596,2019,NA
596,2050,NA
597,2019,NA
597,2050,NA
598,2019,NA
598,2050,NA
599,2019,NA
599,2050,NA
600,2019,NA
600,2050,NA
601,2019,NA
601,2050,NA
602,2019,NA
602,2050,NA
603,2019,NA
603,2050,NA
604,2019,NA
604,2050,NA
605,2019,NA
605,2050,NA
606,2019,NA
606,2050,NA
607,2019,NA
607,2050,NA
608,2019,NA
608,2050,NA
609,2019,NA
609,2050,NA
610,2019,NA
610,2050,NA
611,2019,NA
611,2050,NA
612,2019,NA
612,2050,NA
613,2019,NA
613,2050,NA
614,2019,NA
614,2050,NA
615,2019,NA
615,2050,NA
616,2019,NA
616,2050,NA
617,2019,NA
617,2050,NA
618,2019,NA
618,2050,NA
619,2019,NA
619,2050,NA
620,2019,NA
620,2050,NA
621,2019,NA
621,2050,NA
622,2019,NA
622,2050,NA
623,2019,NA
623,2050,NA
624,2019,NA
624,2050,NA
625,2019,NA
625,2050,NA
626,2019,NA
626,2050,NA
627,2019,NA
627,2050,NA
628,2019,NA
628,2050,NA
629,2019,NA
629,2050,NA
630,2019,NA
630,2050,NA
631,2019,NA
631,2050,NA
632,2019,NA
632,2050,NA
633,2019,NA
633,2050,NA
634,2019,NA
634,2050,NA
635,2019,NA
635,2050,NA
636,2019,NA
636,2050,NA
637,2019,NA
637,2050,NA
638,2019,NA
638,2050,NA
639,2019,NA
639,2050,NA
640,2019,NA
640,2050,NA
641,2019,NA
641,2050,NA
642,2019,NA
642,2050,NA
643,2019,NA
643,2050,NA
644,2019,NA
644,2050,NA
645,2019,NA
645,2050,NA
646,2019,NA
646,2050,NA
647,2019,NA
647,2050,NA
648,2019,NA
648,2050,NA
649,2019,NA
649,2050,NA
650,2019,NA
650,2050,NA
651,2019,NA
651,2050,NA
652,2019,NA
652,2050,NA
653,2019,NA
653,2050,NA
654,2019,NA
654,2050,NA
655,2019,NA
655,2050,NA
656,2019,NA
656,2050,NA
657,2019,NA
657,2050,NA
658,2019,NA
658,2050,NA
659,2019,NA
659,2050,NA
660,2019,NA
660,2050,NA
661,2019,NA
661,2050,NA
662,2019,NA
662,2050,NA
663,2019,NA
663,2050,NA
664,2019,NA
664,2050,NA
665,2019,NA
665,2050,NA
666,2019,NA
666,2050,NA
667,2019,NA
667,2050,NA
668,2019,NA
668,2050,NA
669,2019,NA
669,2050,NA
670,2019,NA
670,2050,NA
671,2019,NA
671,2050,NA
672,2019,NA
672,2050,NA
673,2019,NA
673,2050,NA
674,2019,NA
674,2050,NA
675,2019,NA
675,2050,NA
676,2019,NA
676,2050,NA
677,2019,NA
677,2050,NA
678,2019,NA
678,2050,NA
679,2019,NA
679,2050,NA
680,2019,NA
680,2050,NA
681,2019,NA
681,2050,NA
682,2019,NA
682,2050,NA
683,2019,NA
683,2050,NA
684,2019,NA
684,2050,NA
685,2019,NA
685,2050,NA
686,2019,NA
686,2050,NA
687,2019,NA
687,2050,NA
688,2019,NA
688,2050,NA
689,2019,NA
689,2050,NA
690,2019,NA
690,2050,NA
691,2019,NA
691,2050,NA
692,2019,NA
692,2050,NA
693,2019,NA
693,2050,NA
694,2019,NA
694,2050,NA
695,2019,NA
695,2050,NA
696,2019,NA
696,2050,NA
697,2019,NA
697,2050,NA
698,2019,NA
698,2050,NA
699,2019,NA
699,2050,NA
700,2019,NA
700,2050,NA
701,2019,NA
701,2050,NA
702,2019,NA
702,2050,NA
703,2019,NA
703,2050,NA
704,2019,NA
704,2050,NA
705,2019,NA
705,2050,NA
706,2019,NA
706,2050,NA
707,2019,NA
707,2050,NA
708,2019,NA
708,2050,NA
709,2019,NA
709,2050,NA
710,2019,NA
710,2050,NA
711,2019,NA
711,2050,NA
712,2019,NA
712,2050,NA
713,2019,NA
713,2050,NA
714,2019,NA
714,2050,NA
715,2019,NA
715,2050,NA
716,2019,NA
716,2050,NA
717,2019,NA
717,2050,NA
718,2019,NA
718,2050,NA
719,2019,NA
719,2050,NA
720,2019,NA
720,2050,NA
721,2019,NA
721,2050,NA
722,2019,NA
722,2050,NA
723,2019,NA
723,2050,NA
724,2019,NA
724,2050,NA
725,2019,NA
725,2050,NA
726,2019,NA
726,2050,NA
727,2019,NA
727,2050,NA
728,2019,NA
728,2050,NA
729,2019,NA
729,2050,NA
730,2019,NA
730,2050,NA
731,2019,NA
731,2050,NA
732,2019,NA
732,2050,NA
733,2019,NA
733,2050,NA
734,2019,NA
734,2050,NA
735,2019,NA
735,2050,NA
736,2019,NA
736,2050,NA
737,2019,NA
737,2050,NA
738,2019,NA
738,2050,NA
739,2019,NA
739,2050,NA
740,2019,NA
740,2050,NA
741,2019,NA
741,2050,NA
742,2019,NA
742,2050,NA
743,2019,NA
743,2050,NA
744,2019,NA
744,2050,NA
745,2019,NA
745,2050,NA
746,2019,NA
746,2050,NA
747,2019,NA
747,2050,NA
748,2019,NA
748,2050,NA
749,2019,NA
749,2050,NA
750,2019,NA
750,2050,NA
751,2019,NA
751,2050,NA
752,2019,NA
752,2050,NA
753,2019,NA
753,2050,NA
754,2019,NA
754,2050,NA
755,2019,NA
755,2050,NA
756,2019,NA
756,2050,NA
757,2019,NA
757,2050,NA
758,2019,NA
758,2050,NA
759,2019,NA
759,2050,NA
760,2019,NA
760,2050,NA
761,2019,NA
761,2050,NA
762,2019,NA
762,2050,NA
763,2019,NA
763,2050,NA
764,2019,NA
764,2050,NA
765,2019,NA
765,2050,NA
766,2019,NA
766,2050,NA
767,2019,NA
767,2050,NA
768,2019,NA
768,2050,NA
769,2019,NA
769,2050,NA
770,2019,NA
770,2050,NA
771,2019,NA
771,2050,NA
772,2019,NA
772,2050,NA
773,2019,NA
773,2050,NA
774,2019,NA
774,2050,NA
775,2019,NA
775,2050,NA
776,2019,NA
776,2050,NA
777,2019,NA
777,2050,NA
778,2019,NA
778,2050,NA
779,2019,NA
779,2050,NA
780,2019,NA
780,2050,NA
781,2019,NA
781,2050,NA
782,2019,NA
782,2050,NA
783,2019,NA
783,2050,NA
784,2019,NA
784,2050,NA
785,2019,NA
785,2050,NA
786,2019,NA
786,2050,NA
787,2019,NA
787,2050,NA
788,2019,NA
788,2050,NA
789,2019,NA
789,2050,NA
790,2019,NA
790,2050,NA
791,2019,NA
791,2050,NA
792,2019,NA
792,2050,NA
793,2019,NA
793,2050,NA
794,2019,NA
794,2050,NA
795,2019,NA
795,2050,NA
796,2019,NA
796,2050,NA
797,2019,NA
797,2050,NA
798,2019,NA
798,2050,NA
799,2019,NA
799,2050,NA
800,2019,NA
800,2050,NA
801,2019,NA
801,2050,NA
802,2019,NA
802,2050,NA
803,2019,NA
803,2050,NA
804,2019,NA
804,2050,NA
805,2019,NA
805,2050,NA
806,2019,NA
806,2050,NA
807,2019,NA
807,2050,NA
808,2019,NA
808,2050,NA
809,2019,NA
809,2050,NA
810,2019,NA
810,2050,NA
811,2019,NA
811,2050,NA
812,2019,NA
812,2050,NA
813,2019,NA
813,2050,NA
814,2019,NA
814,2050,NA
815,2019,NA
815,2050,NA
816,2019,NA
816,2050,NA
817,2019,NA
817,2050,NA
818,2019,NA
818,2050,NA
819,2019,NA
819,2050,NA
820,2019,NA
820,2050,NA
821,2019,NA
821,2050,NA
822,2019,NA
822,2050,NA
823,2019,NA
823,2050,NA
824,2019,NA
824,2050,NA
825,2019,NA
825,2050,NA
826,2019,NA
826,2050,NA
827,2019,NA
827,2050,NA
828,2019,NA
828,2050,NA
829,2019,NA
829,2050,NA
830,2019,NA
830,2050,NA
831,2019,NA
831,2050,NA
832,2019,NA
832,2050,NA
833,2019,NA
833,2050,NA
834,2019,NA
834,2050,NA
835,2019,NA
835,2050,NA
836,2019,NA
836,2050,NA
837,2019,NA
837,2050,NA
838,2019,NA
838,2050,NA
839,2019,NA
839,2050,NA
840,2019,NA
840,2050,NA
841,2019,NA
841,2050,NA
842,2019,NA
842,2050,NA
843,2019,NA
843,2050,NA
844,2019,NA
844,2050,NA
845,2019,NA
845,2050,NA
846,2019,NA
846,2050,NA
847,2019,NA
847,2050,NA
848,2019,NA
848,2050,NA
849,2019,NA
849,2050,NA
850,2019,NA
850,2050,NA
851,2019,NA
851,2050,NA
852,2019,NA
852,2050,NA
853,2019,NA
853,2050,NA
854,2019,NA
854,2050,NA
855,2019,NA
855,2050,NA
856,2019,NA
856,2050,NA
857,2019,NA
857,2050,NA
858,2019,NA
858,2050,NA
859,2019,NA
859,2050,NA
860,2019,NA
860,2050,NA
861,2019,NA
861,2050,NA
862,2019,NA
862,2050,NA
863,2019,NA
863,2050,NA
864,2019,NA
864,2050,NA
865,2019,NA
865,2050,NA
866,2019,NA
866,2050,NA
867,2019,NA
867,2050,NA
868,2019,NA
868,2050,NA
869,2019,NA
869,2050,NA
870,2019,NA
870,2050,NA
871,2019,NA
871,2050,NA
872,2019,NA
872,2050,NA
873,2019,NA
873,2050,NA
874,2019,NA
874,2050,NA
875,2019,NA
875,2050,NA
876,2019,NA
876,2050,NA
877,2019,NA
877,2050,NA
878,2019,NA
878,2050,NA
879,2019,NA
879,2050,NA
880,2019,NA
880,2050,NA
881,2019,NA
881,2050,NA
882,2019,NA
882,2050,NA
883,2019,NA
883,2050,NA
884,2019,NA
884,2050,NA
885,2019,NA
885,2050,NA
886,2019,NA
886,2050,NA
887,2019,NA
887,2050,NA
888,2019,NA
888,2050,NA
889,2019,NA
889,2050,NA
890,2019,NA
890,2050,NA
891,2019,NA
891,2050,NA
892,2019,NA
892,2050,NA
893,2019,NA
893,2050,NA
894,2019,NA
894,2050,NA
895,2019,NA
895,2050,NA
896,2019,NA
896,2050,NA
897,2019,NA
897,2050,NA
898,2019,NA
898,2050,NA
899,2019,NA
899,2050,NA
900,2019,NA
900,2050,NA
901,2019,NA
901,2050,NA
902,2019,NA
902,2050,NA
903,2019,NA
903,2050,NA
904,2019,NA
904,2050,NA
905,2019,NA
905,2050,NA
906,2019,NA
906,2050,NA
907,2019,NA
907,2050,NA
908,2019,NA
908,2050,NA
909,2019,NA
909,2050,NA
910,2019,NA
910,2050,NA
911,2019,NA
911,2050,NA
912,2019,NA
912,2050,NA
913,2019,NA
913,2050,NA
914,2019,NA
914,2050,NA
915,2019,NA
915,2050,NA
916,2019,NA
916,2050,NA
917,2019,NA
917,2050,NA
918,2019,NA
918,2050,NA
919,2019,NA
919,2050,NA
920,2019,NA
920,2050,NA
921,2019,NA
921,2050,NA
922,2019,NA
922,2050,NA
923,2019,NA
923,2050,NA
924,2019,NA
924,2050,NA
925,2019,NA
925,2050,NA
926,2019,NA
926,2050,NA
927,2019,NA
927,2050,NA
928,2019,NA
928,2050,NA
929,2019,NA
929,2050,NA
930,2019,NA
930,2050,NA
931,2019,NA
931,2050,NA
932,2019,NA
932,2050,NA
933,2019,NA
933,2050,NA
934,2019,NA
934,2050,NA
935,2019,NA
935,2050,NA
936,2019,NA
936,2050,NA
937,2019,NA
937,2050,NA
938,2019,NA
938,2050,NA
939,2019,NA
939,2050,NA
940,2019,NA
940,2050,NA
941,2019,NA
941,2050,NA
942,2019,NA
942,2050,NA
943,2019,NA
943,2050,NA
944,2019,NA
944,2050,NA
945,2019,NA
945,2050,NA
946,2019,NA
946,2050,NA
947,2019,NA
947,2050,NA
948,2019,NA
948,2050,NA
949,2019,NA
949,2050,NA
950,2019,NA
950,2050,NA
951,2019,NA
951,2050,NA
952,2019,NA
952,2050,NA
953,2019,NA
953,2050,NA
954,2019,NA
954,2050,NA
955,2019,NA
955,2050,NA
956,2019,NA
956,2050,NA
957,2019,NA
957,2050,NA
958,2019,NA
958,2050,NA
959,2019,NA
959,2050,NA
960,2019,NA
960,2050,NA
961,2019,NA
961,2050,NA
962,2019,NA
962,2050,NA
963,2019,NA
963,2050,NA
964,2019,NA
964,2050,NA
965,2019,NA
965,2050,NA
966,2019,NA
966,2050,NA
967,2019,NA
967,2050,NA
968,2019,NA
968,2050,NA
969,2019,NA
969,2050,NA
970,2019,NA
970,2050,NA
971,2019,NA
971,2050,NA
972,2019,NA
972,2050,NA
973,2019,NA
973,2050,NA
974,2019,NA
974,2050,NA
975,2019,NA
975,2050,NA
976,2019,NA
976,2050,NA
977,2019,NA
977,2050,NA
978,2019,NA
978,2050,NA
979,2019,NA
979,2050,NA
980,2019,NA
980,2050,NA
981,2019,NA
981,2050,NA
982,2019,NA
982,2050,NA
983,2019,NA
983,2050,NA
984,2019,NA
984,2050,NA
985,2019,NA
985,2050,NA
986,2019,NA
986,2050,NA
987,2019,NA
987,2050,NA
988,2019,NA
988,2050,NA
989,2019,NA
989,2050,NA
990,2019,NA
990,2050,NA
991,2019,NA
991,2050,NA
992,2019,NA
992,2050,NA
993,2019,NA
993,2050,NA
994,2019,NA
994,2050,NA
995,2019,NA
995,2050,NA
996,2019,NA
996,2050,NA
997,2019,NA
997,2050,NA
998,2019,NA
998,2050,NA
999,2019,NA
999,2050,NA
1000,2019,NA
1000,2050,NA
1001,2019,NA
1001,2050,NA
1002,2019,NA
1002,2050,NA
1003,2019,NA
1003,2050,NA
1004,2019,NA
1004,2050,NA
1005,2019,NA
1005,2050,NA
1006,2019,NA
1006,2050,NA
1007,2019,NA
1007,2050,NA
1008,2019,NA
1008,2050,NA
1009,2019,NA
1009,2050,NA
1010,2019,NA
1010,2050,NA
1011,2019,NA
1011,2050,NA
1012,2019,NA
1012,2050,NA
1013,2019,NA
1013,2050,NA
1014,2019,NA
1014,2050,NA
1015,2019,NA
1015,2050,NA
1016,2019,NA
1016,2050,NA
1017,2019,NA
1017,2050,NA
1018,2019,NA
1018,2050,NA
1019,2019,NA
1019,2050,NA
1020,2019,NA
1020,2050,NA
1021,2019,NA
1021,2050,NA
1022,2019,NA
1022,2050,NA
1023,2019,NA
1023,2050,NA
1024,2019,NA
1024,2050,NA
1025,2019,NA
1025,2050,NA
1026,2019,NA
1026,2050,NA
1027,2019,NA
1027,2050,NA
1028,2019,NA
1028,2050,NA
1029,2019,NA
1029,2050,NA
1030,2019,NA
1030,2050,NA
1031,2019,NA
1031,2050,NA
1032,2019,NA
1032,2050,NA
1033,2019,NA
1033,2050,NA
1034,2019,NA
1034,2050,NA
1035,2019,NA
1035,2050,NA
1036,2019,NA
1036,2050,NA
1037,2019,NA
1037,2050,NA
1038,2019,NA
1038,2050,NA
1039,2019,NA
1039,2050,NA
1040,2019,NA
1040,2050,NA
1041,2019,NA
1041,2050,NA
1042,2019,NA
1042,2050,NA
1043,2019,NA
1043,2050,NA
1044,2019,NA
1044,2050,NA
1045,2019,NA
1045,2050,NA
1046,2019,NA
1046,2050,NA
1047,2019,NA
1047,2050,NA
1048,2019,NA
1048,2050,NA
1049,2019,NA
1049,2050,NA
1050,2019,NA
1050,2050,NA
1051,2019,NA
1051,2050,NA
1052,2019,NA
1052,2050,NA
1053,2019,NA
1053,2050,NA
1054,2019,NA
1054,2050,NA
1055,2019,NA
1055,2050,NA
1056,2019,NA
1056,2050,NA
1057,2019,NA
1057,2050,NA
1058,2019,NA
1058,2050,NA
1059,2019,NA
1059,2050,NA
1060,2019,NA
1060,2050,NA
1061,2019,NA
1061,2050,NA
1062,2019,NA
1062,2050,NA
1063,2019,NA
1063,2050,NA
1064,2019,NA
1064,2050,NA
1065,2019,NA
1065,2050,NA
1066,2019,NA
1066,2050,NA
1067,2019,NA
1067,2050,NA
1068,2019,NA
1068,2050,NA
1069,2019,NA
1069,2050,NA
1070,2019,NA
1070,2050,NA
1071,2019,NA
1071,2050,NA
1072,2019,NA
1072,2050,NA
1073,2019,NA
1073,2050,NA
1074,2019,NA
1074,2050,NA
1075,2019,NA
1075,2050,NA
1076,2019,NA
1076,2050,NA
1077,2019,NA
1077,2050,NA
1078,2019,NA
1078,2050,NA
1079,2019,NA
1079,2050,NA
1080,2019,NA
1080,2050,NA
1081,2019,NA
1081,2050,NA
1082,2019,NA
1082,2050,NA
1083,2019,NA
1083,2050,NA
1084,2019,NA
1084,2050,NA
1085,2019,NA
1085,2050,NA
1086,2019,NA
1086,2050,NA
1087,2019,NA
1087,2050,NA
1088,2019,NA
1088,2050,NA
1089,2019,NA
1089,2050,NA
1090,2019,NA
1090,2050,NA
1091,2019,NA
1091,2050,NA
1092,2019,NA
1092,2050,NA
1093,2019,NA
1093,2050,NA
1094,2019,NA
1094,2050,NA
1095,2019,NA
1095,2050,NA
1096,2019,NA
1096,2050,NA
1097,2019,NA
1097,2050,NA
1098,2019,NA
1098,2050,NA
1099,2019,NA
1099,2050,NA
1100,2019,NA
1100,2050,NA
1101,2019,NA
1101,2050,NA
1102,2019,NA
1102,2050,NA
1103,2019,NA
1103,2050,NA
1104,2019,NA
1104,2050,NA
1105,2019,NA
1105,2050,NA
1106,2019,NA
1106,2050,NA
1107,2019,NA
1107,2050,NA
1108,2019,NA
1108,2050,NA
1109,2019,NA
1109,2050,NA
1110,2019,NA
1110,2050,NA
1111,2019,NA
1111,2050,NA
1112,2019,NA
1112,2050,NA
1113,2019,NA
1113,2050,NA
1114,2019,NA
1114,2050,NA
1115,2019,NA
1115,2050,NA
1116,2019,NA
1116,2050,NA
1117,2019,NA
1117,2050,NA
1118,2019,NA
1118,2050,NA
1119,2019,NA
1119,2050,NA
1120,2019,NA
1120,2050,NA
1121,2019,NA
1121,2050,NA
1122,2019,NA
1122,2050,NA
1123,2019,NA
1123,2050,NA
1124,2019,NA
1124,2050,NA
1125,2019,NA
1125,2050,NA
1126,2019,NA
1126,2050,NA
1127,2019,NA
1127,2050,NA
1128,2019,NA
1128,2050,NA
1129,2019,NA
1129,2050,NA
1130,2019,NA
1130,2050,NA
1131,2019,NA
1131,2050,NA
1132,2019,NA
1132,2050,NA
1133,2019,NA
1133,2050,NA
1134,2019,NA
1134,2050,NA
1135,2019,NA
1135,2050,NA
1136,2019,NA
1136,2050,NA
1137,2019,NA
1137,2050,NA
1138,2019,NA
1138,2050,NA
1139,2019,NA
1139,2050,NA
1140,2019,NA
1140,2050,NA
1141,2019,NA
1141,2050,NA
1142,2019,NA
1142,2050,NA
1143,2019,NA
1143,2050,NA
1144,2019,NA
1144,2050,NA
1145,2019,NA
1145,2050,NA
1146,2019,NA
1146,2050,NA
1147,2019,NA
1147,2050,NA
1148,2019,NA
1148,2050,NA
1149,2019,NA
1149,2050,NA
1150,2019,NA
1150,2050,NA
1151,2019,NA
1151,2050,NA
1152,2019,NA
1152,2050,NA
1153,2019,NA
1153,2050,NA
1154,2019,NA
1154,2050,NA
1155,2019,NA
1155,2050,NA
1156,2019,NA
1156,2050,NA
1157,2019,NA
1157,2050,NA
1158,2019,NA
1158,2050,NA
1159,2019,NA
1159,2050,NA
1160,2019,NA
1160,2050,NA
1161,2019,NA
1161,2050,NA
1162,2019,NA
1162,2050,NA
1163,2019,NA
1163,2050,NA
1164,2019,NA
1164,2050,NA
1165,2019,NA
1165,2050,NA
1166,2019,NA
1166,2050,NA
1167,2019,NA
1167,2050,NA
1168,2019,NA
1168,2050,NA
1169,2019,NA
1169,2050,NA
1170,2019,NA
1170,2050,NA
1171,2019,NA
1171,2050,NA
1172,2019,NA
1172,2050,NA
1173,2019,NA
1173,2050,NA
1174,2019,NA
1174,2050,NA
1175,2019,NA
1175,2050,NA
1176,2019,NA
1176,2050,NA
1177,2019,NA
1177,2050,NA
1178,2019,NA
1178,2050,NA
1179,2019,NA
1179,2050,NA
1180,2019,NA
1180,2050,NA
1181,2019,NA
1181,2050,NA
1182,2019,NA
1182,2050,NA
1183,2019,NA
1183,2050,NA
1184,2019,NA
1184,2050,NA
1185,2019,NA
1185,2050,NA
1186,2019,NA
1186,2050,NA
1187,2019,NA
1187,2050,NA
1188,2019,NA
1188,2050,NA
1189,2019,NA
1189,2050,NA
1190,2019,NA
1190,2050,NA
1191,2019,NA
1191,2050,NA
1192,2019,NA
1192,2050,NA
1193,2019,NA
1193,2050,NA
1194,2019,NA
1194,2050,NA
1195,2019,NA
1195,2050,NA
1196,2019,NA
1196,2050,NA
1197,2019,NA
1197,2050,NA
1198,2019,NA
1198,2050,NA
1199,2019,NA
1199,2050,NA
1200,2019,NA
1200,2050,NA
1201,2019,NA
1201,2050,NA
1202,2019,NA
1202,2050,NA
1203,2019,NA
1203,2050,NA
1204,2019,NA
1204,2050,NA
1205,2019,NA
1205,2050,NA
1206,2019,NA
1206,2050,NA
1207,2019,NA
1207,2050,NA
1208,2019,NA
1208,2050,NA
1209,2019,NA
1209,2050,NA
1210,2019,NA
1210,2050,NA
1211,2019,NA
1211,2050,NA
1212,2019,NA
1212,2050,NA
1213,2019,NA
1213,2050,NA
1214,2019,NA
1214,2050,NA
1215,2019,NA
1215,2050,NA
1216,2019,NA
1216,2050,NA
1217,2019,NA
1217,2050,NA
1218,2019,NA
1218,2050,NA
1219,2019,NA
1219,2050,NA
1220,2019,NA
1220,2050,NA
1221,2019,NA
1221,2050,NA
1222,2019,NA
1222,2050,NA
1223,2019,NA
1223,2050,NA
1224,2019,NA
1224,2050,NA
1225,2019,NA
1225,2050,NA
1226,2019,NA
1226,2050,NA
1227,2019,NA
1227,2050,NA
1228,2019,NA
1228,2050,NA
1229,2019,NA
1229,2050,NA
1230,2019,NA
1230,2050,NA
1231,2019,NA
1231,2050,NA
1232,2019,NA
1232,2050,NA
1233,2019,NA
1233,2050,NA
1234,2019,NA
1234,2050,NA
1235,2019,NA
1235,2050,NA
1236,2019,NA
1236,2050,NA
1237,2019,NA
1237,2050,NA
1238,2019,NA
1238,2050,NA
1239,2019,NA
1239,2050,NA
1240,2019,NA
1240,2050,NA
1241,2019,NA
1241,2050,NA
1242,2019,NA
1242,2050,NA
1243,2019,NA
1243,2050,NA
1244,2019,NA
1244,2050,NA
1245,2019,NA
1245,2050,NA
1246,2019,NA
1246,2050,NA
1247,2019,NA
1247,2050,NA
1248,2019,NA
1248,2050,NA
1249,2019,NA
1249,2050,NA
1250,2019,NA
1250,2050,NA
1251,2019,NA
1251,2050,NA
1252,2019,NA
1252,2050,NA
1253,2019,NA
1253,2050,NA
1254,2019,NA
1254,2050,NA
1255,2019,NA
1255,2050,NA
1256,2019,NA
1256,2050,NA
1257,2019,NA
1257,2050,NA
1258,2019,NA
1258,2050,NA
1259,2019,NA
1259,2050,NA
1260,2019,NA
1260,2050,NA
1261,2019,NA
1261,2050,NA
1262,2019,NA
1262,2050,NA
1263,2019,NA
1263,2050,NA
1264,2019,NA
1264,2050,NA
1265,2019,NA
1265,2050,NA
1266,2019,NA
1266,2050,NA
1267,2019,NA
1267,2050,NA
1268,2019,NA
1268,2050,NA
1269,2019,NA
1269,2050,NA
1270,2019,NA
1270,2050,NA
1271,2019,NA
1271,2050,NA
1272,2019,NA
1272,2050,NA
1273,2019,NA
1273,2050,NA
1274,2019,NA
1274,2050,NA
1275,2019,NA
1275,2050,NA
1276,2019,NA
1276,2050,NA
1277,2019,NA
1277,2050,NA
1278,2019,NA
1278,2050,NA
1279,2019,NA
1279,2050,NA
1280,2019,NA
1280,2050,NA
1281,2019,NA
1281,2050,NA
1282,2019,NA
1282,2050,NA
1283,2019,NA
1283,2050,NA
1284,2019,NA
1284,2050,NA
1285,2019,NA
1285,2050,NA
1286,2019,NA
1286,2050,NA
1287,2019,NA
1287,2050,NA
1288,2019,NA
1288,2050,NA
1289,2019,NA
1289,2050,NA
1290,2019,NA
1290,2050,NA
1291,2019,NA
1291,2050,NA
1292,2019,NA
1292,2050,NA
1293,2019,NA
1293,2050,NA
1294,2019,NA
1294,2050,NA
1295,2019,NA
1295,2050,NA
1296,2019,NA
1296,2050,NA
1297,2019,NA
1297,2050,NA
1298,2019,NA
1298,2050,NA
1299,2019,NA
1299,2050,NA
1300,2019,NA
1300,2050,NA
1301,2019,NA
1301,2050,NA
1302,2019,NA
1302,2050,NA
1303,2019,NA
1303,2050,NA
1304,2019,NA
1304,2050,NA
1305,2019,NA
1305,2050,NA
1306,2019,NA
1306,2050,NA
1307,2019,NA
1307,2050,NA
1308,2019,NA
1308,2050,NA
1309,2019,NA
1309,2050,NA
1310,2019,NA
1310,2050,NA
1311,2019,NA
1311,2050,NA
1312,2019,NA
1312,2050,NA
1313,2019,NA
1313,2050,NA
1314,2019,NA
1314,2050,NA
1315,2019,NA
1315,2050,NA
1316,2019,NA
1316,2050,NA
1317,2019,NA
1317,2050,NA
1318,2019,NA
1318,2050,NA
1319,2019,NA
1319,2050,NA
1320,2019,NA
1320,2050,NA
1321,2019,NA
1321,2050,NA
1322,2019,NA
1322,2050,NA
1323,2019,NA
1323,2050,NA
1324,2019,NA
1324,2050,NA
1325,2019,NA
1325,2050,NA
1326,2019,NA
1326,2050,NA
1327,2019,NA
1327,2050,NA
1328,2019,NA
1328,2050,NA
1329,2019,NA
1329,2050,NA
1330,2019,NA
1330,2050,NA
1331,2019,NA
1331,2050,NA
1332,2019,NA
1332,2050,NA
1333,2019,NA
1333,2050,NA
1334,2019,NA
1334,2050,NA
1335,2019,NA
1335,2050,NA
1336,2019,NA
1336,2050,NA
1337,2019,NA
1337,2050,NA
1338,2019,NA
1338,2050,NA
1339,2019,NA
1339,2050,NA
1340,2019,NA
1340,2050,NA
1341,2019,NA
1341,2050,NA
1342,2019,NA
1342,2050,NA
1343,2019,NA
1343,2050,NA
1344,2019,NA
1344,2050,NA
1345,2019,NA
1345,2050,NA
1346,2019,NA
1346,2050,NA
1347,2019,NA
1347,2050,NA
1348,2019,NA
1348,2050,NA
1349,2019,NA
1349,2050,NA
1350,2019,NA
1350,2050,NA
1351,2019,NA
1351,2050,NA
1352,2019,NA
1352,2050,NA
1353,2019,NA
1353,2050,NA
1354,2019,NA
1354,2050,NA
1355,2019,NA
1355,2050,NA
1356,2019,NA
1356,2050,NA
1357,2019,NA
1357,2050,NA
1358,2019,NA
1358,2050,NA
1359,2019,NA
1359,2050,NA
1360,2019,NA
1360,2050,NA
1361,2019,NA
1361,2050,NA
1362,2019,NA
1362,2050,NA
1363,2019,NA
1363,2050,NA
1364,2019,NA
1364,2050,NA
1365,2019,NA
1365,2050,NA
1366,2019,NA
1366,2050,NA
1367,2019,NA
1367,2050,NA
1368,2019,NA
1368,2050,NA
1369,2019,NA
1369,2050,NA
1370,2019,NA
1370,2050,NA
1371,2019,NA
1371,2050,NA
1372,2019,NA
1372,2050,NA
1373,2019,NA
1373,2050,NA
1374,2019,NA
1374,2050,NA
1375,2019,NA
1375,2050,NA
1376,2019,NA
1376,2050,NA
1377,2019,NA
1377,2050,NA
1378,2019,NA
1378,2050,NA
1379,2019,NA
1379,2050,NA
1380,2019,NA
1380,2050,NA
1381,2019,NA
1381,2050,NA
1382,2019,NA
1382,2050,NA
1383,2019,NA
1383,2050,NA
1384,2019,NA
1384,2050,NA
1385,2019,NA
1385,2050,NA
1386,2019,NA
1386,2050,NA
1387,2019,NA
1387,2050,NA
1388,2019,NA
1388,2050,NA
1389,2019,NA
1389,2050,NA
1390,2019,NA
1390,2050,NA
1391,2019,NA
1391,2050,NA
1392,2019,NA
1392,2050,NA
1393,2019,NA
1393,2050,NA
1394,2019,NA
1394,2050,NA
1395,2019,NA
1395,2050,NA
1396,2019,NA
1396,2050,NA
1397,2019,NA
1397,2050,NA
1398,2019,NA
1398,2050,NA
1399,2019,NA
1399,2050,NA
1400,2019,NA
1400,2050,NA
1401,2019,NA
1401,2050,NA
1402,2019,NA
1402,2050,NA
1403,2019,NA
1403,2050,NA
1404,2019,NA
1404,2050,NA
1405,2019,NA
1405,2050,NA
1406,2019,NA
1406,2050,NA
1407,2019,NA
1407,2050,NA
1408,2019,NA
1408,2050,NA
1409,2019,NA
1409,2050,NA
1410,2019,NA
1410,2050,NA
1411,2019,NA
1411,2050,NA
1412,2019,NA
1412,2050,NA
1413,2019,NA
1413,2050,NA
1414,2019,NA
1414,2050,NA
1415,2019,NA
1415,2050,NA
1416,2019,NA
1416,2050,NA
1417,2019,NA
1417,2050,NA
1418,2019,NA
1418,2050,NA
1419,2019,NA
1419,2050,NA
1420,2019,NA
1420,2050,NA
1421,2019,NA
1421,2050,NA
1422,2019,NA
1422,2050,NA
1423,2019,NA
1423,2050,NA
1424,2019,NA
1424,2050,NA
1425,2019,NA
1425,2050,NA
1426,2019,NA
1426,2050,NA
1427,2019,NA
1427,2050,NA
1428,2019,NA
1428,2050,NA
1429,2019,NA
1429,2050,NA
1430,2019,NA
1430,2050,NA
1431,2019,NA
1431,2050,NA
1432,2019,NA
1432,2050,NA
1433,2019,NA
1433,2050,NA
1434,2019,NA
1434,2050,NA
1435,2019,NA
1435,2050,NA
1436,2019,NA
1436,2050,NA
1437,2019,NA
1437,2050,NA
1438,2019,NA
1438,2050,NA
1439,2019,NA
1439,2050,NA
1440,2019,NA
1440,2050,NA
1441,2019,NA
1441,2050,NA
1442,2019,NA
1442,2050,NA
1443,2019,NA
1443,2050,NA
1444,2019,NA
1444,2050,NA
1445,2019,NA
1445,2050,NA
1446,2019,NA
1446,2050,NA
1447,2019,NA
1447,2050,NA
1448,2019,NA
1448,2050,NA
1449,2019,NA
1449,2050,NA
1450,2019,NA
1450,2050,NA
1451,2019,NA
1451,2050,NA
1452,2019,NA
1452,2050,NA
1453,2019,NA
1453,2050,NA
1454,2019,NA
1454,2050,NA
1455,2019,NA
1455,2050,NA
1456,2019,NA
1456,2050,NA
1457,2019,NA
1457,2050,NA
1458,2019,NA
1458,2050,NA
1459,2019,NA
1459,2050,NA
1460,2019,NA
1460,2050,NA
1461,2019,NA
1461,2050,NA
1462,2019,NA
1462,2050,NA
1463,2019,NA
1463,2050,NA
1464,2019,NA
1464,2050,NA
1465,2019,NA
1465,2050,NA
1466,2019,NA
1466,2050,NA
1467,2019,NA
1467,2050,NA
1468,2019,NA
1468,2050,NA
1469,2019,NA
1469,2050,NA
1470,2019,NA
1470,2050,NA
1471,2019,NA
1471,2050,NA
1472,2019,NA
1472,2050,NA
1473,2019,NA
1473,2050,NA
1474,2019,NA
1474,2050,NA
1475,2019,NA
1475,2050,NA
1476,2019,NA
1476,2050,NA
1477,2019,NA
1477,2050,NA
1478,2019,NA
1478,2050,NA
1479,2019,NA
1479,2050,NA
1480,2019,NA
1480,2050,NA
1481,2019,NA
1481,2050,NA
1482,2019,NA
1482,2050,NA
1483,2019,NA
1483,2050,NA
1484,2019,NA
1484,2050,NA
1485,2019,NA
1485,2050,NA
1486,2019,NA
1486,2050,NA
1487,2019,NA
1487,2050,NA
1488,2019,NA
1488,2050,NA
1489,2019,NA
1489,2050,NA
1490,2019,NA
1490,2050,NA
1491,2019,NA
1491,2050,NA
1492,2019,NA
1492,2050,NA
1493,2019,NA
1493,2050,NA
1494,2019,NA
1494,2050,NA
1495,2019,NA
1495,2050,NA
1496,2019,NA
1496,2050,NA
1497,2019,NA
1497,2050,NA
1498,2019,NA
1498,2050,NA
1499,2019,NA
1499,2050,NA
1500,2019,NA
1500,2050,NA
1501,2019,NA
1501,2050,NA
1502,2019,NA
1502,2050,NA
1503,2019,NA
1503,2050,NA
1504,2019,NA
1504,2050,NA
1505,2019,NA
1505,2050,NA
1506,2019,NA
1506,2050,NA
1507,2019,NA
1507,2050,NA
1508,2019,NA
1508,2050,NA
1509,2019,NA
1509,2050,NA
1510,2019,NA
1510,2050,NA
1511,2019,NA
1511,2050,NA
1512,2019,NA
1512,2050,NA
1513,2019,NA
1513,2050,NA
1514,2019,NA
1514,2050,NA
1515,2019,NA
1515,2050,NA
1516,2019,NA
1516,2050,NA
1517,2019,NA
1517,2050,NA
1518,2019,NA
1518,2050,NA
1519,2019,NA
1519,2050,NA
1520,2019,NA
1520,2050,NA
1521,2019,NA
1521,2050,NA
1522,2019,NA
1522,2050,NA
1523,2019,NA
1523,2050,NA
1524,2019,NA
1524,2050,NA
1525,2019,NA
1525,2050,NA
1526,2019,NA
1526,2050,NA
1527,2019,NA
1527,2050,NA
1528,2019,NA
1528,2050,NA
1529,2019,NA
1529,2050,NA
1530,2019,NA
1530,2050,NA
1531,2019,NA
1531,2050,NA
1532,2019,NA
1532,2050,NA
1533,2019,NA
1533,2050,NA
1534,2019,NA
1534,2050,NA
1535,2019,NA
1535,2050,NA
1536,2019,NA
1536,2050,NA
1537,2019,NA
1537,2050,NA
1538,2019,NA
1538,2050,NA
1539,2019,NA
1539,2050,NA
1540,2019,NA
1540,2050,NA
1541,2019,NA
1541,2050,NA
1542,2019,NA
1542,2050,NA
1543,2019,NA
1543,2050,NA
1544,2019,NA
1544,2050,NA
1545,2019,NA
1545,2050,NA
1546,2019,NA
1546,2050,NA
1547,2019,NA
1547,2050,NA
1548,2019,NA
1548,2050,NA
1549,2019,NA
1549,2050,NA
1550,2019,NA
1550,2050,NA
1551,2019,NA
1551,2050,NA
1552,2019,NA
1552,2050,NA
1553,2019,NA
1553,2050,NA
1554,2019,NA
1554,2050,NA
1555,2019,NA
1555,2050,NA
1556,2019,NA
1556,2050,NA
1557,2019,NA
1557,2050,NA
1558,2019,NA
1558,2050,NA
1559,2019,NA
1559,2050,NA
1560,2019,NA
1560,2050,NA
1561,2019,NA
1561,2050,NA
1562,2019,NA
1562,2050,NA
1563,2019,NA
1563,2050,NA
1564,2019,NA
1564,2050,NA
1565,2019,NA
1565,2050,NA
1566,2019,NA
1566,2050,NA
1567,2019,NA
1567,2050,NA
1568,2019,NA
1568,2050,NA
1569,2019,NA
1569,2050,NA
1570,2019,NA
1570,2050,NA
1571,2019,NA
1571,2050,NA
1572,2019,NA
1572,2050,NA
1573,2019,NA
1573,2050,NA
1574,2019,NA
1574,2050,NA
1575,2019,NA
1575,2050,NA
1576,2019,NA
1576,2050,NA
1577,2019,NA
1577,2050,NA
1578,2019,NA
1578,2050,NA
1579,2019,NA
1579,2050,NA
1580,2019,NA
1580,2050,NA
1581,2019,NA
1581,2050,NA
1582,2019,NA
1582,2050,NA
1583,2019,NA
1583,2050,NA
1584,2019,NA
1584,2050,NA
1585,2019,NA
1585,2050,NA
1586,2019,NA
1586,2050,NA
1587,2019,NA
1587,2050,NA
1588,2019,NA
1588,2050,NA
1589,2019,NA
1589,2050,NA
1590,2019,NA
1590,2050,NA
1591,2019,NA
1591,2050,NA
1592,2019,NA
1592,2050,NA
1593,2019,NA
1593,2050,NA
1594,2019,NA
1594,2050,NA
1595,2019,NA
1595,2050,NA
1596,2019,NA
1596,2050,NA
1597,2019,NA
1597,2050,NA
1598,2019,NA
1598,2050,NA
1599,2019,NA
1599,2050,NA
1600,2019,NA
1600,2050,NA
1601,2019,NA
1601,2050,NA
1602,2019,NA
1602,2050,NA
1603,2019,NA
1603,2050,NA
1604,2019,NA
1604,2050,NA
1605,2019,NA
1605,2050,NA
1606,2019,NA
1606,2050,NA
1607,2019,NA
1607,2050,NA
1608,2019,NA
1608,2050,NA
1609,2019,NA
1609,2050,NA
1610,2019,NA
1610,2050,NA
1611,2019,NA
1611,2050,NA
1612,2019,NA
1612,2050,NA
1613,2019,NA
1613,2050,NA
1614,2019,NA
1614,2050,NA
1615,2019,NA
1615,2050,NA
1616,2019,NA
1616,2050,NA
1617,2019,NA
1617,2050,NA
1618,2019,NA
1618,2050,NA
1619,2019,NA
1619,2050,NA
1620,2019,NA
1620,2050,NA
1621,2019,NA
1621,2050,NA
1622,2019,NA
1622,2050,NA
1623,2019,NA
1623,2050,NA
1624,2019,NA
1624,2050,NA
1625,2019,NA
1625,2050,NA
1626,2019,NA
1626,2050,NA
1627,2019,NA
1627,2050,NA
1628,2019,NA
1628,2050,NA
1629,2019,NA
1629,2050,NA
1630,2019,NA
1630,2050,NA
1631,2019,NA
1631,2050,NA
1632,2019,NA
1632,2050,NA
1633,2019,NA
1633,2050,NA
1634,2019,NA
1634,2050,NA
1635,2019,NA
1635,2050,NA
1636,2019,NA
1636,2050,NA
1637,2019,NA
1637,2050,NA
1638,2019,NA
1638,2050,NA
1639,2019,NA
1639,2050,NA
1640,2019,NA
1640,2050,NA
1641,2019,NA
1641,2050,NA
1642,2019,NA
1642,2050,NA
1643,2019,NA
1643,2050,NA
1644,2019,NA
1644,2050,NA
1645,2019,NA
1645,2050,NA
1646,2019,NA
1646,2050,NA
1647,2019,NA
1647,2050,NA
1648,2019,NA
1648,2050,NA
1649,2019,NA
1649,2050,NA
1650,2019,NA
1650,2050,NA
1651,2019,NA
1651,2050,NA
1652,2019,NA
1652,2050,NA
1653,2019,NA
1653,2050,NA
1654,2019,NA
1654,2050,NA
1655,2019,NA
1655,2050,NA
1656,2019,NA
1656,2050,NA
1657,2019,NA
1657,2050,NA
1658,2019,NA
1658,2050,NA
1659,2019,NA
1659,2050,NA
1660,2019,NA
1660,2050,NA
1661,2019,NA
1661,2050,NA
1662,2019,NA
1662,2050,NA
1663,2019,NA
1663,2050,NA
1664,2019,NA
1664,2050,NA
1665,2019,NA
1665,2050,NA
1666,2019,NA
1666,2050,NA
1667,2019,NA
1667,2050,NA
1668,2019,NA
1668,2050,NA
1669,2019,NA
1669,2050,NA
1670,2019,NA
1670,2050,NA
1671,2019,NA
1671,2050,NA
1672,2019,NA
1672,2050,NA
1673,2019,NA
1673,2050,NA
1674,2019,NA
1674,2050,NA
1675,2019,NA
1675,2050,NA
1676,2019,NA
1676,2050,NA
1677,2019,NA
1677,2050,NA
1678,2019,NA
1678,2050,NA
1679,2019,NA
1679,2050,NA
1680,2019,NA
1680,2050,NA
1681,2019,NA
1681,2050,NA
1682,2019,NA
1682,2050,NA
1683,2019,NA
1683,2050,NA
1684,2019,NA
1684,2050,NA
1685,2019,NA
1685,2050,NA
1686,2019,NA
1686,2050,NA
1687,2019,NA
1687,2050,NA
1688,2019,NA
1688,2050,NA
1689,2019,NA
1689,2050,NA
1690,2019,NA
1690,2050,NA
1691,2019,NA
1691,2050,NA
1692,2019,NA
1692,2050,NA
1693,2019,NA
1693,2050,NA
1694,2019,NA
1694,2050,NA
1695,2019,NA
1695,2050,NA
1696,2019,NA
1696,2050,NA
1697,2019,NA
1697,2050,NA
1698,2019,NA
1698,2050,NA
1699,2019,NA
1699,2050,NA
1700,2019,NA
1700,2050,NA
1701,2019,NA
1701,2050,NA
1702,2019,NA
1702,2050,NA
1703,2019,NA
1703,2050,NA
1704,2019,NA
1704,2050,NA
1705,2019,NA
1705,2050,NA
1706,2019,NA
1706,2050,NA
1707,2019,NA
1707,2050,NA
1708,2019,NA
1708,2050,NA
1709,2019,NA
1709,2050,NA
1710,2019,NA
1710,2050,NA
1711,2019,NA
1711,2050,NA
1712,2019,NA
1712,2050,NA
1713,2019,NA
1713,2050,NA
1714,2019,NA
1714,2050,NA
1715,2019,NA
1715,2050,NA
1716,2019,NA
1716,2050,NA
1717,2019,NA
1717,2050,NA
1718,2019,NA
1718,2050,NA
1719,2019,NA
1719,2050,NA
