"Geo","Year","UrbanArea","TownArea","RuralArea"
1,2019,120.642,0,0
2,2019,294.126,0,0
3,2019,100.391,0,0
4,2019,76.742,0,0
5,2019,529.333,0,0
6,2019,160.365,0,0
7,2019,86.398,0,0
8,2019,163.556,0,0
9,2019,143.043,0,0
10,2019,82.638,0,0
11,2019,98.687,0,0
12,2019,375.173,0,0.493
13,2019,3557.005,0,0.471
14,2019,458.699,0.007,0
15,2019,174.175,19.219,0
16,2019,90.466,0,0.003
17,2019,1210.973,0,599.67
18,2019,0.239,0,2894.514
19,2019,146.56,0,0
20,2019,112.218,0,0
21,2019,101.966,0,0
22,2019,232.22,0,0
23,2019,40.723,0,0
24,2019,0,183.947,375.71
25,2019,0,35.894,8076.129
27,2019,0.093,0,15461.147
29,2019,482.938,0,0
30,2019,258.782,0,0
31,2019,169.182,0,0
32,2019,159.087,0,0
33,2019,430.274,0,0
34,2019,797.755,0,0
35,2019,652.055,0,0.191
36,2019,207.607,0,0
37,2019,490.126,0,0
38,2019,1231.567,0,0
39,2019,318.129,0,0
40,2019,261.451,0,0
41,2019,144.018,0,0
42,2019,318.088,0,0
43,2019,49.038,0,0
44,2019,477.514,0,0
45,2019,164.14,0,0
46,2019,616.795,0,0
47,2019,616.076,0,0
48,2019,267.603,0,2939.698
49,2019,317.397,0,7937.872
50,2019,0,240.08,28.548
51,2019,1865.469,0,3687.949
52,2019,1604.232,0,0
53,2019,627.169,0,4909.783
54,2019,676.712,0,1273.656
55,2019,476.934,0,87.575
56,2019,433.789,0,34.914
57,2019,500.787,0,141.691
58,2019,598.386,0,0
59,2019,685.837,0,5123.025
60,2019,0,513.215,366.003
61,2019,247.457,0,0
62,2019,574.809,0,407.845
63,2019,190.986,0,0
64,2019,141.964,0,0
65,2019,232.573,0.009,10690.566
66,2019,168.967,0,0
67,2019,0,546.567,6.688
68,2019,0,0,9745.831
69,2019,0,0,8513.38
70,2019,429.444,0,0
71,2019,195.889,0,0
72,2019,651.347,0,0
73,2019,729.238,0,0
74,2019,943.14,0,0
75,2019,318.879,0,0
76,2019,328.263,0,0
77,2019,163.417,0,0
78,2019,176.906,0,0
79,2019,710.32,0,5160.659
80,2019,440.123,0,0
81,2019,551.046,0,0
82,2019,599.343,0,0
83,2019,1050.061,0,8863.759
84,2019,0,0,4404.718
85,2019,309.815,0,12799.33
86,2019,225.555,0,1404.995
87,2019,1702.275,0,1787.483
88,2019,7.504,0,23326.278
89,2019,1941.979,0,15785.735
90,2019,1382.411,0,27532.397
91,2019,0,431.575,14258.35
92,2019,0,183.273,13960.185
93,2019,12394.494,0,0.588
94,2019,9638.274,0,12133.223
95,2019,0.352,546.983,9334.552
96,2019,52.353,0,4481.951
97,2019,246.015,0,48.768
98,2019,95.508,0,0
99,2019,131.186,0,0
100,2019,212.359,0,0
101,2019,219.672,0,0
102,2019,81.447,0,0
103,2019,0,0,8715.897
104,2019,351.49,0,0
105,2019,365.941,0.573,6.885
106,2019,0,0,19497.166
107,2019,0.563,0.013,21864.509
108,2019,0,175.632,824.783
109,2019,0,0,14432.309
110,2019,254.06,0,0
111,2019,377.813,0,0.236
112,2019,230.912,0.053,0
113,2019,275.771,0,0
114,2019,91.028,122.716,0.001
115,2019,246.252,0,0
116,2019,987.54,0,0
117,2019,38.953,0.894,0
118,2019,98.316,0,0
119,2019,87.245,0,0
120,2019,175.503,0,0
121,2019,271.201,0,0
122,2019,95.862,0,0
123,2019,445.952,0,0.265
124,2019,116.303,0,0
125,2019,213.903,0,0
126,2019,394.811,0,0.622
127,2019,199.315,0,0
128,2019,416.484,0,0
129,2019,232.912,0,0
130,2019,150.382,0,0
131,2019,87.39,0,0
132,2019,281.041,0,0
133,2019,161.548,0,0
134,2019,0,0,15844.019
135,2019,0,0,7331.551
136,2019,392.666,0,1980.41
137,2019,49.227,0,4879.053
138,2019,0,0,11664.512
139,2019,691.8,0,1640.159
140,2019,0,0,2814.083
141,2019,3.982,0,4569.487
142,2019,0,0,11170.424
143,2019,0,247.297,10461.419
144,2019,0,0,17880.349
145,2019,0.029,0,1187.016
146,2019,581.44,0,362.759
147,2019,0,0,9578.172
148,2019,0,0,21284.225
149,2019,0,171.539,5086.762
150,2019,340.761,0,128.657
151,2019,0,0,11574.412
152,2019,0,0,2619.063
153,2019,728.379,0,1437.509
154,2019,158.342,0,1.818
155,2019,0,0,1568.377
156,2019,0.031,0,776.927
157,2019,97.501,0,0
158,2019,339.018,0,233.611
159,2019,467.097,3.639,1665.788
160,2019,0.002,0,1969.971
161,2019,0,196.905,3018.031
162,2019,274.493,0,0
163,2019,0,19.4,24484.345
164,2019,0,399.958,12357.825
165,2019,174.284,0,0
166,2019,196.428,0,0
167,2019,90.96,0,0
168,2019,1887.739,0,0.247
169,2019,319.668,0,0
170,2019,95.743,0,0.029
171,2019,415.382,0,0
172,2019,2.016,213.573,0
173,2019,152.608,0,0
174,2019,60.847,68.241,0
175,2019,539.979,0,38.525
176,2019,1435.413,0,8.547
177,2019,76.068,0,0
178,2019,192.431,72.67,0
179,2019,175.383,0,0
180,2019,106.369,0,0
181,2019,398.299,0,0
182,2019,108.379,0,0
183,2019,725.979,0,0.001
184,2019,232.666,0,0
185,2019,582.825,0,0
186,2019,333.749,0,0
187,2019,102.35,0,0
188,2019,1426.445,0,1.161
189,2019,984.933,0,0
190,2019,98.976,0,0
191,2019,486.029,0,0
192,2019,644.008,0,0
193,2019,483.655,0,0
194,2019,1203.699,0,0
195,2019,375.636,0,0.521
196,2019,488.744,0,0.15
197,2019,349.62,0,0
198,2019,60.125,0,0
199,2019,69.336,0,0
200,2019,0,326.534,8605.797
201,2019,0,307.749,1149.937
202,2019,0,158.176,0
203,2019,230.498,0,5245.477
204,2019,153.774,0,0
205,2019,83.026,0,0
206,2019,697.572,16.379,6486.951
207,2019,8.382,339.057,110.59
208,2019,0,127.047,6428.898
209,2019,12.22,0,603.107
210,2019,0,111.091,1051.217
211,2019,0,0.31,379.003
212,2019,0,868.695,1.295
213,2019,0,326.696,0.098
214,2019,282.015,0,0
215,2019,44.63,0,0
216,2019,230.013,0,0
217,2019,536.58,0,0
218,2019,259.487,0,0
219,2019,154.534,0,0
220,2019,307.885,0,0
221,2019,497.811,0,0
222,2019,197.402,0,0
223,2019,117.124,0,0
224,2019,547.46,0,1.233
225,2019,240.175,0,0.3
226,2019,133.343,0,0
227,2019,102.049,0,0
228,2019,315.066,0,0
229,2019,1735.721,0,0
230,2019,608.063,0,0
231,2019,143.438,0,0
232,2019,131.786,0,0
233,2019,497.163,0,0
234,2019,171.704,0,0.616
235,2019,480.023,0,0.054
236,2019,225.934,0,0
237,2019,148.415,0,0.241
238,2019,180.445,0,0
239,2019,245.128,0,0
240,2019,344.486,0,0
241,2019,189.987,0,0
242,2019,67.211,0,0
243,2019,101.839,0,0
244,2019,256.494,0,0
245,2019,175.237,0,0
246,2019,70.45,0,0
247,2019,103.072,0,0
248,2019,195.684,0,0
249,2019,244.39,0,0
250,2019,357.643,0,0
251,2019,221.932,0,0
252,2019,92.431,0,0
253,2019,31.756,0,0
254,2019,53.022,0,0
255,2019,1830.034,0,1.149
256,2019,1259.872,0,0
257,2019,214.996,0,0.924
258,2019,335.923,0,0.003
259,2019,203.959,0,0
260,2019,122.043,0,0
261,2019,195.085,0,0
262,2019,59.871,0,0
263,2019,5100.113,0,8.967
264,2019,285.302,0,0.943
265,2019,221.997,0,0
266,2019,71.037,0,0
267,2019,461.13,0,0
268,2019,93.703,0,0
269,2019,50.467,0,0
270,2019,205.695,0,0
271,2019,389.799,0,0.278
272,2019,132.507,0,0
273,2019,74.389,0,0
274,2019,80.125,0,0
275,2019,261.868,0,0
276,2019,186.958,0,0
277,2019,143.176,0,0
278,2019,234.37,0,0
279,2019,3.509,0,24086.188
280,2019,101.328,0,12525.847
281,2019,405.275,0,0.015
282,2019,196.216,0,0
283,2019,230.624,0,0
284,2019,287.117,0,0
285,2019,596.111,0,0.001
286,2019,344.335,0,0
287,2019,440.31,0,0
288,2019,270.706,0,0.154
289,2019,476.126,86.943,0
290,2019,421.763,0,0
291,2019,251.772,0,0
292,2019,61.186,0,0
293,2019,134.225,0,0
294,2019,64.768,0,0
295,2019,110.493,0,0
296,2019,465.786,0,0
297,2019,630.833,0,0
298,2019,1417.314,0,0
299,2019,1.284,413.706,0
300,2019,324.319,0.32,0
301,2019,474.352,0,0
302,2019,248.541,0,0
303,2019,384.681,0,0.077
304,2019,0.148,1448.164,7476.103
306,2019,325.912,0,0
307,2019,313.949,0,0
308,2019,223.199,0,0
309,2019,173.417,0,0
310,2019,144.081,0,0
311,2019,204.708,0,0
312,2019,97,0,0
313,2019,81.409,0,0
314,2019,3420.59,0,3.909
315,2019,0,360.444,4463.942
316,2019,0,0,23334.467
317,2019,849.557,0,0
318,2019,136.579,0,0
319,2019,260.483,0,0
320,2019,387.708,0,0
321,2019,653.32,0,0
322,2019,321.623,0,0
323,2019,486.291,0,128.726
324,2019,261.282,0,0
325,2019,291.87,0,0.014
326,2019,311.132,0,0
328,2019,355.997,0,3.928
329,2019,341.088,0,35.828
330,2019,572.155,0,4.874
333,2019,0,388.716,1166.345
334,2019,0,23.447,14466.978
335,2019,1167.745,0,46.572
336,2019,994.136,0,2.292
337,2019,486.167,0,0
338,2019,691.412,0,44.589
339,2019,737.33,0,0.063
340,2019,0,625.045,7024.111
341,2019,4.791,0,2422.457
342,2019,234.579,0,5549.117
343,2019,0,0.001,4177.027
344,2019,169.865,0,4433.582
345,2019,154.815,0,668.322
346,2019,0.001,0.024,5958.244
347,2019,0,0,16039.808
348,2019,0,27.649,11246.413
349,2019,0,0,3830.819
350,2019,335.15,0,46.886
351,2019,1.53,0,173.868
352,2019,0,0,17767.524
354,2019,0,0,14360.463
355,2019,330.345,0,273.34
356,2019,334.803,0,0
357,2019,147.993,0,0
358,2019,542.281,0,859.711
359,2019,277.472,0,0.396
360,2019,0,323.305,0
361,2019,0,298.901,5140.824
362,2019,0,188.191,765.668
363,2019,262.324,0,0
364,2019,243.276,0,0
365,2019,84.558,0,0
366,2019,121.62,0,0
367,2019,333.382,0,0
368,2019,645.07,0,0
369,2019,152.103,0,0
370,2019,318.554,0,0
371,2019,76.433,0,0
372,2019,184.85,0,121.371
373,2019,354.228,0,0
374,2019,110.622,0,0
375,2019,0,299.114,3565.403
376,2019,0,97.941,22326.489
377,2019,0,185.159,1109.807
378,2019,0,19.867,18468.915
379,2019,164.726,0,16278.301
380,2019,0,0,17185.859
382,2019,291.545,0,0.042
383,2019,104.678,0,0
385,2019,458.9,0,2.443
386,2019,808.273,0,230.267
387,2019,247.355,0,0
388,2019,339.451,0,1.599
389,2019,512.826,9.961,4819.018
390,2019,0,96.392,4024.552
391,2019,0,0,803.353
392,2019,85.864,0,0
393,2019,312.697,0.222,7749.054
394,2019,0,425.142,6910.636
395,2019,268.685,0,0
396,2019,0.001,0,8809.798
398,2019,948.25,0,2.374
399,2019,159.788,0,0
400,2019,331.63,0,0
401,2019,164.542,0,0
402,2019,352.284,0,0
404,2019,142.575,0,0
405,2019,165.155,0,0
406,2019,218.969,0,0
407,2019,437.908,0,0
408,2019,163.284,0,0
409,2019,333.519,0,0
410,2019,153.716,0,0
411,2019,294.301,0,0
412,2019,275.168,0,0
413,2019,231.008,0,0
414,2019,415.656,0,0
415,2019,170.789,0,0
416,2019,134.519,0,0
417,2019,200.982,0,4.545
418,2019,0,46.361,22254.578
419,2019,194.242,0,4603.219
420,2019,0,380.802,1787.783
421,2019,2.475,0,1659.134
422,2019,322.512,0,0
423,2019,446.458,0,3.298
424,2019,618.102,0,3.807
425,2019,580.12,0,0
426,2019,257.475,0,0
427,2019,0,77.294,10074.985
428,2019,0,92.994,16216.615
429,2019,0,866.137,4782.851
430,2019,94.584,0,0
431,2019,415.974,0,5329.58
432,2019,99.417,0,0
433,2019,0,133.577,9747.816
434,2019,0,70.847,10926.094
435,2019,18.172,0,10189.638
436,2019,78.982,0,0
437,2019,0,186.03,17804.311
438,2019,0,0,436.078
439,2019,0,72.914,10617.466
440,2019,0,164.796,1797.82
441,2019,0,512.384,21582.965
442,2019,0,80.704,12710.143
443,2019,1.391,0,11747.212
444,2019,0,1634.816,4990.234
445,2019,0,0.303,15481
446,2019,0,0,18590.888
447,2019,0,0,29108.096
448,2019,0,0,23034.107
452,2019,1491.634,0,8478.496
453,2019,0,962.894,1554.599
454,2019,314.919,0,0
455,2019,174.793,0,0.178
456,2019,534.073,0,0
457,2019,336.377,0,0.007
458,2019,55.635,0,0
459,2019,53.61,0,0
460,2019,38.991,0,0
461,2019,0,166.268,2701.876
462,2019,0,715.015,3187.454
463,2019,393.409,0,98.771
464,2019,354.168,0,1.092
465,2019,0,0,8821.881
466,2019,0,0,6513.552
467,2019,78.409,0,9338.254
468,2019,245.661,0,0
469,2019,259.328,0,0
470,2019,234.968,0,0
471,2019,360.787,0,0
472,2019,752.967,0,0
473,2019,265.915,0,0
474,2019,143.415,0,0
475,2019,60.374,0,0
476,2019,82.98,0,0.148
477,2019,261.941,0,0
478,2019,0,1360.121,6518.233
479,2019,0,189.834,9608.206
480,2019,36.047,0,0
481,2019,124.727,0,0.203
482,2019,857.832,0,0
483,2019,71.512,0,0
484,2019,376.764,0,0
485,2019,186.759,0,0
486,2019,558.991,0,0
487,2019,156.937,0,0
488,2019,246.291,0,0
489,2019,403.407,0,0.061
490,2019,180.571,0,392.492
491,2019,267.579,0,273.714
492,2019,62.504,0,0
493,2019,70.985,0,0
494,2019,358.413,0,283.361
495,2019,89.228,0,0
496,2019,0,284.934,2481.891
497,2019,113.825,0,0
498,2019,83.76,0,0
499,2019,72.301,0,0
500,2019,62.547,0,0
501,2019,76.493,0,0
502,2019,105.503,0,0
503,2019,78.24,0,0
504,2019,53.733,0,0
505,2019,125.596,0,0
506,2019,296.764,0,0
507,2019,403.637,0,0
508,2019,404.713,0,0
509,2019,65.138,0,0
510,2019,191.74,0,0
511,2019,162.4,0,15.595
512,2019,226.829,0,403.426
513,2019,159.73,0,0
514,2019,354.523,0,29.496
515,2019,1511.95,0,0
516,2019,81.444,0,0
517,2019,1287.091,0,0
518,2019,814.932,0,0
519,2019,515.64,0,0
520,2019,106.257,0,0
522,2019,123.577,0,0
523,2019,282.546,0,0
524,2019,245.627,0,0
525,2019,41.244,0,0
526,2019,2342.146,0,0
527,2019,97.237,0,0
528,2019,201.152,0,0
529,2019,238.33,0,0
530,2019,124.869,0,11272.544
531,2019,0,0,9936.378
533,2019,659.625,0,0
534,2019,0.31,4.713,20130.512
535,2019,686.982,0,0.002
536,2019,128.691,0,0
537,2019,0,226.921,6501.553
538,2019,217.09,0,0
539,2019,0,0,22933.935
540,2019,0,93.032,19947.277
541,2019,218.523,0,0
542,2019,140.103,0,0
543,2019,0.038,3.86,9489.234
544,2019,19.98,143.664,0.007
545,2019,147.619,0,9.321
546,2019,170.875,0,0
547,2019,570.92,0,0
548,2019,125.248,0,0
549,2019,101.969,0,0
550,2019,86.313,0,0
551,2019,118.162,0,0
552,2019,102.643,0,0
553,2019,82.475,0,0
554,2019,470.486,0,0
555,2019,386.567,0,0
556,2019,322.392,0,0
557,2019,324.647,0,0
558,2019,356.534,0,0.162
559,2019,329.022,0,0.254
560,2019,658.774,0,0
561,2019,765.26,0,0
562,2019,1475.21,0,0
563,2019,1126.91,0,0
564,2019,251.965,0,0
565,2019,432.471,0,0
566,2019,247.666,0,0
567,2019,384.558,0,1.18
568,2019,306.524,0,0
569,2019,404.054,0,0
570,2019,416.642,0,0
571,2019,320.634,0,0
572,2019,259.824,0,0
573,2019,179.393,0,0
574,2019,272.96,0,0
575,2019,288.999,0,0
576,2019,168.846,0,0
577,2019,115.682,0,0
578,2019,431.802,0,15.538
579,2019,154.076,0,0
580,2019,207.221,0,0
581,2019,326.944,0,0
582,2019,86.977,0,0
583,2019,67.614,0,0
584,2019,99.49,0,0
585,2019,54.784,0,0
586,2019,57.17,0,0
587,2019,629.73,0,0
588,2019,461.406,0,0
589,2019,242.733,0,0
590,2019,216.684,0,0
591,2019,479.449,0,0
592,2019,329.017,0,0
593,2019,466.301,0,0
594,2019,490.914,0,0
595,2019,214.612,0,0
596,2019,154.471,0,0
597,2019,147.218,0,0
598,2019,56.134,0,0
599,2019,223.406,0,805.199
600,2019,424.987,0,298.323
601,2019,181.672,0,622.294
602,2019,863.24,0,466.979
603,2019,716.662,0,488.066
604,2019,2368.851,0,806.158
606,2019,644.269,0,3.323
607,2019,304.048,0,0
608,2019,965.695,0,1.295
610,2019,328.554,0,0.015
611,2019,268.855,0,0
612,2019,503.429,0,0
613,2019,625.784,0,79.407
614,2019,173.336,0,0
615,2019,1127.179,0,0
616,2019,645.781,0,54.49
617,2019,430.138,0,2705.07
618,2019,0,969.454,4141.61
619,2019,0,0,17383.813
620,2019,1441.515,0,0.11
621,2019,553.403,0,0
623,2019,2029.429,0,7582.519
624,2019,1854.569,0,2882.486
625,2019,253.996,0,1.805
627,2019,905.276,0,0
628,2019,787.552,0,0
629,2019,1741.788,0,0
630,2019,381.622,0,9.831
631,2019,869.491,0,595.434
638,2019,563.294,0,0
643,2019,660.771,0,0.345
644,2019,213.542,0,0
647,2019,606.411,0,550.594
648,2019,489.263,0,0.033
649,2019,523.126,0,2.231
650,2019,140.681,0,0
652,2019,240.242,0,4.934
654,2019,535.938,0,0
656,2019,0,0,20066.328
657,2019,456.745,0,4.83
658,2019,1354.934,0,0
661,2019,642.537,0,0
662,2019,427.772,0,0
663,2019,416.83,0,0.215
664,2019,488.047,0,0
665,2019,649.524,0,22.194
666,2019,936.974,0,31.894
667,2019,0,0,16857.413
668,2019,215.133,0,156.389
669,2019,153.84,0,158.528
670,2019,355.786,0.359,0.04
672,2019,1840.054,67.667,0.442
673,2019,403.357,179.108,0.335
674,2019,971.196,171.771,0
675,2019,484.702,10.182,0
676,2019,158.661,0,0
677,2019,175.873,0,0
678,2019,225.049,0,0
679,2019,105.891,0,0
680,2019,144.852,0,0
681,2019,325.829,0,0
682,2019,642.148,0,0
683,2019,380.174,0,3.294
684,2019,0,0.115,24620.522
685,2019,365.588,0,188.972
686,2019,148.117,0,0.296
687,2019,162.327,0,0.583
688,2019,164.274,0,0.01
689,2019,245.654,0,0
690,2019,120.943,0,0
691,2019,342.158,0,0
692,2019,288.886,0,0
693,2019,91.273,0,0
694,2019,86.073,0,0
695,2019,140.504,0,0
696,2019,282.86,0,0
697,2019,104.012,0,0
698,2019,73.166,0,0.906
699,2019,549.244,0,0
700,2019,0,0,486.449
701,2019,265.275,0,8.849
702,2019,149.493,0,0
703,2019,112.336,0,0
704,2019,165.3,0,80.219
705,2019,79.418,0,0
706,2019,80.516,0,0
707,2019,79.508,0,0
708,2019,149.503,0,0
709,2019,0.069,0,6005.746
710,2019,164.844,0,0
711,2019,0,313.956,16511.088
712,2019,2322.028,0,1850.711
714,2019,198.733,0,907.94
715,2019,5318.662,0,1317.465
716,2019,153.495,0,0
717,2019,119.744,0,0
718,2019,352.364,0,0
719,2019,227.595,0,0
720,2019,151.061,0,0
721,2019,83.613,0,0
722,2019,1178.032,0,1043.788
723,2019,95.286,0,0
724,2019,73.279,0,0
725,2019,102.652,0,0.017
726,2019,344.007,4.039,0
728,2019,1013.221,0,2.44
729,2019,417.401,0,5.053
730,2019,362.88,0,0
731,2019,412.878,31.343,0
732,2019,393.664,254.484,0
733,2019,506.598,0.034,23.929
734,2019,175.984,0,0
735,2019,143.418,0,0
736,2019,109.462,0,0
737,2019,124.25,0,0
739,2019,396.255,0,0
740,2019,175.601,0,0
741,2019,279.16,0,0.365
742,2019,9.744,0,17818.48
743,2019,0,0,5075.693
744,2019,334.263,0,0
745,2019,154.235,0,0
746,2019,1204.069,0,31.645
747,2019,596.298,0,5245.457
748,2019,0.2,0,1652.401
749,2019,87.54,0,0
750,2019,1289.063,0,719.382
751,2019,90.24,0,0
752,2019,0,0,20278.238
753,2019,367.491,0,7555.033
754,2019,0,176.39,10275.353
755,2019,0,238.459,11947.983
756,2019,0,0,11284.996
757,2019,0,0,18151.322
758,2019,682.05,0,0
759,2019,311.167,0,0
760,2019,149.126,0,0
761,2019,79.587,0,0
762,2019,187.424,0,0
763,2019,167.395,0,0
764,2019,35.112,0,0
765,2019,945.935,0,0
766,2019,137.451,0,0
767,2019,49.778,0,0
768,2019,82.401,0,0
769,2019,281.163,0,0
770,2019,180.829,0,0
771,2019,107.35,0,0
772,2019,84.631,0,0
773,2019,63.77,0,0
774,2019,164.33,0,0
775,2019,89.492,0,0
776,2019,10.673,0,2779.321
777,2019,1473.006,0,4878.694
778,2019,958.758,0,676.687
779,2019,83.902,0,0
780,2019,250.58,0,0
781,2019,110.199,0,0
782,2019,140.369,0,0
783,2019,91.28,0,0
784,2019,84.526,0,0
785,2019,159.022,0,0
786,2019,574.544,0,0
787,2019,0,0,17103.197
788,2019,232.328,0,15605.505
789,2019,0,429.759,1837.829
790,2019,541.312,0,0
791,2019,704.456,0,5.812
792,2019,282.365,0,0
793,2019,131.431,0,0
794,2019,108.161,0,0
795,2019,76.932,0,0
796,2019,187.472,0,0
797,2019,167.695,0,0
798,2019,93.047,0,0
799,2019,148.267,0,0
800,2019,387.568,0,0.191
801,2019,0,0,15274.55
802,2019,0,0,23223.852
803,2019,0,186.49,1800.926
804,2019,0,177.118,5373.374
805,2019,0,0,15303.131
806,2019,0,79.702,6465.587
807,2019,0,436.111,23704.366
808,2019,0,271.407,8490.225
809,2019,2125.85,307.441,9460.976
810,2019,0.07,0,3698.114
811,2019,120.219,0,0.314
812,2019,0,1241.462,14845.819
813,2019,0,0,18117.587
814,2019,3.288,0,7258.165
815,2019,541.223,0,26.859
816,2019,245.044,0,0
817,2019,724.341,0,318.955
818,2019,671.787,0,1459.424
819,2019,152.21,0,0
820,2019,124.138,0,0
821,2019,212.942,0,0
822,2019,89.856,0,0
823,2019,384.694,0,0
824,2019,188.826,0,0
825,2019,95.338,0,0
826,2019,70.732,0,0
827,2019,322.921,0,0
828,2019,414.71,0,0
829,2019,676.019,0,9493.828
830,2019,322.084,0,25.86
831,2019,555.608,0,0
832,2019,75.07,101.733,99.969
833,2019,354.727,0,7170.584
834,2019,1574.903,0,2091.328
835,2019,724.141,0,1427.843
836,2019,712.193,0,4312.854
837,2019,0,0,7278.477
838,2019,0,0,11209.666
839,2019,466.241,0,0
840,2019,143.756,0,0
841,2019,281.286,0,0.143
842,2019,268.002,0,0
843,2019,228.285,0,0
844,2019,227.616,0,0
845,2019,292.844,0,0
846,2019,870.309,0,0
847,2019,239.936,0,0
848,2019,67.731,0,0
849,2019,233.262,0,0
850,2019,262.375,0,0
851,2019,215.201,0,2.973
852,2019,0,0.075,13124.105
853,2019,0,145.889,8382.909
854,2019,583.385,0,10944.785
855,2019,0,0,11133.163
856,2019,0,0,17509.298
857,2019,613.804,0,70.609
858,2019,319.581,0,0
859,2019,650.843,0,0
860,2019,784.055,0,0.656
861,2019,287.84,0,0
862,2019,363.766,0,0
863,2019,2729.44,7.846,1662.367
864,2019,196.192,0,0
865,2019,481.188,0,0
866,2019,156.663,0,0
867,2019,400.301,0,0
868,2019,406.378,0,0.505
869,2019,0,313.738,960.231
870,2019,0,186.422,412.965
871,2019,245.964,0,0
872,2019,532.647,1.911,360.913
873,2019,0,375.636,533.984
874,2019,544.934,0,337.162
875,2019,236.366,0,3.097
876,2019,295.296,0,2.655
877,2019,148.313,0,636.807
878,2019,488.589,0,208.677
879,2019,3.99,0,1256.55
880,2019,0,92.969,9883.137
881,2019,161.186,0,0
882,2019,141.855,0,0
883,2019,127.836,0,0
884,2019,110.905,0,0
885,2019,409.34,0,0
886,2019,512.083,0,0
887,2019,1930.812,0,0
888,2019,67.263,0,0
889,2019,659.048,0,0
890,2019,476.979,0,0
891,2019,496.205,0,0
892,2019,51.894,0,0
893,2019,1204.043,0,0
894,2019,782.07,0,4.88
895,2019,271.273,0,0
896,2019,140.827,0,0.163
897,2019,422.705,0,0.04
898,2019,397.458,0,0
899,2019,169.238,0,0
900,2019,523.239,0,0.177
901,2019,121.974,0,0
902,2019,316.997,0,0
903,2019,307.409,0,0
904,2019,158.059,0,0
905,2019,213.569,0,24.837
906,2019,127.54,0,0
907,2019,361.238,0,0
908,2019,0,0,532.177
909,2019,1693.577,0,13288.612
910,2019,312.024,0,544.582
911,2019,435.002,0,3882.747
912,2019,653.978,0,7.247
913,2019,309.693,0,0
914,2019,255.801,132.343,2242.021
915,2019,4.426,610.48,257.87
916,2019,152.911,43.297,1.409
917,2019,16.287,925.776,167.894
918,2019,1987.087,1290.906,2626.104
919,2019,28.609,474.951,32.503
920,2019,1544.824,0,6602.382
921,2019,181.088,0,1.246
922,2019,989.09,0,270.531
923,2019,610.497,0,750.629
924,2019,619.492,0,0
925,2019,736.532,0,0
926,2019,269.421,0,0
927,2019,737.003,0,102.562
928,2019,381.651,0,14.532
929,2019,4.248,0,1873.361
930,2019,185.223,0,0
931,2019,0,0,599.831
932,2019,260.779,0,0
933,2019,0.009,0,340.393
934,2019,0.839,0,4476.007
935,2019,0,0,336.566
936,2019,3158.44,0,4.209
937,2019,264.439,0,0
938,2019,252.903,0,0
939,2019,243.617,0,0
940,2019,157.328,0,0
941,2019,6934.549,0,25.027
942,2019,0,0,305.48
943,2019,0,0,595.297
944,2019,0,0,399.198
945,2019,5.327,0,1811.054
946,2019,1400.998,0,15.957
948,2019,332.16,0,0
949,2019,123.195,92.422,0
950,2019,187.965,0,0
951,2019,163.335,0,0
952,2019,107.652,0,0.001
953,2019,375.843,0,21.938
954,2019,732.63,0,0
955,2019,202.693,0,0
956,2019,335.964,0,0
957,2019,115.805,0,0
958,2019,243.312,0,0
959,2019,478.809,0,9270.575
960,2019,297.62,0,0
961,2019,47.467,0,0
962,2019,114.473,0,0
963,2019,587.909,0,0
964,2019,54.902,0,0
965,2019,325.916,0,169.184
966,2019,0.023,63.199,12539.319
967,2019,148.606,0,8951.639
968,2019,505.183,0,0
969,2019,248.771,92.544,0
970,2019,41.563,0,0
971,2019,2986.516,0,0.141
972,2019,117.647,0,0
973,2019,491.641,0,0
974,2019,117.037,0,0
975,2019,202.72,0,0
976,2019,84.621,0,0
977,2019,61.035,0,0
978,2019,76.04,0,0
979,2019,651.028,0,0
980,2019,243.284,0.029,0
981,2019,149.468,0,0
982,2019,133.356,0,0
983,2019,235.084,0,0
984,2019,779.466,0,31.428
985,2019,105.666,0,0
986,2019,184.751,0,0
987,2019,342.766,0,0
988,2019,190.457,98.682,0
989,2019,590.88,0,0
990,2019,182.225,0,0
991,2019,367.15,0,87.882
992,2019,320.522,0,0
993,2019,70.298,0,0
994,2019,246.588,0,0
995,2019,104.256,0,0
996,2019,892.147,0,0
997,2019,71.346,0,0
998,2019,40.955,0,0
999,2019,189.839,0,0
1000,2019,735.393,0,0
1001,2019,117.099,0,0
1002,2019,337.51,0,0
1003,2019,64.598,0,0
1004,2019,53.525,0,0
1005,2019,1317.212,0,0
1006,2019,196.265,0,0
1007,2019,130.351,0,0
1008,2019,199.764,0,0
1009,2019,1317.457,0,0.211
1010,2019,362.165,0,0
1011,2019,80.506,0,0
1012,2019,141.28,0,0
1013,2019,406.153,0,0
1014,2019,205.284,0,0
1015,2019,188.605,0,0
1016,2019,140.67,0,0
1017,2019,64.093,0,0
1018,2019,187.598,0,0
1019,2019,273.457,0,0
1020,2019,776.773,0,292.005
1021,2019,39.06,0,5089.718
1022,2019,0,1.071,4496.432
1023,2019,720.371,0,0
1024,2019,340.693,0,0
1025,2019,203.446,0,0
1026,2019,245.391,0,0
1027,2019,92.823,0,0
1028,2019,71.581,0,0
1029,2019,208.508,0,0
1030,2019,202.306,0,0
1031,2019,237.808,0,0
1032,2019,146.231,0,0.313
1033,2019,481.009,0,3099.317
1034,2019,109.415,0,182.48
1035,2019,421.806,0,7423.135
1036,2019,241.258,0,11059.617
1037,2019,164.166,0,29.411
1038,2019,56.366,0,0.218
1039,2019,625.281,0,0
1040,2019,79.03,0,0
1041,2019,330.153,0,0
1042,2019,161.417,0,0
1043,2019,243.668,0,0
1044,2019,396.708,0,0
1045,2019,336.365,0.005,0
1046,2019,121.856,0,0.001
1047,2019,745.827,0,0.135
1048,2019,120.862,0,0
1049,2019,346.521,0,0
1050,2019,144.974,0,0
1051,2019,251.069,0,0
1052,2019,63.948,0,0
1053,2019,128.821,0,0
1054,2019,89.111,0,0
1055,2019,270.818,0,0
1056,2019,376.619,0,0
1057,2019,365.204,0,0
1058,2019,76.532,0,0
1059,2019,293.374,0,8.286
1060,2019,158.696,0,0
1061,2019,150.407,0,0
1062,2019,517.425,0,279.041
1063,2019,405.975,0,44.202
1064,2019,159.756,0,0.003
1065,2019,139.991,0,0.006
1066,2019,395.639,0,1145.359
1067,2019,75.011,0,0
1068,2019,505.304,0,0
1069,2019,246.846,0,0
1070,2019,107.523,0,5.279
1071,2019,190.778,0,0
1072,2019,352.779,0,0
1073,2019,341.456,0,0
1074,2019,211.576,0,0
1075,2019,712.983,0,0.069
1076,2019,233.504,0,0.546
1077,2019,355.678,0,0
1078,2019,419.924,0,0
1079,2019,323.496,0,0
1080,2019,143.005,0,7.443
1081,2019,248.492,0,1721.537
1082,2019,127.558,0,580.822
1083,2019,232.73,0,0
1084,2019,201.288,0,0
1085,2019,198.65,0,0
1086,2019,859.611,0,0
1087,2019,473.27,0,703.334
1088,2019,668.013,0,477.717
1089,2019,407.402,0,150.719
1091,2019,454.347,0,7.443
1092,2019,269.377,0,0
1093,2019,452.856,0,0
1094,2019,227.401,0,0
1095,2019,82.54,0,0
1096,2019,233.973,0,0
1097,2019,532.44,0,0
1099,2019,0,79.757,4416.111
1100,2019,0,0,6902.16
1101,2019,244.766,0,1464.156
1102,2019,0,88.872,9307.941
1103,2019,372.275,0,0
1104,2019,0,0,12196.544
1105,2019,0,0,19163.436
1106,2019,0,265.16,1771.894
1107,2019,0,69.258,9700.456
1108,2019,0,335.854,576.762
1109,2019,258.666,0,0
1110,2019,414.433,0,0
1111,2019,486.983,0,0.276
1112,2019,63.661,0,0
1113,2019,98.468,0,0
1114,2019,65.832,0,0
1115,2019,118.862,0,0
1116,2019,290.494,0,0
1117,2019,505.004,0,0
1118,2019,146.019,0,0
1119,2019,65.525,0,8730.574
1120,2019,276.235,0,136.34
1121,2019,219.84,0,0
1122,2019,125.329,0,0
1123,2019,75.124,0,0
1124,2019,124.5,0,0
1125,2019,303.327,0,0
1126,2019,78.392,0,0
1127,2019,80.809,0,0
1128,2019,91.467,0,0
1129,2019,70.434,0,0
1130,2019,231.898,0,0
1131,2019,211.265,0,0
1132,2019,278.469,0,0
1133,2019,348.789,0,0
1134,2019,869.296,0,0
1135,2019,432.008,0,0.27
1136,2019,222.729,0,251.562
1138,2019,0.091,0.016,2604.654
1139,2019,320.284,0,0
1141,2019,0,519.092,2603.438
1142,2019,0,84.526,2212.156
1143,2019,481.014,10.202,0
1144,2019,175.868,0,0
1145,2019,2277.714,0,4.913
1146,2019,2110.744,0,2.387
1147,2019,1544.42,0,0.459
1148,2019,0,1037.11,1452.537
1149,2019,96.22,0,773.846
1150,2019,227.823,0,0
1151,2019,225.718,0,0
1152,2019,830.948,0,0.137
1153,2019,266.796,0,0.265
1154,2019,251.768,0,0
1155,2019,229.104,0,0
1156,2019,86.589,0,0
1157,2019,3337.904,0,1794.797
1158,2019,177.374,0,0
1160,2019,159.509,0,0
1161,2019,120.586,0,16781.281
1162,2019,10.63,5.805,7656.316
1163,2019,7.879,1881.936,15684.728
1164,2019,0,503.849,14190.619
1165,2019,144.214,0,0
1166,2019,389.05,3.904,1401.509
1167,2019,0,0,9186.096
1168,2019,96.69,0,0
1169,2019,725.427,0,0
1170,2019,257.26,0,0
1171,2019,176.798,0,0
1172,2019,274.107,0,0
1173,2019,313.36,0,0
1174,2019,422.591,0,0
1175,2019,848.097,0,375.438
1176,2019,0,763.201,887.101
1177,2019,194.09,0,0
1178,2019,70.597,0,0
1179,2019,130.515,0,0.042
1180,2019,113.484,0,0
1181,2019,231.152,0,0
1182,2019,75.919,0,0.062
1183,2019,1678.322,0,0.222
1184,2019,204.33,0,0.28
1185,2019,150.278,0,0
1186,2019,730.273,0,0.156
1187,2019,150.231,0,0
1188,2019,123.246,0,0
1189,2019,344.469,0,0
1190,2019,336.133,0,0
1191,2019,144.178,0,0
1192,2019,0.001,0,350.387
1193,2019,181.041,0,0
1194,2019,92.528,0,0
1195,2019,156.284,0,0
1196,2019,245.519,0,0
1197,2019,162.749,0,0
1198,2019,67.291,0,0
1199,2019,488.202,0,0
1200,2019,77.983,0,0
1201,2019,79.194,0,0
1202,2019,82.784,0,0
1203,2019,433.202,0,0
1204,2019,29.412,0,28262.395
1205,2019,83.131,0,0
1206,2019,213.199,0,0.018
1208,2019,0,96.979,4524.701
1209,2019,71.332,0,0
1210,2019,200.103,0,0
1211,2019,174.854,0,0
1212,2019,202.131,0,0
1213,2019,43.932,0,0
1214,2019,62.091,0,0
1215,2019,181.283,0,0
1216,2019,80.387,0,300.069
1217,2019,0,0,13052.039
1218,2019,151.46,0,0
1219,2019,110.61,0,0
1220,2019,129.772,0,0
1221,2019,125.956,0,0
1222,2019,375.856,0,0
1223,2019,0,0,487.936
1224,2019,0,48.559,7804.855
1225,2019,0,166.946,34.815
1226,2019,0,688.449,710.223
1227,2019,0,88.492,7710.16
1228,2019,0,128.69,3977.164
1229,2019,234.355,0,0
1230,2019,249.62,0,0
1231,2019,1964.931,0,4.326
1232,2019,114.63,0,0
1233,2019,172.703,0,0
1234,2019,324.411,0,0
1235,2019,113.249,0,0
1236,2019,308.299,0,0
1237,2019,299.344,0,0
1238,2019,412.735,0,0
1239,2019,652.811,0,0.171
1240,2019,88.778,0,0
1241,2019,141.666,0,0
1242,2019,148.118,0,0
1243,2019,70.556,0,0
1244,2019,120.794,0,0
1245,2019,55.116,0,0
1246,2019,0.356,0,3267.706
1247,2019,331.94,0,0
1250,2019,356.679,0,0
1251,2019,198.587,0,0
1252,2019,334.749,0,0
1253,2019,317.436,0,0
1254,2019,311.266,0.035,0.001
1255,2019,164.916,0,0
1256,2019,91.74,0,0
1257,2019,203.473,0,0
1258,2019,373.467,0,0
1259,2019,164.933,0,0
1260,2019,198.376,0,121.498
1261,2019,672.705,0,0
1262,2019,434.306,0,0
1263,2019,0,309.27,507.114
1264,2019,0,310.266,160.869
1265,2019,158.795,0,0
1266,2019,0,321.654,1015.922
1267,2019,638.917,0,2360.578
1268,2019,0.3,0.011,2399.652
1269,2019,0.004,185.057,1605.674
1270,2019,0.865,229.68,3803.968
1271,2019,1750.444,0,2782.675
1272,2019,1432.936,0,1484.074
1273,2019,0.005,1180.309,8185.265
1274,2019,544.262,0,6306.263
1275,2019,0,0,7047.832
1276,2019,0.43,0,5241.111
1277,2019,0,361.241,99.209
1278,2019,419.019,0,87.861
1280,2019,106.915,0,0
1281,2019,133.507,0,0
1282,2019,331.117,0,0.096
1283,2019,104.579,0,0
1284,2019,301.887,0,0
1285,2019,1168.294,0,2.358
1286,2019,2151.148,0,0.008
1287,2019,486.169,0,0
1288,2019,180.506,0,0
1289,2019,314.211,0,0
1290,2019,386.651,0,0
1291,2019,3.263,0,30537.707
1292,2019,0,137.811,5129.474
1293,2019,0,314.53,1174.167
1294,2019,0,0,18692.236
1295,2019,5720.617,0,3147.038
1297,2019,0,0,12351.594
1298,2019,0,396.098,1771.817
1299,2019,145.068,0,0
1300,2019,113.95,0,0
1301,2019,76.829,0,0
1302,2019,70.995,0,0
1303,2019,97.057,0,0
1304,2019,153.084,0,0
1305,2019,0,0,18992.233
1306,2019,0,265.499,7399.629
1307,2019,114.799,0,0.009
1308,2019,65.229,0,21066.353
1309,2019,0,0,32379.509
1310,2019,0,92.55,18768.634
1311,2019,0,0,12815.436
1312,2019,0,0,27035.33
1313,2019,0,233.135,6198.615
1314,2019,0,174.323,7437.661
1315,2019,1639.004,0,15498.809
1316,2019,651.631,0,12127.607
1317,2019,0,0,14996.746
1318,2019,0,0,16336.576
1319,2019,349.78,139.533,0.049
1320,2019,366.991,0,0
1321,2019,256.861,0,0
1322,2019,409.867,0,0.198
1323,2019,274.149,0,0
1324,2019,335.664,0,2232.674
1325,2019,373.5,0,5112.177
1326,2019,136.92,0,0
1327,2019,90.652,0,0
1328,2019,182.627,0,0
1329,2019,477.618,0,0
1330,2019,614.571,0,0
1331,2019,815.424,0,234.44
1332,2019,407.743,0,0
1334,2019,157.264,0,0
1335,2019,123.782,0,0
1336,2019,114.357,0,0
1337,2019,97.178,0,0
1338,2019,394.129,0,0
1339,2019,241.709,0,0.293
1342,2019,681.195,0,1.64
1343,2019,458.018,0,0
1344,2019,231.498,0,0
1345,2019,354.018,0,0
1346,2019,467.368,0,0
1347,2019,292.632,0,0
1348,2019,1077.614,0,5266.577
1349,2019,953.724,0,211.615
1350,2019,213.359,0,402.147
1351,2019,1203.146,39.154,1195.99
1352,2019,3.448,0,3771.867
1356,2019,652.033,0,0.128
1357,2019,444.915,0,0
1362,2019,635.312,0,0
1366,2019,0.688,142.788,7563.705
1368,2019,10.91,0.641,17337.543
1369,2019,0,0,10776.107
1370,2019,3605.764,0,2162.827
1371,2019,1164.975,0,2.549
1374,2019,555.685,0,9.291
1377,2019,156.754,0,0
1378,2019,0,0,4622.272
1379,2019,740.605,0,6.885
1380,2019,641.638,0,0
1381,2019,221.321,0,0
1382,2019,1618.987,0,0.401
1383,2019,1173.59,0,0.282
1384,2019,649.244,0,0.766
1385,2019,1559.978,0,0
1386,2019,522.343,0,0.247
1387,2019,327.064,0,76.216
1388,2019,187.599,0,20.067
1390,2019,623.84,0,47.56
1391,2019,291.124,0,0
1392,2019,453.612,0,296.041
1393,2019,391.833,0,0
1394,2019,369.559,0,0
1395,2019,493.133,0,0
1396,2019,358.268,40.197,0
1397,2019,131.031,0,0
1398,2019,238.684,0,0
1399,2019,133.009,0,0
1400,2019,329.511,0,5.579
1401,2019,80.835,0,0
1402,2019,173.158,0,0
1403,2019,59.948,0,0
1404,2019,57.366,0,0
1405,2019,136.885,0,0
1406,2019,950.707,0,9.024
1407,2019,27.844,0,4676.641
1408,2019,0,0,9988.327
1409,2019,247.295,0,0.001
1410,2019,50.029,0,0
1411,2019,376.97,0,0
1412,2019,0,9.524,13860.448
1413,2019,160.64,0,0
1414,2019,125.643,0,0
1415,2019,260.841,0,0
1416,2019,195.254,0,0
1417,2019,133.328,0,0
1418,2019,0,99.913,10969.067
1419,2019,0,413.68,3845.429
1420,2019,195.479,0,4.314
1421,2019,158.911,0,1225.187
1422,2019,442.397,0,0
1424,2019,312.992,0,0
1425,2019,990.161,0,0
1426,2019,105.999,0,0
1427,2019,261.334,0,0
1428,2019,125.384,0,0
1429,2019,282.511,0,0
1430,2019,164.441,0,0
1431,2019,235.797,0,0
1432,2019,86.79,0,0
1434,2019,104.969,0,0.152
1435,2019,699.113,0,0
1436,2019,227.196,0,0
1437,2019,124.287,0,0
1438,2019,1016.676,0,0
1439,2019,663.799,0,0.537
1440,2019,254.897,0,193.819
1441,2019,153.113,0,24.239
1442,2019,137.682,0,0
1443,2019,127.303,0,0
1444,2019,149.547,0,0
1445,2019,781.192,90.158,0.031
1446,2019,158.89,0,0
1447,2019,659.029,0,0.405
1448,2019,102.584,0,0
1449,2019,176.249,0,0
1450,2019,98.642,0,0
1451,2019,110.727,0,0
1452,2019,1021.112,0,0
1453,2019,244.385,0,164.666
1454,2019,533.277,0,0
1455,2019,103.991,0,0
1456,2019,322.464,0,0.111
1457,2019,268.543,0,0
1458,2019,375.019,0,0
1459,2019,332.656,0,0
1460,2019,73.955,0,0.09
1461,2019,750.772,0,0
1462,2019,78.324,0,0
1463,2019,522.556,0,0
1464,2019,82.481,0,0
1465,2019,162.832,0,0
1466,2019,239.767,0,0
1467,2019,194.189,0,0
1468,2019,181.71,0,0
1469,2019,179.747,0,0
1470,2019,241.308,0,0
1471,2019,813.355,0,0
1472,2019,283.28,121.731,0
1473,2019,165.064,0,0
1474,2019,399.652,0,0
1477,2019,203.705,0,81.867
1478,2019,62.581,0,0
1479,2019,56.911,0,0
1480,2019,116.838,0,0
1481,2019,61.3,0,0
1482,2019,89.608,0,0
1483,2019,718.507,0.008,10848.779
1484,2019,687.194,43.373,45.272
1485,2019,265.362,0,0
1486,2019,87.246,0,0
1487,2019,65.075,0,0
1488,2019,212.168,0,0
1489,2019,141.19,0,0
1490,2019,69.623,0,0
1491,2019,85.147,0,0
1492,2019,463.766,0,0
1493,2019,156.802,0,0
1494,2019,126.72,0,0
1495,2019,207.218,0,0
1496,2019,224.317,0,0
1498,2019,309.546,0,6065.009
1499,2019,2.388,289.96,2164.406
1500,2019,308.221,0,3918.184
1501,2019,149.048,0,274.368
1502,2019,223.517,0,1291.817
1503,2019,225.98,0,0.282
1504,2019,0,202.82,2097.761
1505,2019,0,160.972,455.775
1506,2019,230.117,0,6990.131
1507,2019,494.061,0,34.89
1508,2019,337.626,0,0.003
1509,2019,61.903,0,0
1510,2019,492.523,0,0
1511,2019,81.235,0,0
1512,2019,74.311,0,0
1513,2019,118.858,162.754,0
1514,2019,61.943,0,0
1515,2019,164.463,0,0
1516,2019,328.04,0,0.674
1517,2019,2443.258,0,9.374
1518,2019,111.621,0,0
1520,2019,0,0,15764.669
1522,2019,0,307.939,138.849
1523,2019,1.426,0,5179.251
1525,2019,93.289,13.995,2864.812
1526,2019,119.55,0,0.274
1527,2019,111.527,0,0.013
1528,2019,191.71,0,0
1529,2019,145.951,0,0
1530,2019,139.918,0,0
1531,2019,242.507,0,0
1532,2019,712.457,0,172.226
1533,2019,61.535,0,0
1534,2019,220.39,0,0
1535,2019,87.645,0,0
1536,2019,88.686,0,0
1537,2019,241.413,0,0
1538,2019,238.195,0,0
1539,2019,143.532,0,0
1540,2019,207.202,0,5926.027
1541,2019,269.116,0,806.946
1542,2019,0,225.136,3290.168
1543,2019,0,148.131,11871.75
1544,2019,4587.327,0,20.109
1545,2019,242.339,0,0
1546,2019,378.737,0,0
1547,2019,129.301,0,0
1548,2019,356.923,0,0
1549,2019,83.412,0,0
1550,2019,204.474,0,0
1551,2019,291.706,0,0
1552,2019,808.57,0,0.882
1553,2019,65.105,0,0
1554,2019,79.761,0,0
1555,2019,305.634,0,0
1556,2019,97.086,0,0
1557,2019,0,0,10477.675
1558,2019,69.98,0,0
1559,2019,0,0,4468.774
1560,2019,93.236,0,0
1561,2019,209.183,0,0.349
1562,2019,427.566,0,0
1563,2019,187.774,0,0
1564,2019,591.358,0,0
1565,2019,798.041,0,0
1566,2019,432.254,0,0
1567,2019,150.772,546.768,0
1568,2019,1100.095,0,0
1569,2019,158.41,0,0
1570,2019,453.878,0,35.02
1571,2019,257.038,0,0
1572,2019,134.374,0,0
1573,2019,111.982,0,0
1574,2019,85.36,0,0
1575,2019,151.903,0,0
1576,2019,197.104,0,0
1577,2019,205.668,0,0
1578,2019,137.722,0,0
1579,2019,180.902,0,0
1580,2019,184.765,0,0
1581,2019,479.068,0,0
1582,2019,704.752,0,0
1583,2019,110.343,0,4650.261
1584,2019,490.53,0,0
1585,2019,347.707,0,0.075
1586,2019,69.144,0,0
1587,2019,88.225,0,0
1588,2019,0,17.631,10203.038
1589,2019,0,97.186,8625.05
1590,2019,0,125.412,3244.231
1591,2019,0.009,0.346,15898.26
1592,2019,0,273.58,3567.039
1593,2019,1125.49,0,0
1594,2019,651.369,0,0
1595,2019,297.076,0,0
1596,2019,123.008,0,0
1597,2019,0,0,3907.759
1598,2019,0,950.12,11263.763
1599,2019,1408.734,3161.056,4887.529
1600,2019,0,37.702,1464.579
1601,2019,313.504,0,0.062
1602,2019,274.244,0,7324.778
1603,2019,0,35.411,10022.475
1604,2019,0,0,420.168
1605,2019,253.597,0,0
1606,2019,252.645,0,0
1607,2019,163.502,0,0
1608,2019,195.902,0,0
1609,2019,180.353,0,0
1610,2019,91.324,0,0
1611,2019,491.936,0,333.77
1612,2019,0.517,0,9068.538
1613,2019,376.277,0,934.524
1614,2019,315.366,0,331.807
1615,2019,233.975,0,58.879
1616,2019,0,0,24512.717
1617,2019,0,146.654,923.763
1618,2019,858.277,0,0.021
1619,2019,294.031,0.021,0
1620,2019,205,0,0
1621,2019,241.993,0,0
1622,2019,126.154,0,0
1623,2019,311.791,0,0
1624,2019,249.251,0,0
1625,2019,114.115,0,0
1627,2019,96.558,0,0
1628,2019,110.394,0,0
1629,2019,267.895,0,0
1632,2019,668.408,0,1.204
1639,2019,1266.851,0,0
1640,2019,102.713,0,0
1641,2019,390.244,0,1861.563
1642,2019,295.519,0,364.412
1643,2019,813.338,0,153.27
1645,2019,1280.356,0,271.726
1646,2019,776.992,0,198.616
1647,2019,85.77,0,569.691
1648,2019,0,115.156,5808.553
1649,2019,144.791,0,948.786
1650,2019,823.576,0,1101.941
1651,2019,152.493,0,79.612
1652,2019,291.44,0,263.866
1653,2019,818.068,0,499.978
1654,2019,595.707,0,40.978
1655,2019,221.54,0,3.425
1656,2019,368.225,0,202.958
1657,2019,801.365,0,910.739
1658,2019,897.507,0,4.662
1659,2019,547.019,0,59.763
1661,2019,2143.2,0,3020.757
1662,2019,1116.815,0,4761.557
1663,2019,276.221,0,136.877
1664,2019,3046.883,0,1434.728
1665,2019,1240.218,0,101.379
1666,2019,375.886,0,277.524
1668,2019,205.588,0,111.966
1669,2019,261.514,0,0
1670,2019,220.602,0,14.287
1671,2019,460.906,0,21.182
1672,2019,445.825,0,225.363
1673,2019,466.909,0,0.168
1674,2019,650.597,0,3.125
1675,2019,349.633,0,0
1676,2019,41.517,0,566.107
1677,2019,478.824,0,75.26
1678,2019,607.801,0,17.948
1679,2019,99.594,0,2375.424
1680,2019,120.185,0,313.635
1681,2019,2036.614,0,606.592
1682,2019,453.948,0,74.466
1684,2019,252.269,0,95.968
1685,2019,95.879,0.098,265.464
1686,2019,0.534,0,326.037
1687,2019,297.145,0,755.393
1688,2019,379.094,0,32.178
1689,2019,105.196,0,57.53
1690,2019,1.607,0,724.672
1691,2019,266.597,0,67.772
1692,2019,0.238,0,284.724
1693,2019,2.223,0,5913.53
1694,2019,310.751,0,0
1695,2019,245.091,0,0.048
1696,2019,0.282,0,585.297
1697,2019,405.918,0,385.184
1698,2019,0.205,0,200.722
1699,2019,438.074,0,5283.895
1700,2019,1727.456,0,50.841
1702,2019,267.964,0,0
1703,2019,1114.279,0,160.466
1704,2019,1507.238,0,460.451
1705,2019,581.605,0,424.185
1706,2019,740.231,0,167.268
1707,2019,169.747,0,0
1708,2019,590.859,0,0
1709,2019,0,449.635,852.666
1710,2019,0,114.393,8652.811
1712,2019,0,0,10566.07
1713,2019,92.857,0,0
1714,2019,46.826,0,0
1715,2019,101.783,0,0
1716,2019,164.829,0,0
1717,2019,88.932,0,0
1718,2019,296.526,0,328.031
1719,2019,1162.097,0,1.394
1207,2019,0,2798.262,8974.264
1137,2019,0,166.13,351.133
1519,2019,0,418.249,607.206
403,2019,457.355,0,0
947,2019,272.819,0.172,0.005
1521,2019,0,283.884,423.516
1140,2019,0.003,6384.729,545.65
1296,2019,11266.766,0,5.246
1630,2019,1389.555,0,1.042
1631,2019,1718.393,0,0
28,2019,440.194,0,0
381,2019,636.291,0,0
521,2019,1620.243,0,0.57
713,2019,2187.788,0,0.002
1626,2019,2656.43,0,0
1633,2019,2431.866,0,0.319
1634,2019,883.707,0,0
1635,2019,725.782,0,0
1636,2019,821.394,0,0
1637,2019,200.113,0,0
1638,2019,147.92,0,0
1367,2019,464.171,0,674.406
1375,2019,520.2,0,1664.07
1376,2019,344.527,0,484.874
1389,2019,321.293,0,278.921
327,2019,137.213,0,0
331,2019,622.438,0,0.316
332,2019,815.567,0,178.613
384,2019,419.921,0,181.785
605,2019,155.744,0,0.006
622,2019,199.773,0,83.606
626,2019,376.036,0,24.997
632,2019,752.124,0,123.522
633,2019,247.604,0,0
634,2019,417.606,0,75.712
635,2019,771.842,0,197.254
640,2019,249.416,0,36.606
641,2019,314.321,0,165.031
642,2019,198.387,0,0
645,2019,207.11,0,0
646,2019,258.765,0,53.717
651,2019,219.517,0,58.432
655,2019,473.944,0,0.057
659,2019,267.708,0,135.128
660,2019,762.49,0,50.163
727,2019,467.885,0,0.594
1090,2019,677.957,0,10.065
1159,2019,211.308,0,10.73
1248,2019,550.586,0,384.396
1249,2019,264.537,0,103.901
1279,2019,287.492,0,0.943
1333,2019,366.87,0,1.095
1340,2019,901.854,0,100.414
1341,2019,432.254,0,18.668
1353,2019,1074.145,0,132.714
1354,2019,1303.045,1.909,1003.105
1355,2019,1461.028,0,816.574
1358,2019,300.998,0,96.6
1359,2019,267.79,0,59.805
1360,2019,560.591,0,52.856
1363,2019,1368.612,0,338.746
1364,2019,2111.248,0.293,163.922
1365,2019,1983.659,0,3.143
1373,2019,300.501,0,83.143
1423,2019,345.275,0,24.135
1475,2019,427.225,0,115.789
1476,2019,331.657,0,150.279
637,2019,217.945,0,22.75
1372,2019,304.602,0,29.673
1361,2019,1565.736,0,82.839
609,2019,1768.489,0,2398.421
738,2019,540.424,0,600.931
639,2019,679.486,0,965.171
26,2019,0,338.464,15.68
636,2019,0,325.539,261.123
653,2019,0,126.094,0.005
353,2019,0,961.715,5236.074
397,2019,0,424.863,1994.641
532,2019,0,383.683,833.992
1524,2019,0,4.83,440.058
1497,2019,0,357.294,1849.37
671,2019,138.628,183.992,0.033
1433,2019,47.709,143.662,0
305,2019,0,722.92,87.488
1667,2019,535.832,0,425.793
1683,2019,136.372,0,492.238
1701,2019,0.09,0,251.877
1711,2019,236.131,0,302.654
1644,2019,89.501,0,688.902
1660,2019,163.44,0,618.903
449,2019,0,98.569,0
450,2019,0,221.723,0.138
451,2019,0,231.037,2.027
1098,2019,0,232.724,0
1,2050,120.642,0,0
2,2050,294.126,0,0
3,2050,100.391,0,0
4,2050,76.742,0,0
5,2050,529.333,0,0
6,2050,160.365,0,0
7,2050,86.398,0,0
8,2050,163.556,0,0
9,2050,143.043,0,0
10,2050,82.638,0,0
11,2050,98.687,0,0
12,2050,375.173,0,0.493
13,2050,3557.005,0,0.471
14,2050,458.699,0.007,0
15,2050,174.175,19.219,0
16,2050,90.466,0,0.003
17,2050,1210.973,0,599.67
18,2050,0.239,0,2894.514
19,2050,146.56,0,0
20,2050,112.218,0,0
21,2050,101.966,0,0
22,2050,232.22,0,0
23,2050,40.723,0,0
24,2050,0,183.947,375.71
25,2050,0,35.894,8076.129
27,2050,0.093,0,15461.147
29,2050,482.938,0,0
30,2050,258.782,0,0
31,2050,169.182,0,0
32,2050,159.087,0,0
33,2050,430.274,0,0
34,2050,797.755,0,0
35,2050,652.055,0,0.191
36,2050,207.607,0,0
37,2050,490.126,0,0
38,2050,1231.567,0,0
39,2050,318.129,0,0
40,2050,261.451,0,0
41,2050,144.018,0,0
42,2050,318.088,0,0
43,2050,49.038,0,0
44,2050,477.514,0,0
45,2050,164.14,0,0
46,2050,616.795,0,0
47,2050,616.076,0,0
48,2050,267.603,0,2939.698
49,2050,317.397,0,7937.872
50,2050,0,240.08,28.548
51,2050,1865.469,0,3687.949
52,2050,1604.232,0,0
53,2050,627.169,0,4909.783
54,2050,676.712,0,1273.656
55,2050,476.934,0,87.575
56,2050,433.789,0,34.914
57,2050,500.787,0,141.691
58,2050,598.386,0,0
59,2050,685.837,0,5123.025
60,2050,0,513.215,366.003
61,2050,247.457,0,0
62,2050,574.809,0,407.845
63,2050,190.986,0,0
64,2050,141.964,0,0
65,2050,232.573,0.009,10690.566
66,2050,168.967,0,0
67,2050,0,546.567,6.688
68,2050,0,0,9745.831
69,2050,0,0,8513.38
70,2050,429.444,0,0
71,2050,195.889,0,0
72,2050,651.347,0,0
73,2050,729.238,0,0
74,2050,943.14,0,0
75,2050,318.879,0,0
76,2050,328.263,0,0
77,2050,163.417,0,0
78,2050,176.906,0,0
79,2050,710.32,0,5160.659
80,2050,440.123,0,0
81,2050,551.046,0,0
82,2050,599.343,0,0
83,2050,1050.061,0,8863.759
84,2050,0,0,4404.718
85,2050,309.815,0,12799.33
86,2050,225.555,0,1404.995
87,2050,1702.275,0,1787.483
88,2050,7.504,0,23326.278
89,2050,1941.979,0,15785.735
90,2050,1382.411,0,27532.397
91,2050,0,431.575,14258.35
92,2050,0,183.273,13960.185
93,2050,12394.494,0,0.588
94,2050,9638.274,0,12133.223
95,2050,0.352,546.983,9334.552
96,2050,52.353,0,4481.951
97,2050,246.015,0,48.768
98,2050,95.508,0,0
99,2050,131.186,0,0
100,2050,212.359,0,0
101,2050,219.672,0,0
102,2050,81.447,0,0
103,2050,0,0,8715.897
104,2050,351.49,0,0
105,2050,365.941,0.573,6.885
106,2050,0,0,19497.166
107,2050,0.563,0.013,21864.509
108,2050,0,175.632,824.783
109,2050,0,0,14432.309
110,2050,254.06,0,0
111,2050,377.813,0,0.236
112,2050,230.912,0.053,0
113,2050,275.771,0,0
114,2050,91.028,122.716,0.001
115,2050,246.252,0,0
116,2050,987.54,0,0
117,2050,38.953,0.894,0
118,2050,98.316,0,0
119,2050,87.245,0,0
120,2050,175.503,0,0
121,2050,271.201,0,0
122,2050,95.862,0,0
123,2050,445.952,0,0.265
124,2050,116.303,0,0
125,2050,213.903,0,0
126,2050,394.811,0,0.622
127,2050,199.315,0,0
128,2050,416.484,0,0
129,2050,232.912,0,0
130,2050,150.382,0,0
131,2050,87.39,0,0
132,2050,281.041,0,0
133,2050,161.548,0,0
134,2050,0,0,15844.019
135,2050,0,0,7331.551
136,2050,392.666,0,1980.41
137,2050,49.227,0,4879.053
138,2050,0,0,11664.512
139,2050,691.8,0,1640.159
140,2050,0,0,2814.083
141,2050,3.982,0,4569.487
142,2050,0,0,11170.424
143,2050,0,247.297,10461.419
144,2050,0,0,17880.349
145,2050,0.029,0,1187.016
146,2050,581.44,0,362.759
147,2050,0,0,9578.172
148,2050,0,0,21284.225
149,2050,0,171.539,5086.762
150,2050,340.761,0,128.657
151,2050,0,0,11574.412
152,2050,0,0,2619.063
153,2050,728.379,0,1437.509
154,2050,158.342,0,1.818
155,2050,0,0,1568.377
156,2050,0.031,0,776.927
157,2050,97.501,0,0
158,2050,339.018,0,233.611
159,2050,467.097,3.639,1665.788
160,2050,0.002,0,1969.971
161,2050,0,196.905,3018.031
162,2050,274.493,0,0
163,2050,0,19.4,24484.345
164,2050,0,399.958,12357.825
165,2050,174.284,0,0
166,2050,196.428,0,0
167,2050,90.96,0,0
168,2050,1887.739,0,0.247
169,2050,319.668,0,0
170,2050,95.743,0,0.029
171,2050,415.382,0,0
172,2050,2.016,213.573,0
173,2050,152.608,0,0
174,2050,60.847,68.241,0
175,2050,539.979,0,38.525
176,2050,1435.413,0,8.547
177,2050,76.068,0,0
178,2050,192.431,72.67,0
179,2050,175.383,0,0
180,2050,106.369,0,0
181,2050,398.299,0,0
182,2050,108.379,0,0
183,2050,725.979,0,0.001
184,2050,232.666,0,0
185,2050,582.825,0,0
186,2050,333.749,0,0
187,2050,102.35,0,0
188,2050,1426.445,0,1.161
189,2050,984.933,0,0
190,2050,98.976,0,0
191,2050,486.029,0,0
192,2050,644.008,0,0
193,2050,483.655,0,0
194,2050,1203.699,0,0
195,2050,375.636,0,0.521
196,2050,488.744,0,0.15
197,2050,349.62,0,0
198,2050,60.125,0,0
199,2050,69.336,0,0
200,2050,0,326.534,8605.797
201,2050,0,307.749,1149.937
202,2050,0,158.176,0
203,2050,230.498,0,5245.477
204,2050,153.774,0,0
205,2050,83.026,0,0
206,2050,697.572,16.379,6486.951
207,2050,8.382,339.057,110.59
208,2050,0,127.047,6428.898
209,2050,12.22,0,603.107
210,2050,0,111.091,1051.217
211,2050,0,0.31,379.003
212,2050,0,868.695,1.295
213,2050,0,326.696,0.098
214,2050,282.015,0,0
215,2050,44.63,0,0
216,2050,230.013,0,0
217,2050,536.58,0,0
218,2050,259.487,0,0
219,2050,154.534,0,0
220,2050,307.885,0,0
221,2050,497.811,0,0
222,2050,197.402,0,0
223,2050,117.124,0,0
224,2050,547.46,0,1.233
225,2050,240.175,0,0.3
226,2050,133.343,0,0
227,2050,102.049,0,0
228,2050,315.066,0,0
229,2050,1735.721,0,0
230,2050,608.063,0,0
231,2050,143.438,0,0
232,2050,131.786,0,0
233,2050,497.163,0,0
234,2050,171.704,0,0.616
235,2050,480.023,0,0.054
236,2050,225.934,0,0
237,2050,148.415,0,0.241
238,2050,180.445,0,0
239,2050,245.128,0,0
240,2050,344.486,0,0
241,2050,189.987,0,0
242,2050,67.211,0,0
243,2050,101.839,0,0
244,2050,256.494,0,0
245,2050,175.237,0,0
246,2050,70.45,0,0
247,2050,103.072,0,0
248,2050,195.684,0,0
249,2050,244.39,0,0
250,2050,357.643,0,0
251,2050,221.932,0,0
252,2050,92.431,0,0
253,2050,31.756,0,0
254,2050,53.022,0,0
255,2050,1830.034,0,1.149
256,2050,1259.872,0,0
257,2050,214.996,0,0.924
258,2050,335.923,0,0.003
259,2050,203.959,0,0
260,2050,122.043,0,0
261,2050,195.085,0,0
262,2050,59.871,0,0
263,2050,5100.113,0,8.967
264,2050,285.302,0,0.943
265,2050,221.997,0,0
266,2050,71.037,0,0
267,2050,461.13,0,0
268,2050,93.703,0,0
269,2050,50.467,0,0
270,2050,205.695,0,0
271,2050,389.799,0,0.278
272,2050,132.507,0,0
273,2050,74.389,0,0
274,2050,80.125,0,0
275,2050,261.868,0,0
276,2050,186.958,0,0
277,2050,143.176,0,0
278,2050,234.37,0,0
279,2050,3.509,0,24086.188
280,2050,101.328,0,12525.847
281,2050,405.275,0,0.015
282,2050,196.216,0,0
283,2050,230.624,0,0
284,2050,287.117,0,0
285,2050,596.111,0,0.001
286,2050,344.335,0,0
287,2050,440.31,0,0
288,2050,270.706,0,0.154
289,2050,476.126,86.943,0
290,2050,421.763,0,0
291,2050,251.772,0,0
292,2050,61.186,0,0
293,2050,134.225,0,0
294,2050,64.768,0,0
295,2050,110.493,0,0
296,2050,465.786,0,0
297,2050,630.833,0,0
298,2050,1417.314,0,0
299,2050,1.284,413.706,0
300,2050,324.319,0.32,0
301,2050,474.352,0,0
302,2050,248.541,0,0
303,2050,384.681,0,0.077
304,2050,0.148,1448.164,7476.103
306,2050,325.912,0,0
307,2050,313.949,0,0
308,2050,223.199,0,0
309,2050,173.417,0,0
310,2050,144.081,0,0
311,2050,204.708,0,0
312,2050,97,0,0
313,2050,81.409,0,0
314,2050,3420.59,0,3.909
315,2050,0,360.444,4463.942
316,2050,0,0,23334.467
317,2050,849.557,0,0
318,2050,136.579,0,0
319,2050,260.483,0,0
320,2050,387.708,0,0
321,2050,653.32,0,0
322,2050,321.623,0,0
323,2050,486.291,0,128.726
324,2050,261.282,0,0
325,2050,291.87,0,0.014
326,2050,311.132,0,0
328,2050,355.997,0,3.928
329,2050,341.088,0,35.828
330,2050,572.155,0,4.874
333,2050,0,388.716,1166.345
334,2050,0,23.447,14466.978
335,2050,1167.745,0,46.572
336,2050,994.136,0,2.292
337,2050,486.167,0,0
338,2050,691.412,0,44.589
339,2050,737.33,0,0.063
340,2050,0,625.045,7024.111
341,2050,4.791,0,2422.457
342,2050,234.579,0,5549.117
343,2050,0,0.001,4177.027
344,2050,169.865,0,4433.582
345,2050,154.815,0,668.322
346,2050,0.001,0.024,5958.244
347,2050,0,0,16039.808
348,2050,0,27.649,11246.413
349,2050,0,0,3830.819
350,2050,335.15,0,46.886
351,2050,1.53,0,173.868
352,2050,0,0,17767.524
354,2050,0,0,14360.463
355,2050,330.345,0,273.34
356,2050,334.803,0,0
357,2050,147.993,0,0
358,2050,542.281,0,859.711
359,2050,277.472,0,0.396
360,2050,0,323.305,0
361,2050,0,298.901,5140.824
362,2050,0,188.191,765.668
363,2050,262.324,0,0
364,2050,243.276,0,0
365,2050,84.558,0,0
366,2050,121.62,0,0
367,2050,333.382,0,0
368,2050,645.07,0,0
369,2050,152.103,0,0
370,2050,318.554,0,0
371,2050,76.433,0,0
372,2050,184.85,0,121.371
373,2050,354.228,0,0
374,2050,110.622,0,0
375,2050,0,299.114,3565.403
376,2050,0,97.941,22326.489
377,2050,0,185.159,1109.807
378,2050,0,19.867,18468.915
379,2050,164.726,0,16278.301
380,2050,0,0,17185.859
382,2050,291.545,0,0.042
383,2050,104.678,0,0
385,2050,458.9,0,2.443
386,2050,808.273,0,230.267
387,2050,247.355,0,0
388,2050,339.451,0,1.599
389,2050,512.826,9.961,4819.018
390,2050,0,96.392,4024.552
391,2050,0,0,803.353
392,2050,85.864,0,0
393,2050,312.697,0.222,7749.054
394,2050,0,425.142,6910.636
395,2050,268.685,0,0
396,2050,0.001,0,8809.798
398,2050,948.25,0,2.374
399,2050,159.788,0,0
400,2050,331.63,0,0
401,2050,164.542,0,0
402,2050,352.284,0,0
404,2050,142.575,0,0
405,2050,165.155,0,0
406,2050,218.969,0,0
407,2050,437.908,0,0
408,2050,163.284,0,0
409,2050,333.519,0,0
410,2050,153.716,0,0
411,2050,294.301,0,0
412,2050,275.168,0,0
413,2050,231.008,0,0
414,2050,415.656,0,0
415,2050,170.789,0,0
416,2050,134.519,0,0
417,2050,200.982,0,4.545
418,2050,0,46.361,22254.578
419,2050,194.242,0,4603.219
420,2050,0,380.802,1787.783
421,2050,2.475,0,1659.134
422,2050,322.512,0,0
423,2050,446.458,0,3.298
424,2050,618.102,0,3.807
425,2050,580.12,0,0
426,2050,257.475,0,0
427,2050,0,77.294,10074.985
428,2050,0,92.994,16216.615
429,2050,0,866.137,4782.851
430,2050,94.584,0,0
431,2050,415.974,0,5329.58
432,2050,99.417,0,0
433,2050,0,133.577,9747.816
434,2050,0,70.847,10926.094
435,2050,18.172,0,10189.638
436,2050,78.982,0,0
437,2050,0,186.03,17804.311
438,2050,0,0,436.078
439,2050,0,72.914,10617.466
440,2050,0,164.796,1797.82
441,2050,0,512.384,21582.965
442,2050,0,80.704,12710.143
443,2050,1.391,0,11747.212
444,2050,0,1634.816,4990.234
445,2050,0,0.303,15481
446,2050,0,0,18590.888
447,2050,0,0,29108.096
448,2050,0,0,23034.107
452,2050,1491.634,0,8478.496
453,2050,0,962.894,1554.599
454,2050,314.919,0,0
455,2050,174.793,0,0.178
456,2050,534.073,0,0
457,2050,336.377,0,0.007
458,2050,55.635,0,0
459,2050,53.61,0,0
460,2050,38.991,0,0
461,2050,0,166.268,2701.876
462,2050,0,715.015,3187.454
463,2050,393.409,0,98.771
464,2050,354.168,0,1.092
465,2050,0,0,8821.881
466,2050,0,0,6513.552
467,2050,78.409,0,9338.254
468,2050,245.661,0,0
469,2050,259.328,0,0
470,2050,234.968,0,0
471,2050,360.787,0,0
472,2050,752.967,0,0
473,2050,265.915,0,0
474,2050,143.415,0,0
475,2050,60.374,0,0
476,2050,82.98,0,0.148
477,2050,261.941,0,0
478,2050,0,1360.121,6518.233
479,2050,0,189.834,9608.206
480,2050,36.047,0,0
481,2050,124.727,0,0.203
482,2050,857.832,0,0
483,2050,71.512,0,0
484,2050,376.764,0,0
485,2050,186.759,0,0
486,2050,558.991,0,0
487,2050,156.937,0,0
488,2050,246.291,0,0
489,2050,403.407,0,0.061
490,2050,180.571,0,392.492
491,2050,267.579,0,273.714
492,2050,62.504,0,0
493,2050,70.985,0,0
494,2050,358.413,0,283.361
495,2050,89.228,0,0
496,2050,0,284.934,2481.891
497,2050,113.825,0,0
498,2050,83.76,0,0
499,2050,72.301,0,0
500,2050,62.547,0,0
501,2050,76.493,0,0
502,2050,105.503,0,0
503,2050,78.24,0,0
504,2050,53.733,0,0
505,2050,125.596,0,0
506,2050,296.764,0,0
507,2050,403.637,0,0
508,2050,404.713,0,0
509,2050,65.138,0,0
510,2050,191.74,0,0
511,2050,162.4,0,15.595
512,2050,226.829,0,403.426
513,2050,159.73,0,0
514,2050,354.523,0,29.496
515,2050,1511.95,0,0
516,2050,81.444,0,0
517,2050,1287.091,0,0
518,2050,814.932,0,0
519,2050,515.64,0,0
520,2050,106.257,0,0
522,2050,123.577,0,0
523,2050,282.546,0,0
524,2050,245.627,0,0
525,2050,41.244,0,0
526,2050,2342.146,0,0
527,2050,97.237,0,0
528,2050,201.152,0,0
529,2050,238.33,0,0
530,2050,124.869,0,11272.544
531,2050,0,0,9936.378
533,2050,659.625,0,0
534,2050,0.31,4.713,20130.512
535,2050,686.982,0,0.002
536,2050,128.691,0,0
537,2050,0,226.921,6501.553
538,2050,217.09,0,0
539,2050,0,0,22933.935
540,2050,0,93.032,19947.277
541,2050,218.523,0,0
542,2050,140.103,0,0
543,2050,0.038,3.86,9489.234
544,2050,19.98,143.664,0.007
545,2050,147.619,0,9.321
546,2050,170.875,0,0
547,2050,570.92,0,0
548,2050,125.248,0,0
549,2050,101.969,0,0
550,2050,86.313,0,0
551,2050,118.162,0,0
552,2050,102.643,0,0
553,2050,82.475,0,0
554,2050,470.486,0,0
555,2050,386.567,0,0
556,2050,322.392,0,0
557,2050,324.647,0,0
558,2050,356.534,0,0.162
559,2050,329.022,0,0.254
560,2050,658.774,0,0
561,2050,765.26,0,0
562,2050,1475.21,0,0
563,2050,1126.91,0,0
564,2050,251.965,0,0
565,2050,432.471,0,0
566,2050,247.666,0,0
567,2050,384.558,0,1.18
568,2050,306.524,0,0
569,2050,404.054,0,0
570,2050,416.642,0,0
571,2050,320.634,0,0
572,2050,259.824,0,0
573,2050,179.393,0,0
574,2050,272.96,0,0
575,2050,288.999,0,0
576,2050,168.846,0,0
577,2050,115.682,0,0
578,2050,431.802,0,15.538
579,2050,154.076,0,0
580,2050,207.221,0,0
581,2050,326.944,0,0
582,2050,86.977,0,0
583,2050,67.614,0,0
584,2050,99.49,0,0
585,2050,54.784,0,0
586,2050,57.17,0,0
587,2050,629.73,0,0
588,2050,461.406,0,0
589,2050,242.733,0,0
590,2050,216.684,0,0
591,2050,479.449,0,0
592,2050,329.017,0,0
593,2050,466.301,0,0
594,2050,490.914,0,0
595,2050,214.612,0,0
596,2050,154.471,0,0
597,2050,147.218,0,0
598,2050,56.134,0,0
599,2050,223.406,0,805.199
600,2050,424.987,0,298.323
601,2050,181.672,0,622.294
602,2050,863.24,0,466.979
603,2050,716.662,0,488.066
604,2050,2368.851,0,806.158
606,2050,644.269,0,3.323
607,2050,304.048,0,0
608,2050,965.695,0,1.295
610,2050,328.554,0,0.015
611,2050,268.855,0,0
612,2050,503.429,0,0
613,2050,625.784,0,79.407
614,2050,173.336,0,0
615,2050,1127.179,0,0
616,2050,645.781,0,54.49
617,2050,430.138,0,2705.07
618,2050,0,969.454,4141.61
619,2050,0,0,17383.813
620,2050,1441.515,0,0.11
621,2050,553.403,0,0
623,2050,2029.429,0,7582.519
624,2050,1854.569,0,2882.486
625,2050,253.996,0,1.805
627,2050,905.276,0,0
628,2050,787.552,0,0
629,2050,1741.788,0,0
630,2050,381.622,0,9.831
631,2050,869.491,0,595.434
638,2050,563.294,0,0
643,2050,660.771,0,0.345
644,2050,213.542,0,0
647,2050,606.411,0,550.594
648,2050,489.263,0,0.033
649,2050,523.126,0,2.231
650,2050,140.681,0,0
652,2050,240.242,0,4.934
654,2050,535.938,0,0
656,2050,0,0,20066.328
657,2050,456.745,0,4.83
658,2050,1354.934,0,0
661,2050,642.537,0,0
662,2050,427.772,0,0
663,2050,416.83,0,0.215
664,2050,488.047,0,0
665,2050,649.524,0,22.194
666,2050,936.974,0,31.894
667,2050,0,0,16857.413
668,2050,215.133,0,156.389
669,2050,153.84,0,158.528
670,2050,355.786,0.359,0.04
672,2050,1840.054,67.667,0.442
673,2050,403.357,179.108,0.335
674,2050,971.196,171.771,0
675,2050,484.702,10.182,0
676,2050,158.661,0,0
677,2050,175.873,0,0
678,2050,225.049,0,0
679,2050,105.891,0,0
680,2050,144.852,0,0
681,2050,325.829,0,0
682,2050,642.148,0,0
683,2050,380.174,0,3.294
684,2050,0,0.115,24620.522
685,2050,365.588,0,188.972
686,2050,148.117,0,0.296
687,2050,162.327,0,0.583
688,2050,164.274,0,0.01
689,2050,245.654,0,0
690,2050,120.943,0,0
691,2050,342.158,0,0
692,2050,288.886,0,0
693,2050,91.273,0,0
694,2050,86.073,0,0
695,2050,140.504,0,0
696,2050,282.86,0,0
697,2050,104.012,0,0
698,2050,73.166,0,0.906
699,2050,549.244,0,0
700,2050,0,0,486.449
701,2050,265.275,0,8.849
702,2050,149.493,0,0
703,2050,112.336,0,0
704,2050,165.3,0,80.219
705,2050,79.418,0,0
706,2050,80.516,0,0
707,2050,79.508,0,0
708,2050,149.503,0,0
709,2050,0.069,0,6005.746
710,2050,164.844,0,0
711,2050,0,313.956,16511.088
712,2050,2322.028,0,1850.711
714,2050,198.733,0,907.94
715,2050,5318.662,0,1317.465
716,2050,153.495,0,0
717,2050,119.744,0,0
718,2050,352.364,0,0
719,2050,227.595,0,0
720,2050,151.061,0,0
721,2050,83.613,0,0
722,2050,1178.032,0,1043.788
723,2050,95.286,0,0
724,2050,73.279,0,0
725,2050,102.652,0,0.017
726,2050,344.007,4.039,0
728,2050,1013.221,0,2.44
729,2050,417.401,0,5.053
730,2050,362.88,0,0
731,2050,412.878,31.343,0
732,2050,393.664,254.484,0
733,2050,506.598,0.034,23.929
734,2050,175.984,0,0
735,2050,143.418,0,0
736,2050,109.462,0,0
737,2050,124.25,0,0
739,2050,396.255,0,0
740,2050,175.601,0,0
741,2050,279.16,0,0.365
742,2050,9.744,0,17818.48
743,2050,0,0,5075.693
744,2050,334.263,0,0
745,2050,154.235,0,0
746,2050,1204.069,0,31.645
747,2050,596.298,0,5245.457
748,2050,0.2,0,1652.401
749,2050,87.54,0,0
750,2050,1289.063,0,719.382
751,2050,90.24,0,0
752,2050,0,0,20278.238
753,2050,367.491,0,7555.033
754,2050,0,176.39,10275.353
755,2050,0,238.459,11947.983
756,2050,0,0,11284.996
757,2050,0,0,18151.322
758,2050,682.05,0,0
759,2050,311.167,0,0
760,2050,149.126,0,0
761,2050,79.587,0,0
762,2050,187.424,0,0
763,2050,167.395,0,0
764,2050,35.112,0,0
765,2050,945.935,0,0
766,2050,137.451,0,0
767,2050,49.778,0,0
768,2050,82.401,0,0
769,2050,281.163,0,0
770,2050,180.829,0,0
771,2050,107.35,0,0
772,2050,84.631,0,0
773,2050,63.77,0,0
774,2050,164.33,0,0
775,2050,89.492,0,0
776,2050,10.673,0,2779.321
777,2050,1473.006,0,4878.694
778,2050,958.758,0,676.687
779,2050,83.902,0,0
780,2050,250.58,0,0
781,2050,110.199,0,0
782,2050,140.369,0,0
783,2050,91.28,0,0
784,2050,84.526,0,0
785,2050,159.022,0,0
786,2050,574.544,0,0
787,2050,0,0,17103.197
788,2050,232.328,0,15605.505
789,2050,0,429.759,1837.829
790,2050,541.312,0,0
791,2050,704.456,0,5.812
792,2050,282.365,0,0
793,2050,131.431,0,0
794,2050,108.161,0,0
795,2050,76.932,0,0
796,2050,187.472,0,0
797,2050,167.695,0,0
798,2050,93.047,0,0
799,2050,148.267,0,0
800,2050,387.568,0,0.191
801,2050,0,0,15274.55
802,2050,0,0,23223.852
803,2050,0,186.49,1800.926
804,2050,0,177.118,5373.374
805,2050,0,0,15303.131
806,2050,0,79.702,6465.587
807,2050,0,436.111,23704.366
808,2050,0,271.407,8490.225
809,2050,2125.85,307.441,9460.976
810,2050,0.07,0,3698.114
811,2050,120.219,0,0.314
812,2050,0,1241.462,14845.819
813,2050,0,0,18117.587
814,2050,3.288,0,7258.165
815,2050,541.223,0,26.859
816,2050,245.044,0,0
817,2050,724.341,0,318.955
818,2050,671.787,0,1459.424
819,2050,152.21,0,0
820,2050,124.138,0,0
821,2050,212.942,0,0
822,2050,89.856,0,0
823,2050,384.694,0,0
824,2050,188.826,0,0
825,2050,95.338,0,0
826,2050,70.732,0,0
827,2050,322.921,0,0
828,2050,414.71,0,0
829,2050,676.019,0,9493.828
830,2050,322.084,0,25.86
831,2050,555.608,0,0
832,2050,75.07,101.733,99.969
833,2050,354.727,0,7170.584
834,2050,1574.903,0,2091.328
835,2050,724.141,0,1427.843
836,2050,712.193,0,4312.854
837,2050,0,0,7278.477
838,2050,0,0,11209.666
839,2050,466.241,0,0
840,2050,143.756,0,0
841,2050,281.286,0,0.143
842,2050,268.002,0,0
843,2050,228.285,0,0
844,2050,227.616,0,0
845,2050,292.844,0,0
846,2050,870.309,0,0
847,2050,239.936,0,0
848,2050,67.731,0,0
849,2050,233.262,0,0
850,2050,262.375,0,0
851,2050,215.201,0,2.973
852,2050,0,0.075,13124.105
853,2050,0,145.889,8382.909
854,2050,583.385,0,10944.785
855,2050,0,0,11133.163
856,2050,0,0,17509.298
857,2050,613.804,0,70.609
858,2050,319.581,0,0
859,2050,650.843,0,0
860,2050,784.055,0,0.656
861,2050,287.84,0,0
862,2050,363.766,0,0
863,2050,2729.44,7.846,1662.367
864,2050,196.192,0,0
865,2050,481.188,0,0
866,2050,156.663,0,0
867,2050,400.301,0,0
868,2050,406.378,0,0.505
869,2050,0,313.738,960.231
870,2050,0,186.422,412.965
871,2050,245.964,0,0
872,2050,532.647,1.911,360.913
873,2050,0,375.636,533.984
874,2050,544.934,0,337.162
875,2050,236.366,0,3.097
876,2050,295.296,0,2.655
877,2050,148.313,0,636.807
878,2050,488.589,0,208.677
879,2050,3.99,0,1256.55
880,2050,0,92.969,9883.137
881,2050,161.186,0,0
882,2050,141.855,0,0
883,2050,127.836,0,0
884,2050,110.905,0,0
885,2050,409.34,0,0
886,2050,512.083,0,0
887,2050,1930.812,0,0
888,2050,67.263,0,0
889,2050,659.048,0,0
890,2050,476.979,0,0
891,2050,496.205,0,0
892,2050,51.894,0,0
893,2050,1204.043,0,0
894,2050,782.07,0,4.88
895,2050,271.273,0,0
896,2050,140.827,0,0.163
897,2050,422.705,0,0.04
898,2050,397.458,0,0
899,2050,169.238,0,0
900,2050,523.239,0,0.177
901,2050,121.974,0,0
902,2050,316.997,0,0
903,2050,307.409,0,0
904,2050,158.059,0,0
905,2050,213.569,0,24.837
906,2050,127.54,0,0
907,2050,361.238,0,0
908,2050,0,0,532.177
909,2050,1693.577,0,13288.612
910,2050,312.024,0,544.582
911,2050,435.002,0,3882.747
912,2050,653.978,0,7.247
913,2050,309.693,0,0
914,2050,255.801,132.343,2242.021
915,2050,4.426,610.48,257.87
916,2050,152.911,43.297,1.409
917,2050,16.287,925.776,167.894
918,2050,1987.087,1290.906,2626.104
919,2050,28.609,474.951,32.503
920,2050,1544.824,0,6602.382
921,2050,181.088,0,1.246
922,2050,989.09,0,270.531
923,2050,610.497,0,750.629
924,2050,619.492,0,0
925,2050,736.532,0,0
926,2050,269.421,0,0
927,2050,737.003,0,102.562
928,2050,381.651,0,14.532
929,2050,4.248,0,1873.361
930,2050,185.223,0,0
931,2050,0,0,599.831
932,2050,260.779,0,0
933,2050,0.009,0,340.393
934,2050,0.839,0,4476.007
935,2050,0,0,336.566
936,2050,3158.44,0,4.209
937,2050,264.439,0,0
938,2050,252.903,0,0
939,2050,243.617,0,0
940,2050,157.328,0,0
941,2050,6934.549,0,25.027
942,2050,0,0,305.48
943,2050,0,0,595.297
944,2050,0,0,399.198
945,2050,5.327,0,1811.054
946,2050,1400.998,0,15.957
948,2050,332.16,0,0
949,2050,123.195,92.422,0
950,2050,187.965,0,0
951,2050,163.335,0,0
952,2050,107.652,0,0.001
953,2050,375.843,0,21.938
954,2050,732.63,0,0
955,2050,202.693,0,0
956,2050,335.964,0,0
957,2050,115.805,0,0
958,2050,243.312,0,0
959,2050,478.809,0,9270.575
960,2050,297.62,0,0
961,2050,47.467,0,0
962,2050,114.473,0,0
963,2050,587.909,0,0
964,2050,54.902,0,0
965,2050,325.916,0,169.184
966,2050,0.023,63.199,12539.319
967,2050,148.606,0,8951.639
968,2050,505.183,0,0
969,2050,248.771,92.544,0
970,2050,41.563,0,0
971,2050,2986.516,0,0.141
972,2050,117.647,0,0
973,2050,491.641,0,0
974,2050,117.037,0,0
975,2050,202.72,0,0
976,2050,84.621,0,0
977,2050,61.035,0,0
978,2050,76.04,0,0
979,2050,651.028,0,0
980,2050,243.284,0.029,0
981,2050,149.468,0,0
982,2050,133.356,0,0
983,2050,235.084,0,0
984,2050,779.466,0,31.428
985,2050,105.666,0,0
986,2050,184.751,0,0
987,2050,342.766,0,0
988,2050,190.457,98.682,0
989,2050,590.88,0,0
990,2050,182.225,0,0
991,2050,367.15,0,87.882
992,2050,320.522,0,0
993,2050,70.298,0,0
994,2050,246.588,0,0
995,2050,104.256,0,0
996,2050,892.147,0,0
997,2050,71.346,0,0
998,2050,40.955,0,0
999,2050,189.839,0,0
1000,2050,735.393,0,0
1001,2050,117.099,0,0
1002,2050,337.51,0,0
1003,2050,64.598,0,0
1004,2050,53.525,0,0
1005,2050,1317.212,0,0
1006,2050,196.265,0,0
1007,2050,130.351,0,0
1008,2050,199.764,0,0
1009,2050,1317.457,0,0.211
1010,2050,362.165,0,0
1011,2050,80.506,0,0
1012,2050,141.28,0,0
1013,2050,406.153,0,0
1014,2050,205.284,0,0
1015,2050,188.605,0,0
1016,2050,140.67,0,0
1017,2050,64.093,0,0
1018,2050,187.598,0,0
1019,2050,273.457,0,0
1020,2050,776.773,0,292.005
1021,2050,39.06,0,5089.718
1022,2050,0,1.071,4496.432
1023,2050,720.371,0,0
1024,2050,340.693,0,0
1025,2050,203.446,0,0
1026,2050,245.391,0,0
1027,2050,92.823,0,0
1028,2050,71.581,0,0
1029,2050,208.508,0,0
1030,2050,202.306,0,0
1031,2050,237.808,0,0
1032,2050,146.231,0,0.313
1033,2050,481.009,0,3099.317
1034,2050,109.415,0,182.48
1035,2050,421.806,0,7423.135
1036,2050,241.258,0,11059.617
1037,2050,164.166,0,29.411
1038,2050,56.366,0,0.218
1039,2050,625.281,0,0
1040,2050,79.03,0,0
1041,2050,330.153,0,0
1042,2050,161.417,0,0
1043,2050,243.668,0,0
1044,2050,396.708,0,0
1045,2050,336.365,0.005,0
1046,2050,121.856,0,0.001
1047,2050,745.827,0,0.135
1048,2050,120.862,0,0
1049,2050,346.521,0,0
1050,2050,144.974,0,0
1051,2050,251.069,0,0
1052,2050,63.948,0,0
1053,2050,128.821,0,0
1054,2050,89.111,0,0
1055,2050,270.818,0,0
1056,2050,376.619,0,0
1057,2050,365.204,0,0
1058,2050,76.532,0,0
1059,2050,293.374,0,8.286
1060,2050,158.696,0,0
1061,2050,150.407,0,0
1062,2050,517.425,0,279.041
1063,2050,405.975,0,44.202
1064,2050,159.756,0,0.003
1065,2050,139.991,0,0.006
1066,2050,395.639,0,1145.359
1067,2050,75.011,0,0
1068,2050,505.304,0,0
1069,2050,246.846,0,0
1070,2050,107.523,0,5.279
1071,2050,190.778,0,0
1072,2050,352.779,0,0
1073,2050,341.456,0,0
1074,2050,211.576,0,0
1075,2050,712.983,0,0.069
1076,2050,233.504,0,0.546
1077,2050,355.678,0,0
1078,2050,419.924,0,0
1079,2050,323.496,0,0
1080,2050,143.005,0,7.443
1081,2050,248.492,0,1721.537
1082,2050,127.558,0,580.822
1083,2050,232.73,0,0
1084,2050,201.288,0,0
1085,2050,198.65,0,0
1086,2050,859.611,0,0
1087,2050,473.27,0,703.334
1088,2050,668.013,0,477.717
1089,2050,407.402,0,150.719
1091,2050,454.347,0,7.443
1092,2050,269.377,0,0
1093,2050,452.856,0,0
1094,2050,227.401,0,0
1095,2050,82.54,0,0
1096,2050,233.973,0,0
1097,2050,532.44,0,0
1099,2050,0,79.757,4416.111
1100,2050,0,0,6902.16
1101,2050,244.766,0,1464.156
1102,2050,0,88.872,9307.941
1103,2050,372.275,0,0
1104,2050,0,0,12196.544
1105,2050,0,0,19163.436
1106,2050,0,265.16,1771.894
1107,2050,0,69.258,9700.456
1108,2050,0,335.854,576.762
1109,2050,258.666,0,0
1110,2050,414.433,0,0
1111,2050,486.983,0,0.276
1112,2050,63.661,0,0
1113,2050,98.468,0,0
1114,2050,65.832,0,0
1115,2050,118.862,0,0
1116,2050,290.494,0,0
1117,2050,505.004,0,0
1118,2050,146.019,0,0
1119,2050,65.525,0,8730.574
1120,2050,276.235,0,136.34
1121,2050,219.84,0,0
1122,2050,125.329,0,0
1123,2050,75.124,0,0
1124,2050,124.5,0,0
1125,2050,303.327,0,0
1126,2050,78.392,0,0
1127,2050,80.809,0,0
1128,2050,91.467,0,0
1129,2050,70.434,0,0
1130,2050,231.898,0,0
1131,2050,211.265,0,0
1132,2050,278.469,0,0
1133,2050,348.789,0,0
1134,2050,869.296,0,0
1135,2050,432.008,0,0.27
1136,2050,222.729,0,251.562
1138,2050,0.091,0.016,2604.654
1139,2050,320.284,0,0
1141,2050,0,519.092,2603.438
1142,2050,0,84.526,2212.156
1143,2050,481.014,10.202,0
1144,2050,175.868,0,0
1145,2050,2277.714,0,4.913
1146,2050,2110.744,0,2.387
1147,2050,1544.42,0,0.459
1148,2050,0,1037.11,1452.537
1149,2050,96.22,0,773.846
1150,2050,227.823,0,0
1151,2050,225.718,0,0
1152,2050,830.948,0,0.137
1153,2050,266.796,0,0.265
1154,2050,251.768,0,0
1155,2050,229.104,0,0
1156,2050,86.589,0,0
1157,2050,3337.904,0,1794.797
1158,2050,177.374,0,0
1160,2050,159.509,0,0
1161,2050,120.586,0,16781.281
1162,2050,10.63,5.805,7656.316
1163,2050,7.879,1881.936,15684.728
1164,2050,0,503.849,14190.619
1165,2050,144.214,0,0
1166,2050,389.05,3.904,1401.509
1167,2050,0,0,9186.096
1168,2050,96.69,0,0
1169,2050,725.427,0,0
1170,2050,257.26,0,0
1171,2050,176.798,0,0
1172,2050,274.107,0,0
1173,2050,313.36,0,0
1174,2050,422.591,0,0
1175,2050,848.097,0,375.438
1176,2050,0,763.201,887.101
1177,2050,194.09,0,0
1178,2050,70.597,0,0
1179,2050,130.515,0,0.042
1180,2050,113.484,0,0
1181,2050,231.152,0,0
1182,2050,75.919,0,0.062
1183,2050,1678.322,0,0.222
1184,2050,204.33,0,0.28
1185,2050,150.278,0,0
1186,2050,730.273,0,0.156
1187,2050,150.231,0,0
1188,2050,123.246,0,0
1189,2050,344.469,0,0
1190,2050,336.133,0,0
1191,2050,144.178,0,0
1192,2050,0.001,0,350.387
1193,2050,181.041,0,0
1194,2050,92.528,0,0
1195,2050,156.284,0,0
1196,2050,245.519,0,0
1197,2050,162.749,0,0
1198,2050,67.291,0,0
1199,2050,488.202,0,0
1200,2050,77.983,0,0
1201,2050,79.194,0,0
1202,2050,82.784,0,0
1203,2050,433.202,0,0
1204,2050,29.412,0,28262.395
1205,2050,83.131,0,0
1206,2050,213.199,0,0.018
1208,2050,0,96.979,4524.701
1209,2050,71.332,0,0
1210,2050,200.103,0,0
1211,2050,174.854,0,0
1212,2050,202.131,0,0
1213,2050,43.932,0,0
1214,2050,62.091,0,0
1215,2050,181.283,0,0
1216,2050,80.387,0,300.069
1217,2050,0,0,13052.039
1218,2050,151.46,0,0
1219,2050,110.61,0,0
1220,2050,129.772,0,0
1221,2050,125.956,0,0
1222,2050,375.856,0,0
1223,2050,0,0,487.936
1224,2050,0,48.559,7804.855
1225,2050,0,166.946,34.815
1226,2050,0,688.449,710.223
1227,2050,0,88.492,7710.16
1228,2050,0,128.69,3977.164
1229,2050,234.355,0,0
1230,2050,249.62,0,0
1231,2050,1964.931,0,4.326
1232,2050,114.63,0,0
1233,2050,172.703,0,0
1234,2050,324.411,0,0
1235,2050,113.249,0,0
1236,2050,308.299,0,0
1237,2050,299.344,0,0
1238,2050,412.735,0,0
1239,2050,652.811,0,0.171
1240,2050,88.778,0,0
1241,2050,141.666,0,0
1242,2050,148.118,0,0
1243,2050,70.556,0,0
1244,2050,120.794,0,0
1245,2050,55.116,0,0
1246,2050,0.356,0,3267.706
1247,2050,331.94,0,0
1250,2050,356.679,0,0
1251,2050,198.587,0,0
1252,2050,334.749,0,0
1253,2050,317.436,0,0
1254,2050,311.266,0.035,0.001
1255,2050,164.916,0,0
1256,2050,91.74,0,0
1257,2050,203.473,0,0
1258,2050,373.467,0,0
1259,2050,164.933,0,0
1260,2050,198.376,0,121.498
1261,2050,672.705,0,0
1262,2050,434.306,0,0
1263,2050,0,309.27,507.114
1264,2050,0,310.266,160.869
1265,2050,158.795,0,0
1266,2050,0,321.654,1015.922
1267,2050,638.917,0,2360.578
1268,2050,0.3,0.011,2399.652
1269,2050,0.004,185.057,1605.674
1270,2050,0.865,229.68,3803.968
1271,2050,1750.444,0,2782.675
1272,2050,1432.936,0,1484.074
1273,2050,0.005,1180.309,8185.265
1274,2050,544.262,0,6306.263
1275,2050,0,0,7047.832
1276,2050,0.43,0,5241.111
1277,2050,0,361.241,99.209
1278,2050,419.019,0,87.861
1280,2050,106.915,0,0
1281,2050,133.507,0,0
1282,2050,331.117,0,0.096
1283,2050,104.579,0,0
1284,2050,301.887,0,0
1285,2050,1168.294,0,2.358
1286,2050,2151.148,0,0.008
1287,2050,486.169,0,0
1288,2050,180.506,0,0
1289,2050,314.211,0,0
1290,2050,386.651,0,0
1291,2050,3.263,0,30537.707
1292,2050,0,137.811,5129.474
1293,2050,0,314.53,1174.167
1294,2050,0,0,18692.236
1295,2050,5720.617,0,3147.038
1297,2050,0,0,12351.594
1298,2050,0,396.098,1771.817
1299,2050,145.068,0,0
1300,2050,113.95,0,0
1301,2050,76.829,0,0
1302,2050,70.995,0,0
1303,2050,97.057,0,0
1304,2050,153.084,0,0
1305,2050,0,0,18992.233
1306,2050,0,265.499,7399.629
1307,2050,114.799,0,0.009
1308,2050,65.229,0,21066.353
1309,2050,0,0,32379.509
1310,2050,0,92.55,18768.634
1311,2050,0,0,12815.436
1312,2050,0,0,27035.33
1313,2050,0,233.135,6198.615
1314,2050,0,174.323,7437.661
1315,2050,1639.004,0,15498.809
1316,2050,651.631,0,12127.607
1317,2050,0,0,14996.746
1318,2050,0,0,16336.576
1319,2050,349.78,139.533,0.049
1320,2050,366.991,0,0
1321,2050,256.861,0,0
1322,2050,409.867,0,0.198
1323,2050,274.149,0,0
1324,2050,335.664,0,2232.674
1325,2050,373.5,0,5112.177
1326,2050,136.92,0,0
1327,2050,90.652,0,0
1328,2050,182.627,0,0
1329,2050,477.618,0,0
1330,2050,614.571,0,0
1331,2050,815.424,0,234.44
1332,2050,407.743,0,0
1334,2050,157.264,0,0
1335,2050,123.782,0,0
1336,2050,114.357,0,0
1337,2050,97.178,0,0
1338,2050,394.129,0,0
1339,2050,241.709,0,0.293
1342,2050,681.195,0,1.64
1343,2050,458.018,0,0
1344,2050,231.498,0,0
1345,2050,354.018,0,0
1346,2050,467.368,0,0
1347,2050,292.632,0,0
1348,2050,1077.614,0,5266.577
1349,2050,953.724,0,211.615
1350,2050,213.359,0,402.147
1351,2050,1203.146,39.154,1195.99
1352,2050,3.448,0,3771.867
1356,2050,652.033,0,0.128
1357,2050,444.915,0,0
1362,2050,635.312,0,0
1366,2050,0.688,142.788,7563.705
1368,2050,10.91,0.641,17337.543
1369,2050,0,0,10776.107
1370,2050,3605.764,0,2162.827
1371,2050,1164.975,0,2.549
1374,2050,555.685,0,9.291
1377,2050,156.754,0,0
1378,2050,0,0,4622.272
1379,2050,740.605,0,6.885
1380,2050,641.638,0,0
1381,2050,221.321,0,0
1382,2050,1618.987,0,0.401
1383,2050,1173.59,0,0.282
1384,2050,649.244,0,0.766
1385,2050,1559.978,0,0
1386,2050,522.343,0,0.247
1387,2050,327.064,0,76.216
1388,2050,187.599,0,20.067
1390,2050,623.84,0,47.56
1391,2050,291.124,0,0
1392,2050,453.612,0,296.041
1393,2050,391.833,0,0
1394,2050,369.559,0,0
1395,2050,493.133,0,0
1396,2050,358.268,40.197,0
1397,2050,131.031,0,0
1398,2050,238.684,0,0
1399,2050,133.009,0,0
1400,2050,329.511,0,5.579
1401,2050,80.835,0,0
1402,2050,173.158,0,0
1403,2050,59.948,0,0
1404,2050,57.366,0,0
1405,2050,136.885,0,0
1406,2050,950.707,0,9.024
1407,2050,27.844,0,4676.641
1408,2050,0,0,9988.327
1409,2050,247.295,0,0.001
1410,2050,50.029,0,0
1411,2050,376.97,0,0
1412,2050,0,9.524,13860.448
1413,2050,160.64,0,0
1414,2050,125.643,0,0
1415,2050,260.841,0,0
1416,2050,195.254,0,0
1417,2050,133.328,0,0
1418,2050,0,99.913,10969.067
1419,2050,0,413.68,3845.429
1420,2050,195.479,0,4.314
1421,2050,158.911,0,1225.187
1422,2050,442.397,0,0
1424,2050,312.992,0,0
1425,2050,990.161,0,0
1426,2050,105.999,0,0
1427,2050,261.334,0,0
1428,2050,125.384,0,0
1429,2050,282.511,0,0
1430,2050,164.441,0,0
1431,2050,235.797,0,0
1432,2050,86.79,0,0
1434,2050,104.969,0,0.152
1435,2050,699.113,0,0
1436,2050,227.196,0,0
1437,2050,124.287,0,0
1438,2050,1016.676,0,0
1439,2050,663.799,0,0.537
1440,2050,254.897,0,193.819
1441,2050,153.113,0,24.239
1442,2050,137.682,0,0
1443,2050,127.303,0,0
1444,2050,149.547,0,0
1445,2050,781.192,90.158,0.031
1446,2050,158.89,0,0
1447,2050,659.029,0,0.405
1448,2050,102.584,0,0
1449,2050,176.249,0,0
1450,2050,98.642,0,0
1451,2050,110.727,0,0
1452,2050,1021.112,0,0
1453,2050,244.385,0,164.666
1454,2050,533.277,0,0
1455,2050,103.991,0,0
1456,2050,322.464,0,0.111
1457,2050,268.543,0,0
1458,2050,375.019,0,0
1459,2050,332.656,0,0
1460,2050,73.955,0,0.09
1461,2050,750.772,0,0
1462,2050,78.324,0,0
1463,2050,522.556,0,0
1464,2050,82.481,0,0
1465,2050,162.832,0,0
1466,2050,239.767,0,0
1467,2050,194.189,0,0
1468,2050,181.71,0,0
1469,2050,179.747,0,0
1470,2050,241.308,0,0
1471,2050,813.355,0,0
1472,2050,283.28,121.731,0
1473,2050,165.064,0,0
1474,2050,399.652,0,0
1477,2050,203.705,0,81.867
1478,2050,62.581,0,0
1479,2050,56.911,0,0
1480,2050,116.838,0,0
1481,2050,61.3,0,0
1482,2050,89.608,0,0
1483,2050,718.507,0.008,10848.779
1484,2050,687.194,43.373,45.272
1485,2050,265.362,0,0
1486,2050,87.246,0,0
1487,2050,65.075,0,0
1488,2050,212.168,0,0
1489,2050,141.19,0,0
1490,2050,69.623,0,0
1491,2050,85.147,0,0
1492,2050,463.766,0,0
1493,2050,156.802,0,0
1494,2050,126.72,0,0
1495,2050,207.218,0,0
1496,2050,224.317,0,0
1498,2050,309.546,0,6065.009
1499,2050,2.388,289.96,2164.406
1500,2050,308.221,0,3918.184
1501,2050,149.048,0,274.368
1502,2050,223.517,0,1291.817
1503,2050,225.98,0,0.282
1504,2050,0,202.82,2097.761
1505,2050,0,160.972,455.775
1506,2050,230.117,0,6990.131
1507,2050,494.061,0,34.89
1508,2050,337.626,0,0.003
1509,2050,61.903,0,0
1510,2050,492.523,0,0
1511,2050,81.235,0,0
1512,2050,74.311,0,0
1513,2050,118.858,162.754,0
1514,2050,61.943,0,0
1515,2050,164.463,0,0
1516,2050,328.04,0,0.674
1517,2050,2443.258,0,9.374
1518,2050,111.621,0,0
1520,2050,0,0,15764.669
1522,2050,0,307.939,138.849
1523,2050,1.426,0,5179.251
1525,2050,93.289,13.995,2864.812
1526,2050,119.55,0,0.274
1527,2050,111.527,0,0.013
1528,2050,191.71,0,0
1529,2050,145.951,0,0
1530,2050,139.918,0,0
1531,2050,242.507,0,0
1532,2050,712.457,0,172.226
1533,2050,61.535,0,0
1534,2050,220.39,0,0
1535,2050,87.645,0,0
1536,2050,88.686,0,0
1537,2050,241.413,0,0
1538,2050,238.195,0,0
1539,2050,143.532,0,0
1540,2050,207.202,0,5926.027
1541,2050,269.116,0,806.946
1542,2050,0,225.136,3290.168
1543,2050,0,148.131,11871.75
1544,2050,4587.327,0,20.109
1545,2050,242.339,0,0
1546,2050,378.737,0,0
1547,2050,129.301,0,0
1548,2050,356.923,0,0
1549,2050,83.412,0,0
1550,2050,204.474,0,0
1551,2050,291.706,0,0
1552,2050,808.57,0,0.882
1553,2050,65.105,0,0
1554,2050,79.761,0,0
1555,2050,305.634,0,0
1556,2050,97.086,0,0
1557,2050,0,0,10477.675
1558,2050,69.98,0,0
1559,2050,0,0,4468.774
1560,2050,93.236,0,0
1561,2050,209.183,0,0.349
1562,2050,427.566,0,0
1563,2050,187.774,0,0
1564,2050,591.358,0,0
1565,2050,798.041,0,0
1566,2050,432.254,0,0
1567,2050,150.772,546.768,0
1568,2050,1100.095,0,0
1569,2050,158.41,0,0
1570,2050,453.878,0,35.02
1571,2050,257.038,0,0
1572,2050,134.374,0,0
1573,2050,111.982,0,0
1574,2050,85.36,0,0
1575,2050,151.903,0,0
1576,2050,197.104,0,0
1577,2050,205.668,0,0
1578,2050,137.722,0,0
1579,2050,180.902,0,0
1580,2050,184.765,0,0
1581,2050,479.068,0,0
1582,2050,704.752,0,0
1583,2050,110.343,0,4650.261
1584,2050,490.53,0,0
1585,2050,347.707,0,0.075
1586,2050,69.144,0,0
1587,2050,88.225,0,0
1588,2050,0,17.631,10203.038
1589,2050,0,97.186,8625.05
1590,2050,0,125.412,3244.231
1591,2050,0.009,0.346,15898.26
1592,2050,0,273.58,3567.039
1593,2050,1125.49,0,0
1594,2050,651.369,0,0
1595,2050,297.076,0,0
1596,2050,123.008,0,0
1597,2050,0,0,3907.759
1598,2050,0,950.12,11263.763
1599,2050,1408.734,3161.056,4887.529
1600,2050,0,37.702,1464.579
1601,2050,313.504,0,0.062
1602,2050,274.244,0,7324.778
1603,2050,0,35.411,10022.475
1604,2050,0,0,420.168
1605,2050,253.597,0,0
1606,2050,252.645,0,0
1607,2050,163.502,0,0
1608,2050,195.902,0,0
1609,2050,180.353,0,0
1610,2050,91.324,0,0
1611,2050,491.936,0,333.77
1612,2050,0.517,0,9068.538
1613,2050,376.277,0,934.524
1614,2050,315.366,0,331.807
1615,2050,233.975,0,58.879
1616,2050,0,0,24512.717
1617,2050,0,146.654,923.763
1618,2050,858.277,0,0.021
1619,2050,294.031,0.021,0
1620,2050,205,0,0
1621,2050,241.993,0,0
1622,2050,126.154,0,0
1623,2050,311.791,0,0
1624,2050,249.251,0,0
1625,2050,114.115,0,0
1627,2050,96.558,0,0
1628,2050,110.394,0,0
1629,2050,267.895,0,0
1632,2050,668.408,0,1.204
1639,2050,1266.851,0,0
1640,2050,102.713,0,0
1641,2050,390.244,0,1861.563
1642,2050,295.519,0,364.412
1643,2050,813.338,0,153.27
1645,2050,1280.356,0,271.726
1646,2050,776.992,0,198.616
1647,2050,85.77,0,569.691
1648,2050,0,115.156,5808.553
1649,2050,144.791,0,948.786
1650,2050,823.576,0,1101.941
1651,2050,152.493,0,79.612
1652,2050,291.44,0,263.866
1653,2050,818.068,0,499.978
1654,2050,595.707,0,40.978
1655,2050,221.54,0,3.425
1656,2050,368.225,0,202.958
1657,2050,801.365,0,910.739
1658,2050,897.507,0,4.662
1659,2050,547.019,0,59.763
1661,2050,2143.2,0,3020.757
1662,2050,1116.815,0,4761.557
1663,2050,276.221,0,136.877
1664,2050,3046.883,0,1434.728
1665,2050,1240.218,0,101.379
1666,2050,375.886,0,277.524
1668,2050,205.588,0,111.966
1669,2050,261.514,0,0
1670,2050,220.602,0,14.287
1671,2050,460.906,0,21.182
1672,2050,445.825,0,225.363
1673,2050,466.909,0,0.168
1674,2050,650.597,0,3.125
1675,2050,349.633,0,0
1676,2050,41.517,0,566.107
1677,2050,478.824,0,75.26
1678,2050,607.801,0,17.948
1679,2050,99.594,0,2375.424
1680,2050,120.185,0,313.635
1681,2050,2036.614,0,606.592
1682,2050,453.948,0,74.466
1684,2050,252.269,0,95.968
1685,2050,95.879,0.098,265.464
1686,2050,0.534,0,326.037
1687,2050,297.145,0,755.393
1688,2050,379.094,0,32.178
1689,2050,105.196,0,57.53
1690,2050,1.607,0,724.672
1691,2050,266.597,0,67.772
1692,2050,0.238,0,284.724
1693,2050,2.223,0,5913.53
1694,2050,310.751,0,0
1695,2050,245.091,0,0.048
1696,2050,0.282,0,585.297
1697,2050,405.918,0,385.184
1698,2050,0.205,0,200.722
1699,2050,438.074,0,5283.895
1700,2050,1727.456,0,50.841
1702,2050,267.964,0,0
1703,2050,1114.279,0,160.466
1704,2050,1507.238,0,460.451
1705,2050,581.605,0,424.185
1706,2050,740.231,0,167.268
1707,2050,169.747,0,0
1708,2050,590.859,0,0
1709,2050,0,449.635,852.666
1710,2050,0,114.393,8652.811
1712,2050,0,0,10566.07
1713,2050,92.857,0,0
1714,2050,46.826,0,0
1715,2050,101.783,0,0
1716,2050,164.829,0,0
1717,2050,88.932,0,0
1718,2050,296.526,0,328.031
1719,2050,1162.097,0,1.394
1207,2050,0,2798.262,8974.264
1137,2050,0,166.13,351.133
1519,2050,0,418.249,607.206
403,2050,457.355,0,0
947,2050,272.819,0.172,0.005
1521,2050,0,283.884,423.516
1140,2050,0.003,6384.729,545.65
1296,2050,11266.766,0,5.246
1630,2050,1389.555,0,1.042
1631,2050,1718.393,0,0
28,2050,440.194,0,0
381,2050,636.291,0,0
521,2050,1620.243,0,0.57
713,2050,2187.788,0,0.002
1626,2050,2656.43,0,0
1633,2050,2431.866,0,0.319
1634,2050,883.707,0,0
1635,2050,725.782,0,0
1636,2050,821.394,0,0
1637,2050,200.113,0,0
1638,2050,147.92,0,0
1367,2050,464.171,0,674.406
1375,2050,520.2,0,1664.07
1376,2050,344.527,0,484.874
1389,2050,321.293,0,278.921
327,2050,137.213,0,0
331,2050,622.438,0,0.316
332,2050,815.567,0,178.613
384,2050,419.921,0,181.785
605,2050,155.744,0,0.006
622,2050,199.773,0,83.606
626,2050,376.036,0,24.997
632,2050,752.124,0,123.522
633,2050,247.604,0,0
634,2050,417.606,0,75.712
635,2050,771.842,0,197.254
640,2050,249.416,0,36.606
641,2050,314.321,0,165.031
642,2050,198.387,0,0
645,2050,207.11,0,0
646,2050,258.765,0,53.717
651,2050,219.517,0,58.432
655,2050,473.944,0,0.057
659,2050,267.708,0,135.128
660,2050,762.49,0,50.163
727,2050,467.885,0,0.594
1090,2050,677.957,0,10.065
1159,2050,211.308,0,10.73
1248,2050,550.586,0,384.396
1249,2050,264.537,0,103.901
1279,2050,287.492,0,0.943
1333,2050,366.87,0,1.095
1340,2050,901.854,0,100.414
1341,2050,432.254,0,18.668
1353,2050,1074.145,0,132.714
1354,2050,1303.045,1.909,1003.105
1355,2050,1461.028,0,816.574
1358,2050,300.998,0,96.6
1359,2050,267.79,0,59.805
1360,2050,560.591,0,52.856
1363,2050,1368.612,0,338.746
1364,2050,2111.248,0.293,163.922
1365,2050,1983.659,0,3.143
1373,2050,300.501,0,83.143
1423,2050,345.275,0,24.135
1475,2050,427.225,0,115.789
1476,2050,331.657,0,150.279
637,2050,217.945,0,22.75
1372,2050,304.602,0,29.673
1361,2050,1565.736,0,82.839
609,2050,1768.489,0,2398.421
738,2050,540.424,0,600.931
639,2050,679.486,0,965.171
26,2050,0,338.464,15.68
636,2050,0,325.539,261.123
653,2050,0,126.094,0.005
353,2050,0,961.715,5236.074
397,2050,0,424.863,1994.641
532,2050,0,383.683,833.992
1524,2050,0,4.83,440.058
1497,2050,0,357.294,1849.37
671,2050,138.628,183.992,0.033
1433,2050,47.709,143.662,0
305,2050,0,722.92,87.488
1667,2050,535.832,0,425.793
1683,2050,136.372,0,492.238
1701,2050,0.09,0,251.877
1711,2050,236.131,0,302.654
1644,2050,89.501,0,688.902
1660,2050,163.44,0,618.903
449,2050,0,98.569,0
450,2050,0,221.723,0.138
451,2050,0,231.037,2.027
1098,2050,0,232.724,0
