"Geo","Year","EcoProp","ImpProp"
1,2019,0,0.000722394213391787
2,2019,0,0.000722394213391787
3,2019,0,0.000722394213391787
4,2019,0,0.000722394213391787
5,2019,0,0.000722394213391787
6,2019,0,0.000722394213391787
7,2019,0,0.000722394213391787
8,2019,0,0.000722394213391787
9,2019,0,0.000722394213391787
10,2019,0,0.000722394213391787
11,2019,0,0.000722394213391787
12,2019,0,0.000722394213391787
13,2019,0,0.000722394213391787
14,2019,0,0.000722394213391787
15,2019,0,0.000722394213391787
16,2019,0,0.000722394213391787
17,2019,0,0
18,2019,0,0
19,2019,0,0
20,2019,0,0.000722394213391787
21,2019,0,0.000722394213391787
22,2019,0,0.000722394213391787
23,2019,0,0.000722394213391787
24,2019,0,0.000722394213391787
25,2019,0,0.000722394213391787
27,2019,0,0
29,2019,0,0.000722394213391787
30,2019,0,0.000722394213391787
31,2019,0,0.000722394213391787
32,2019,0,0.000722394213391787
33,2019,0,0.000722394213391787
34,2019,0,0.000722394213391787
35,2019,0,0.000722394213391787
36,2019,0,0.000722394213391787
37,2019,0,0.000722394213391787
38,2019,0,0.000722394213391787
39,2019,0,0.000722394213391787
40,2019,0,0.000722394213391787
41,2019,0,0.000722394213391787
42,2019,0,0.000722394213391787
43,2019,0,0.000722394213391787
44,2019,0,0.000722394213391787
45,2019,0,0.000722394213391787
46,2019,0,0.000722394213391787
47,2019,0,0.000722394213391787
48,2019,0,0.000722394213391787
49,2019,0,0.000722394213391787
50,2019,0,0
51,2019,0,0.000722394213391787
52,2019,0,0.000722394213391787
53,2019,0,0.000722394213391787
54,2019,0,0.000722394213391787
55,2019,0,0.000722394213391787
56,2019,0,0.000722394213391787
57,2019,0,0.000722394213391787
58,2019,0,0.000722394213391787
59,2019,0,0
60,2019,0,0
61,2019,0,0.000722394213391787
62,2019,0,0.000722394213391787
63,2019,0,0.000722394213391787
64,2019,0,0
65,2019,0,0
66,2019,0,0
67,2019,0,0
68,2019,0,0
69,2019,0,0
70,2019,0,0
71,2019,0,0
72,2019,0,0
73,2019,0,0
74,2019,0,0
75,2019,0,0
76,2019,0,0
77,2019,0,0
78,2019,0,0
79,2019,0,0
80,2019,0,0
81,2019,0,0
82,2019,0,0
83,2019,0,0
84,2019,0,0
85,2019,0,0
86,2019,0,0
87,2019,0,0
88,2019,0,0
89,2019,0,0
90,2019,0,0
91,2019,0,0
92,2019,0,0
93,2019,0,0.000722394213391787
94,2019,0,0
95,2019,0,0.000722394213391787
96,2019,0,0
97,2019,0,0.000722394213391787
98,2019,0,0.000722394213391787
99,2019,0,0.000722394213391787
100,2019,0,0.000722394213391787
101,2019,0,0.000722394213391787
102,2019,0,0.000722394213391787
103,2019,0,0.000722394213391787
104,2019,0,0.000722394213391787
105,2019,0,0.000722394213391787
106,2019,0,0
107,2019,0,0
108,2019,0,0
109,2019,0,0
110,2019,0,0.000722394213391787
111,2019,0,0.000722394213391787
112,2019,0,0.000722394213391787
113,2019,0,0.000722394213391787
114,2019,0,0.000722394213391787
115,2019,0,0.000722394213391787
116,2019,0,0.000722394213391787
117,2019,0,0.000722394213391787
118,2019,0,0.000722394213391787
119,2019,0,0.000722394213391787
120,2019,0,0.000722394213391787
121,2019,0,0.000722394213391787
122,2019,0,0.000722394213391787
123,2019,0,0.000722394213391787
124,2019,0,0.000722394213391787
125,2019,0,0.000722394213391787
126,2019,0,0.000722394213391787
127,2019,0,0.000722394213391787
128,2019,0,0.000722394213391787
129,2019,0,0.000722394213391787
130,2019,0,0.000722394213391787
131,2019,0,0.000722394213391787
132,2019,0,0.000722394213391787
133,2019,0,0.000722394213391787
134,2019,0,0
135,2019,0,0
136,2019,0,0
137,2019,0,0
138,2019,0,0
139,2019,0,0
140,2019,0,0
141,2019,0,0.000722394213391787
142,2019,0,0
143,2019,0,0
144,2019,0,0
145,2019,0,0.000722394213391787
146,2019,0,0.000722394213391787
147,2019,0,0.000722394213391787
148,2019,0,0
149,2019,0,0
150,2019,0,0.000722394213391787
151,2019,0,0
152,2019,0,0.000722394213391787
153,2019,0,0
154,2019,0,0.000722394213391787
155,2019,0,0.000722394213391787
156,2019,0,0.000722394213391787
157,2019,0,0.000722394213391787
158,2019,0,0.000722394213391787
159,2019,0,0.000722394213391787
160,2019,0,0.000722394213391787
161,2019,0,0
162,2019,0,0.000722394213391787
163,2019,0,0
164,2019,0,0
165,2019,0,0.000722394213391787
166,2019,0,0.000722394213391787
167,2019,0,0.000722394213391787
168,2019,0,0.000722394213391787
169,2019,0,0.000722394213391787
170,2019,0,0.000722394213391787
171,2019,0,0.000722394213391787
172,2019,0,0.000722394213391787
173,2019,0,0.000722394213391787
174,2019,0,0.000722394213391787
175,2019,0,0.000722394213391787
176,2019,0,0.000722394213391787
177,2019,0,0.000722394213391787
178,2019,0,0.000722394213391787
179,2019,0,0.000722394213391787
180,2019,0,0.000722394213391787
181,2019,0,0.000722394213391787
182,2019,0,0.000722394213391787
183,2019,0,0.000722394213391787
184,2019,0,0.000722394213391787
185,2019,0,0.000722394213391787
186,2019,0,0.000722394213391787
187,2019,0,0.000722394213391787
188,2019,0,0.000722394213391787
189,2019,0,0.000722394213391787
190,2019,0,0.000722394213391787
191,2019,0,0.000722394213391787
192,2019,0,0.000722394213391787
193,2019,0,0.000722394213391787
194,2019,0,0.000722394213391787
195,2019,0,0.000722394213391787
196,2019,0,0.000722394213391787
197,2019,0,0.000722394213391787
198,2019,0,0.000722394213391787
199,2019,0,0.000722394213391787
200,2019,0,0
201,2019,0,0
202,2019,0,0
203,2019,0,0
204,2019,0,0.000722394213391787
205,2019,0,0.000722394213391787
206,2019,0,0
207,2019,0,0
208,2019,0,0
209,2019,0,0
210,2019,0,0
211,2019,0,0
212,2019,0,0
213,2019,0,0
214,2019,0,0.000722394213391787
215,2019,0,0.000722394213391787
216,2019,0,0.000722394213391787
217,2019,0,0.000722394213391787
218,2019,0,0.000722394213391787
219,2019,0,0.000722394213391787
220,2019,0,0.000722394213391787
221,2019,0,0.000722394213391787
222,2019,0,0.000722394213391787
223,2019,0,0.000722394213391787
224,2019,0,0.000722394213391787
225,2019,0,0.000722394213391787
226,2019,0,0.000722394213391787
227,2019,0,0.000722394213391787
228,2019,0,0.000722394213391787
229,2019,0,0.000722394213391787
230,2019,0,0.000722394213391787
231,2019,0,0.000722394213391787
232,2019,0,0.000722394213391787
233,2019,0,0.000722394213391787
234,2019,0,0.000722394213391787
235,2019,0,0.000722394213391787
236,2019,0,0.000722394213391787
237,2019,0,0.000722394213391787
238,2019,0,0.000722394213391787
239,2019,0,0.000722394213391787
240,2019,0,0.000722394213391787
241,2019,0,0.000722394213391787
242,2019,0,0.000722394213391787
243,2019,0,0.000722394213391787
244,2019,0,0.000722394213391787
245,2019,0,0.000722394213391787
246,2019,0,0.000722394213391787
247,2019,0,0.000722394213391787
248,2019,0,0.000722394213391787
249,2019,0,0.000722394213391787
250,2019,0,0.000722394213391787
251,2019,0,0.000722394213391787
252,2019,0,0.000722394213391787
253,2019,0,0.000722394213391787
254,2019,0,0.000722394213391787
255,2019,0,0.000722394213391787
256,2019,0,0.000722394213391787
257,2019,0,0.000722394213391787
258,2019,0,0.000722394213391787
259,2019,0,0.000722394213391787
260,2019,0,0.000722394213391787
261,2019,0,0.000722394213391787
262,2019,0,0.000722394213391787
263,2019,0,0.000722394213391787
264,2019,0,0.000722394213391787
265,2019,0,0.000722394213391787
266,2019,0,0.000722394213391787
267,2019,0,0.000722394213391787
268,2019,0,0.000722394213391787
269,2019,0,0.000722394213391787
270,2019,0,0.000722394213391787
271,2019,0,0.000722394213391787
272,2019,0,0.000722394213391787
273,2019,0,0.000722394213391787
274,2019,0,0.000722394213391787
275,2019,0,0.000722394213391787
276,2019,0,0.000722394213391787
277,2019,0,0.000722394213391787
278,2019,0,0.000722394213391787
279,2019,0,0
280,2019,0,0
281,2019,0,0.000722394213391787
282,2019,0,0.000722394213391787
283,2019,0,0.000722394213391787
284,2019,0,0.000722394213391787
285,2019,0,0.000722394213391787
286,2019,0,0.000722394213391787
287,2019,0,0.000722394213391787
288,2019,0,0.000722394213391787
289,2019,0,0.000722394213391787
290,2019,0,0.000722394213391787
291,2019,0,0.000722394213391787
292,2019,0,0.000722394213391787
293,2019,0,0.000722394213391787
294,2019,0,0.000722394213391787
295,2019,0,0.000722394213391787
296,2019,0,0.000722394213391787
297,2019,0,0.000722394213391787
298,2019,0,0.000722394213391787
299,2019,0,0.000722394213391787
300,2019,0,0.000722394213391787
301,2019,0,0.000722394213391787
302,2019,0,0.000722394213391787
303,2019,0,0.000722394213391787
304,2019,0,0.000722394213391787
306,2019,0,0.000722394213391787
307,2019,0,0.000722394213391787
308,2019,0,0.000722394213391787
309,2019,0,0.000722394213391787
310,2019,0,0.000722394213391787
311,2019,0,0.000722394213391787
312,2019,0,0.000722394213391787
313,2019,0,0.000722394213391787
314,2019,0,0.000722394213391787
315,2019,0,0
316,2019,0,0
317,2019,0,0.000722394213391787
318,2019,0,0.000722394213391787
319,2019,0,0.000722394213391787
320,2019,0,0.000722394213391787
321,2019,0,0.000722394213391787
322,2019,0,0.000722394213391787
323,2019,0,0
324,2019,0,0
325,2019,0,0
326,2019,0,0
328,2019,0,0.000722394213391787
329,2019,0,0.000722394213391787
330,2019,0,0.000722394213391787
333,2019,0,0
334,2019,0,0
335,2019,0,0
336,2019,0,0
337,2019,0,0
338,2019,0,0
339,2019,0,0
340,2019,0,0
341,2019,0,0
342,2019,0,0
343,2019,0,0
344,2019,0,0
345,2019,0,0
346,2019,0,0
347,2019,0,0
348,2019,0,0
349,2019,0,0
350,2019,0,0
351,2019,0,0
352,2019,0,0
354,2019,0,0
355,2019,0,0.000722394213391787
356,2019,0,0.000722394213391787
357,2019,0,0.000722394213391787
358,2019,0,0
359,2019,0,0
360,2019,0,0
361,2019,0,0
362,2019,0,0
363,2019,0,0.000722394213391787
364,2019,0,0.000722394213391787
365,2019,0,0.000722394213391787
366,2019,0,0.000722394213391787
367,2019,0,0.000722394213391787
368,2019,0,0.000722394213391787
369,2019,0,0.000722394213391787
370,2019,0,0.000722394213391787
371,2019,0,0.000722394213391787
372,2019,0,0
373,2019,0,0.000722394213391787
374,2019,0,0.000722394213391787
375,2019,0,0
376,2019,0,0
377,2019,0,0
378,2019,0,0
379,2019,0,0
380,2019,0,0
382,2019,0,0.000722394213391787
383,2019,0,0
385,2019,0,0.000722394213391787
386,2019,0,0.000722394213391787
387,2019,0,0.000722394213391787
388,2019,0,0.000722394213391787
389,2019,0,0.000722394213391787
390,2019,0,0.000722394213391787
391,2019,0,0.000722394213391787
392,2019,0,0.000722394213391787
393,2019,0,0.000722394213391787
394,2019,0,0
395,2019,0,0
396,2019,0,0
398,2019,0,0
399,2019,0,0.000722394213391787
400,2019,0,0.000722394213391787
401,2019,0,0.000722394213391787
402,2019,0,0.000722394213391787
404,2019,0,0.000722394213391787
405,2019,0,0.000722394213391787
406,2019,0,0.000722394213391787
407,2019,0,0.000722394213391787
408,2019,0,0.000722394213391787
409,2019,0,0.000722394213391787
410,2019,0,0.000722394213391787
411,2019,0,0.000722394213391787
412,2019,0,0.000722394213391787
413,2019,0,0.000722394213391787
414,2019,0,0.000722394213391787
415,2019,0,0
416,2019,0,0
417,2019,0,0
418,2019,0,0
419,2019,0,0
420,2019,0,0
421,2019,0,0
422,2019,0,0
423,2019,0,0
424,2019,0,0.000722394213391787
425,2019,0,0.000722394213391787
426,2019,0,0.000722394213391787
427,2019,0,0
428,2019,0,0
429,2019,0,0
430,2019,0,0
431,2019,0,0
432,2019,0,0
433,2019,0,0
434,2019,0,0
435,2019,0,0
436,2019,0,0
437,2019,0,0
438,2019,0,0
439,2019,0,0
440,2019,0,0
441,2019,0,0
442,2019,0,0
443,2019,0,0
444,2019,0,0
445,2019,0,0
446,2019,0,0
447,2019,0,0
448,2019,0,0
452,2019,0,0.000722394213391787
453,2019,0,0
454,2019,0,0.000722394213391787
455,2019,0,0.000722394213391787
456,2019,0,0.000722394213391787
457,2019,0,0.000722394213391787
458,2019,0,0.000722394213391787
459,2019,0,0.000722394213391787
460,2019,0,0.000722394213391787
461,2019,0,0.000722394213391787
462,2019,0,0.000722394213391787
463,2019,0,0
464,2019,0,0
465,2019,0,0
466,2019,0,0
467,2019,0,0
468,2019,0,0.000722394213391787
469,2019,0,0.000722394213391787
470,2019,0,0.000722394213391787
471,2019,0,0.000722394213391787
472,2019,0,0.000722394213391787
473,2019,0,0.000722394213391787
474,2019,0,0.000722394213391787
475,2019,0,0.000722394213391787
476,2019,0,0.000722394213391787
477,2019,0,0.000722394213391787
478,2019,0,0
479,2019,0,0
480,2019,0,0.000722394213391787
481,2019,0,0.000722394213391787
482,2019,0,0.000722394213391787
483,2019,0,0.000722394213391787
484,2019,0,0.000722394213391787
485,2019,0,0.000722394213391787
486,2019,0,0.000722394213391787
487,2019,0,0.000722394213391787
488,2019,0,0
489,2019,0,0
490,2019,0,0
491,2019,0,0
492,2019,0,0
493,2019,0,0
494,2019,0,0
495,2019,0,0
496,2019,0,0
497,2019,0,0.000722394213391787
498,2019,0,0.000722394213391787
499,2019,0,0.000722394213391787
500,2019,0,0.000722394213391787
501,2019,0,0.000722394213391787
502,2019,0,0.000722394213391787
503,2019,0,0.000722394213391787
504,2019,0,0.000722394213391787
505,2019,0,0.000722394213391787
506,2019,0,0.000722394213391787
507,2019,0,0.000722394213391787
508,2019,0,0.000722394213391787
509,2019,0,0.000722394213391787
510,2019,0,0.000722394213391787
511,2019,0,0
512,2019,0,0
513,2019,0,0
514,2019,0,0
515,2019,0,0.000722394213391787
516,2019,0,0.000722394213391787
517,2019,0,0.000722394213391787
518,2019,0,0.000722394213391787
519,2019,0,0.000722394213391787
520,2019,0,0.000722394213391787
522,2019,0,0.000722394213391787
523,2019,0,0.000722394213391787
524,2019,0,0.000722394213391787
525,2019,0,0.000722394213391787
526,2019,0,0.000722394213391787
527,2019,0,0
528,2019,0,0
529,2019,0,0
530,2019,0,0
531,2019,0,0
533,2019,0,0
534,2019,0,0
535,2019,0,0
536,2019,0,0
537,2019,0,0
538,2019,0,0
539,2019,0,0
540,2019,0,0
541,2019,0,0
542,2019,0,0
543,2019,0,0
544,2019,0,0
545,2019,0,0
546,2019,0,0
547,2019,0,0.000722394213391787
548,2019,0,0.000722394213391787
549,2019,0,0.000722394213391787
550,2019,0,0.000722394213391787
551,2019,0,0.000722394213391787
552,2019,0,0.000722394213391787
553,2019,0,0.000722394213391787
554,2019,0,0.000722394213391787
555,2019,0,0.000722394213391787
556,2019,0,0.000722394213391787
557,2019,0,0.000722394213391787
558,2019,0,0.000722394213391787
559,2019,0,0.000722394213391787
560,2019,0,0.000722394213391787
561,2019,0,0.000722394213391787
562,2019,0,0.000722394213391787
563,2019,0,0.000722394213391787
564,2019,0,0.000722394213391787
565,2019,0,0.000722394213391787
566,2019,0,0.000722394213391787
567,2019,0,0.000722394213391787
568,2019,0,0.000722394213391787
569,2019,0,0.000722394213391787
570,2019,0,0.000722394213391787
571,2019,0,0.000722394213391787
572,2019,0,0.000722394213391787
573,2019,0,0.000722394213391787
574,2019,0,0.000722394213391787
575,2019,0,0.000722394213391787
576,2019,0,0
577,2019,0,0
578,2019,0,0
579,2019,0,0
580,2019,0,0
581,2019,0,0.000722394213391787
582,2019,0,0.000722394213391787
583,2019,0,0.000722394213391787
584,2019,0,0.000722394213391787
585,2019,0,0.000722394213391787
586,2019,0,0.000722394213391787
587,2019,0,0.000722394213391787
588,2019,0,0.000722394213391787
589,2019,0,0.000722394213391787
590,2019,0,0.000722394213391787
591,2019,0,0.000722394213391787
592,2019,0,0.000722394213391787
593,2019,0,0.000722394213391787
594,2019,0,0.000722394213391787
595,2019,0,0.000722394213391787
596,2019,0,0.000722394213391787
597,2019,0,0.000722394213391787
598,2019,0,0.000722394213391787
599,2019,0,0.000722394213391787
600,2019,0,0.000722394213391787
601,2019,0,0.000722394213391787
602,2019,0,0.000722394213391787
603,2019,0,0.000722394213391787
604,2019,0,0.000722394213391787
606,2019,0,0.000722394213391787
607,2019,0,0.000722394213391787
608,2019,0,0.000722394213391787
610,2019,0,0.000722394213391787
611,2019,0,0.000722394213391787
612,2019,0,0.000722394213391787
613,2019,0,0.000722394213391787
614,2019,0,0.000722394213391787
615,2019,0,0.000722394213391787
616,2019,0,0.000722394213391787
617,2019,0,0.000722394213391787
618,2019,0,0
619,2019,0,0
620,2019,0,0.000722394213391787
621,2019,0,0.000722394213391787
623,2019,0,0.000722394213391787
624,2019,0,0.000722394213391787
625,2019,0,0.000722394213391787
627,2019,0,0.000722394213391787
628,2019,0,0.000722394213391787
629,2019,0,0.000722394213391787
630,2019,0,0.000722394213391787
631,2019,0,0.000722394213391787
638,2019,0,0.000722394213391787
643,2019,0,0.000722394213391787
644,2019,0,0.000722394213391787
647,2019,0,0.000722394213391787
648,2019,0,0.000722394213391787
649,2019,0,0.000722394213391787
650,2019,0,0.000722394213391787
652,2019,0,0.000722394213391787
654,2019,0,0.000722394213391787
656,2019,0,0
657,2019,0,0.000722394213391787
658,2019,0,0.000722394213391787
661,2019,0,0.000722394213391787
662,2019,0,0.000722394213391787
663,2019,0,0.000722394213391787
664,2019,0,0.000722394213391787
665,2019,0,0.000722394213391787
666,2019,0,0.000722394213391787
667,2019,0,0
668,2019,0,0
669,2019,0,0
670,2019,0,0
672,2019,0,0
673,2019,0,0
674,2019,0,0
675,2019,0,0
676,2019,0,0.000722394213391787
677,2019,0,0.000722394213391787
678,2019,0,0.000722394213391787
679,2019,0,0.000722394213391787
680,2019,0,0.000722394213391787
681,2019,0,0.000722394213391787
682,2019,0,0.000722394213391787
683,2019,0,0.000722394213391787
684,2019,0,0
685,2019,0,0
686,2019,0,0.000722394213391787
687,2019,0,0.000722394213391787
688,2019,0,0.000722394213391787
689,2019,0,0.000722394213391787
690,2019,0,0.000722394213391787
691,2019,0,0.000722394213391787
692,2019,0,0.000722394213391787
693,2019,0,0.000722394213391787
694,2019,0,0.000722394213391787
695,2019,0,0.000722394213391787
696,2019,0,0.000722394213391787
697,2019,0,0.000722394213391787
698,2019,0,0.000722394213391787
699,2019,0,0.000722394213391787
700,2019,0,0.000722394213391787
701,2019,0,0.000722394213391787
702,2019,0,0
703,2019,0,0
704,2019,0,0
705,2019,0,0.000722394213391787
706,2019,0,0.000722394213391787
707,2019,0,0.000722394213391787
708,2019,0,0.000722394213391787
709,2019,0,0
710,2019,0,0
711,2019,0,0
712,2019,0,0
714,2019,0,0
715,2019,0,0.000722394213391787
716,2019,0,0
717,2019,0,0
718,2019,0,0
719,2019,0,0
720,2019,0,0
721,2019,0,0
722,2019,0,0
723,2019,0,0.000722394213391787
724,2019,0,0.000722394213391787
725,2019,0,0.000722394213391787
726,2019,0,0.000722394213391787
728,2019,0,0.000722394213391787
729,2019,0,0.000722394213391787
730,2019,0,0.000722394213391787
731,2019,0,0.000722394213391787
732,2019,0,0.000722394213391787
733,2019,0,0.000722394213391787
734,2019,0,0.000722394213391787
735,2019,0,0.000722394213391787
736,2019,0,0.000722394213391787
737,2019,0,0.000722394213391787
739,2019,0,0.000722394213391787
740,2019,0,0.000722394213391787
741,2019,0,0.000722394213391787
742,2019,0,0
743,2019,0,0
744,2019,0,0
745,2019,0,0
746,2019,0,0
747,2019,0,0
748,2019,0,0
749,2019,0,0
750,2019,0,0
751,2019,0,0
752,2019,0,0
753,2019,0,0
754,2019,0,0
755,2019,0,0
756,2019,0,0
757,2019,0,0
758,2019,0,0.000722394213391787
759,2019,0,0.000722394213391787
760,2019,0,0.000722394213391787
761,2019,0,0.000722394213391787
762,2019,0,0.000722394213391787
763,2019,0,0.000722394213391787
764,2019,0,0.000722394213391787
765,2019,0,0.000722394213391787
766,2019,0,0.000722394213391787
767,2019,0,0.000722394213391787
768,2019,0,0.000722394213391787
769,2019,0,0.000722394213391787
770,2019,0,0.000722394213391787
771,2019,0,0.000722394213391787
772,2019,0,0.000722394213391787
773,2019,0,0.000722394213391787
774,2019,0,0.000722394213391787
775,2019,0,0.000722394213391787
776,2019,0,0
777,2019,0,0
778,2019,0,0
779,2019,0,0
780,2019,0,0.000722394213391787
781,2019,0,0.000722394213391787
782,2019,0,0.000722394213391787
783,2019,0,0.000722394213391787
784,2019,0,0.000722394213391787
785,2019,0,0
786,2019,0,0.000722394213391787
787,2019,0,0
788,2019,0,0
789,2019,0,0
790,2019,0,0.000722394213391787
791,2019,0,0.000722394213391787
792,2019,0,0.000722394213391787
793,2019,0,0.000722394213391787
794,2019,0,0.000722394213391787
795,2019,0,0.000722394213391787
796,2019,0,0.000722394213391787
797,2019,0,0.000722394213391787
798,2019,0,0.000722394213391787
799,2019,0,0.000722394213391787
800,2019,0,0
801,2019,0,0
802,2019,0,0
803,2019,0,0
804,2019,0,0
805,2019,0,0
806,2019,0,0
807,2019,0,0
808,2019,0,0
809,2019,0,0
810,2019,0,0.000722394213391787
811,2019,0,0
812,2019,0,0
813,2019,0,0
814,2019,0,0.000722394213391787
815,2019,0,0.000722394213391787
816,2019,0,0.000722394213391787
817,2019,0,0.000722394213391787
818,2019,0,0.000722394213391787
819,2019,0,0.000722394213391787
820,2019,0,0.000722394213391787
821,2019,0,0.000722394213391787
822,2019,0,0.000722394213391787
823,2019,0,0.000722394213391787
824,2019,0,0.000722394213391787
825,2019,0,0.000722394213391787
826,2019,0,0.000722394213391787
827,2019,0,0.000722394213391787
828,2019,0,0.000722394213391787
829,2019,0,0
830,2019,0,0.000722394213391787
831,2019,0,0.000722394213391787
832,2019,0,0.000722394213391787
833,2019,0,0
834,2019,0,0
835,2019,0,0.000722394213391787
836,2019,0,0
837,2019,0,0
838,2019,0,0
839,2019,0,0
840,2019,0,0
841,2019,0,0
842,2019,0,0
843,2019,0,0
844,2019,0,0
845,2019,0,0
846,2019,0,0.000722394213391787
847,2019,0,0.000722394213391787
848,2019,0,0.000722394213391787
849,2019,0,0.000722394213391787
850,2019,0,0.000722394213391787
851,2019,0,0.000722394213391787
852,2019,0,0
853,2019,0,0.000722394213391787
854,2019,0,0.000722394213391787
855,2019,0,0
856,2019,0,0
857,2019,0,0.000722394213391787
858,2019,0,0.000722394213391787
859,2019,0,0
860,2019,0,0
861,2019,0,0
862,2019,0,0.000722394213391787
863,2019,0,0.000722394213391787
864,2019,0,0.000722394213391787
865,2019,0,0.000722394213391787
866,2019,0,0.000722394213391787
867,2019,0,0.000722394213391787
868,2019,0,0.000722394213391787
869,2019,0,0
870,2019,0,0
871,2019,0,0
872,2019,0,0
873,2019,0,0
874,2019,0,0
875,2019,0,0
876,2019,0,0
877,2019,0,0
878,2019,0,0
879,2019,0,0
880,2019,0,0
881,2019,0,0.000722394213391787
882,2019,0,0.000722394213391787
883,2019,0,0.000722394213391787
884,2019,0,0.000722394213391787
885,2019,0,0.000722394213391787
886,2019,0,0.000722394213391787
887,2019,0,0.000722394213391787
888,2019,0,0.000722394213391787
889,2019,0,0.000722394213391787
890,2019,0,0.000722394213391787
891,2019,0,0.000722394213391787
892,2019,0,0.000722394213391787
893,2019,0,0.000722394213391787
894,2019,0,0.000722394213391787
895,2019,0,0.000722394213391787
896,2019,0,0.000722394213391787
897,2019,0,0.000722394213391787
898,2019,0,0
899,2019,0,0
900,2019,0,0
901,2019,0,0
902,2019,0,0
903,2019,0,0
904,2019,0,0
905,2019,0,0
906,2019,0,0
907,2019,0,0
908,2019,0,0.000722394213391787
909,2019,0,0.000722394213391787
910,2019,0,0.000722394213391787
911,2019,0,0.000722394213391787
912,2019,0,0.000722394213391787
913,2019,0,0.000722394213391787
914,2019,0,0.000722394213391787
915,2019,0,0.000722394213391787
916,2019,0,0.000722394213391787
917,2019,0,0.000722394213391787
918,2019,0,0.000722394213391787
919,2019,0,0.000722394213391787
920,2019,0,0.000722394213391787
921,2019,0,0.000722394213391787
922,2019,0,0.000722394213391787
923,2019,0,0.000722394213391787
924,2019,0,0.000722394213391787
925,2019,0,0.000722394213391787
926,2019,0,0.000722394213391787
927,2019,0,0.000722394213391787
928,2019,0,0.000722394213391787
929,2019,0,0.000722394213391787
930,2019,0,0.000722394213391787
931,2019,0,0.000722394213391787
932,2019,0,0.000722394213391787
933,2019,0,0.000722394213391787
934,2019,0,0.000722394213391787
935,2019,0,0.000722394213391787
936,2019,0,0.000722394213391787
937,2019,0,0.000722394213391787
938,2019,0,0.000722394213391787
939,2019,0,0.000722394213391787
940,2019,0,0.000722394213391787
941,2019,0,0.000722394213391787
942,2019,0,0.000722394213391787
943,2019,0,0.000722394213391787
944,2019,0,0.000722394213391787
945,2019,0,0.000722394213391787
946,2019,0,0.000722394213391787
948,2019,0,0.000722394213391787
949,2019,0,0.000722394213391787
950,2019,0,0.000722394213391787
951,2019,0,0.000722394213391787
952,2019,0,0
953,2019,0,0
954,2019,0,0.000722394213391787
955,2019,0,0.000722394213391787
956,2019,0,0.000722394213391787
957,2019,0,0.000722394213391787
958,2019,0,0
959,2019,0,0
960,2019,0,0.000722394213391787
961,2019,0,0.000722394213391787
962,2019,0,0.000722394213391787
963,2019,0,0.000722394213391787
964,2019,0,0.000722394213391787
965,2019,0,0
966,2019,0,0
967,2019,0,0
968,2019,0,0.000722394213391787
969,2019,0,0.000722394213391787
970,2019,0,0.000722394213391787
971,2019,0,0.000722394213391787
972,2019,0,0.000722394213391787
973,2019,0,0.000722394213391787
974,2019,0,0.000722394213391787
975,2019,0,0.000722394213391787
976,2019,0,0.000722394213391787
977,2019,0,0.000722394213391787
978,2019,0,0.000722394213391787
979,2019,0,0.000722394213391787
980,2019,0,0.000722394213391787
981,2019,0,0.000722394213391787
982,2019,0,0.000722394213391787
983,2019,0,0.000722394213391787
984,2019,0,0.000722394213391787
985,2019,0,0.000722394213391787
986,2019,0,0.000722394213391787
987,2019,0,0.000722394213391787
988,2019,0,0.000722394213391787
989,2019,0,0.000722394213391787
990,2019,0,0
991,2019,0,0
992,2019,0,0
993,2019,0,0.000722394213391787
994,2019,0,0.000722394213391787
995,2019,0,0.000722394213391787
996,2019,0,0.000722394213391787
997,2019,0,0.000722394213391787
998,2019,0,0.000722394213391787
999,2019,0,0.000722394213391787
1000,2019,0,0.000722394213391787
1001,2019,0,0.000722394213391787
1002,2019,0,0.000722394213391787
1003,2019,0,0.000722394213391787
1004,2019,0,0.000722394213391787
1005,2019,0,0.000722394213391787
1006,2019,0,0.000722394213391787
1007,2019,0,0.000722394213391787
1008,2019,0,0.000722394213391787
1009,2019,0,0.000722394213391787
1010,2019,0,0.000722394213391787
1011,2019,0,0.000722394213391787
1012,2019,0,0.000722394213391787
1013,2019,0,0.000722394213391787
1014,2019,0,0.000722394213391787
1015,2019,0,0.000722394213391787
1016,2019,0,0.000722394213391787
1017,2019,0,0.000722394213391787
1018,2019,0,0.000722394213391787
1019,2019,0,0.000722394213391787
1020,2019,0,0.000722394213391787
1021,2019,0,0
1022,2019,0,0
1023,2019,0,0
1024,2019,0,0
1025,2019,0,0
1026,2019,0,0
1027,2019,0,0
1028,2019,0,0
1029,2019,0,0
1030,2019,0,0
1031,2019,0,0
1032,2019,0,0
1033,2019,0,0
1034,2019,0,0
1035,2019,0,0
1036,2019,0,0
1037,2019,0,0
1038,2019,0,0.000722394213391787
1039,2019,0,0.000722394213391787
1040,2019,0,0.000722394213391787
1041,2019,0,0.000722394213391787
1042,2019,0,0.000722394213391787
1043,2019,0,0.000722394213391787
1044,2019,0,0.000722394213391787
1045,2019,0,0.000722394213391787
1046,2019,0,0.000722394213391787
1047,2019,0,0.000722394213391787
1048,2019,0,0.000722394213391787
1049,2019,0,0.000722394213391787
1050,2019,0,0.000722394213391787
1051,2019,0,0.000722394213391787
1052,2019,0,0.000722394213391787
1053,2019,0,0.000722394213391787
1054,2019,0,0.000722394213391787
1055,2019,0,0.000722394213391787
1056,2019,0,0.000722394213391787
1057,2019,0,0.000722394213391787
1058,2019,0,0.000722394213391787
1059,2019,0,0
1060,2019,0,0
1061,2019,0,0
1062,2019,0,0
1063,2019,0,0
1064,2019,0,0
1065,2019,0,0
1066,2019,0,0
1067,2019,0,0.000722394213391787
1068,2019,0,0.000722394213391787
1069,2019,0,0.000722394213391787
1070,2019,0,0.000722394213391787
1071,2019,0,0.000722394213391787
1072,2019,0,0.000722394213391787
1073,2019,0,0.000722394213391787
1074,2019,0,0.000722394213391787
1075,2019,0,0.000722394213391787
1076,2019,0,0.000722394213391787
1077,2019,0,0.000722394213391787
1078,2019,0,0.000722394213391787
1079,2019,0,0.000722394213391787
1080,2019,0,0
1081,2019,0,0
1082,2019,0,0
1083,2019,0,0
1084,2019,0,0
1085,2019,0,0
1086,2019,0,0
1087,2019,0,0
1088,2019,0,0
1089,2019,0,0
1091,2019,0,0.000722394213391787
1092,2019,0,0.000722394213391787
1093,2019,0,0.000722394213391787
1094,2019,0,0.000722394213391787
1095,2019,0,0.000722394213391787
1096,2019,0,0.000722394213391787
1097,2019,0,0.000722394213391787
1099,2019,0,0.000722394213391787
1100,2019,0,0
1101,2019,0,0
1102,2019,0,0
1103,2019,0,0
1104,2019,0,0
1105,2019,0,0
1106,2019,0,0
1107,2019,0,0
1108,2019,0,0
1109,2019,0,0.000722394213391787
1110,2019,0,0.000722394213391787
1111,2019,0,0.000722394213391787
1112,2019,0,0.000722394213391787
1113,2019,0,0.000722394213391787
1114,2019,0,0.000722394213391787
1115,2019,0,0.000722394213391787
1116,2019,0,0.000722394213391787
1117,2019,0,0.000722394213391787
1118,2019,0,0.000722394213391787
1119,2019,0,0
1120,2019,0,0
1121,2019,0,0.000722394213391787
1122,2019,0,0.000722394213391787
1123,2019,0,0.000722394213391787
1124,2019,0,0.000722394213391787
1125,2019,0,0.000722394213391787
1126,2019,0,0.000722394213391787
1127,2019,0,0.000722394213391787
1128,2019,0,0.000722394213391787
1129,2019,0,0.000722394213391787
1130,2019,0,0.000722394213391787
1131,2019,0,0.000722394213391787
1132,2019,0,0.000722394213391787
1133,2019,0,0.000722394213391787
1134,2019,0,0.000722394213391787
1135,2019,0,0
1136,2019,0,0
1138,2019,0,0
1139,2019,0,0
1141,2019,0,0
1142,2019,0,0
1143,2019,0,0
1144,2019,0,0
1145,2019,0,0
1146,2019,0,0
1147,2019,0,0
1148,2019,0,0
1149,2019,0,0
1150,2019,0,0
1151,2019,0,0
1152,2019,0,0
1153,2019,0,0
1154,2019,0,0
1155,2019,0,0
1156,2019,0,0
1157,2019,0,0.000722394213391787
1158,2019,0,0.000722394213391787
1160,2019,0,0
1161,2019,0,0
1162,2019,0,0
1163,2019,0,0
1164,2019,0,0
1165,2019,0,0
1166,2019,0,0
1167,2019,0,0
1168,2019,0,0
1169,2019,0,0
1170,2019,0,0
1171,2019,0,0
1172,2019,0,0
1173,2019,0,0
1174,2019,0,0
1175,2019,0,0
1176,2019,0,0
1177,2019,0,0.000722394213391787
1178,2019,0,0.000722394213391787
1179,2019,0,0.000722394213391787
1180,2019,0,0.000722394213391787
1181,2019,0,0.000722394213391787
1182,2019,0,0.000722394213391787
1183,2019,0,0.000722394213391787
1184,2019,0,0.000722394213391787
1185,2019,0,0.000722394213391787
1186,2019,0,0.000722394213391787
1187,2019,0,0.000722394213391787
1188,2019,0,0.000722394213391787
1189,2019,0,0.000722394213391787
1190,2019,0,0.000722394213391787
1191,2019,0,0.000722394213391787
1192,2019,0,0.000722394213391787
1193,2019,0,0.000722394213391787
1194,2019,0,0.000722394213391787
1195,2019,0,0.000722394213391787
1196,2019,0,0.000722394213391787
1197,2019,0,0.000722394213391787
1198,2019,0,0.000722394213391787
1199,2019,0,0.000722394213391787
1200,2019,0,0.000722394213391787
1201,2019,0,0.000722394213391787
1202,2019,0,0.000722394213391787
1203,2019,0,0.000722394213391787
1204,2019,0,0
1205,2019,0,0
1206,2019,0,0
1208,2019,0,0.000722394213391787
1209,2019,0,0.000722394213391787
1210,2019,0,0.000722394213391787
1211,2019,0,0.000722394213391787
1212,2019,0,0.000722394213391787
1213,2019,0,0.000722394213391787
1214,2019,0,0.000722394213391787
1215,2019,0,0
1216,2019,0,0.000722394213391787
1217,2019,0,0
1218,2019,0,0.000722394213391787
1219,2019,0,0.000722394213391787
1220,2019,0,0.000722394213391787
1221,2019,0,0.000722394213391787
1222,2019,0,0.000722394213391787
1223,2019,0,0.000722394213391787
1224,2019,0,0
1225,2019,0,0
1226,2019,0,0
1227,2019,0,0
1228,2019,0,0
1229,2019,0,0.000722394213391787
1230,2019,0,0.000722394213391787
1231,2019,0,0.000722394213391787
1232,2019,0,0.000722394213391787
1233,2019,0,0.000722394213391787
1234,2019,0,0.000722394213391787
1235,2019,0,0.000722394213391787
1236,2019,0,0.000722394213391787
1237,2019,0,0.000722394213391787
1238,2019,0,0.000722394213391787
1239,2019,0,0.000722394213391787
1240,2019,0,0.000722394213391787
1241,2019,0,0.000722394213391787
1242,2019,0,0.000722394213391787
1243,2019,0,0.000722394213391787
1244,2019,0,0.000722394213391787
1245,2019,0,0.000722394213391787
1246,2019,0,0.000722394213391787
1247,2019,0,0.000722394213391787
1250,2019,0,0.000722394213391787
1251,2019,0,0.000722394213391787
1252,2019,0,0.000722394213391787
1253,2019,0,0.000722394213391787
1254,2019,0,0.000722394213391787
1255,2019,0,0.000722394213391787
1256,2019,0,0.000722394213391787
1257,2019,0,0.000722394213391787
1258,2019,0,0.000722394213391787
1259,2019,0,0.000722394213391787
1260,2019,0,0
1261,2019,0,0
1262,2019,0,0
1263,2019,0,0
1264,2019,0,0
1265,2019,0,0.000722394213391787
1266,2019,0,0
1267,2019,0,0.000722394213391787
1268,2019,0,0.000722394213391787
1269,2019,0,0.000722394213391787
1270,2019,0,0.000722394213391787
1271,2019,0,0.000722394213391787
1272,2019,0,0.000722394213391787
1273,2019,0,0
1274,2019,0,0.000722394213391787
1275,2019,0,0.000722394213391787
1276,2019,0,0.000722394213391787
1277,2019,0,0
1278,2019,0,0
1280,2019,0,0.000722394213391787
1281,2019,0,0.000722394213391787
1282,2019,0,0.000722394213391787
1283,2019,0,0.000722394213391787
1284,2019,0,0.000722394213391787
1285,2019,0,0.000722394213391787
1286,2019,0,0.000722394213391787
1287,2019,0,0.000722394213391787
1288,2019,0,0.000722394213391787
1289,2019,0,0.000722394213391787
1290,2019,0,0.000722394213391787
1291,2019,0,0
1292,2019,0,0
1293,2019,0,0
1294,2019,0,0
1295,2019,0,0.000722394213391787
1297,2019,0,0
1298,2019,0,0
1299,2019,0,0.000722394213391787
1300,2019,0,0.000722394213391787
1301,2019,0,0.000722394213391787
1302,2019,0,0.000722394213391787
1303,2019,0,0.000722394213391787
1304,2019,0,0
1305,2019,0,0
1306,2019,0,0
1307,2019,0,0
1308,2019,0,0
1309,2019,0,0
1310,2019,0,0
1311,2019,0,0
1312,2019,0,0
1313,2019,0,0
1314,2019,0,0
1315,2019,0,0
1316,2019,0,0
1317,2019,0,0
1318,2019,0,0
1319,2019,0,0.000722394213391787
1320,2019,0,0.000722394213391787
1321,2019,0,0.000722394213391787
1322,2019,0,0.000722394213391787
1323,2019,0,0
1324,2019,0,0
1325,2019,0,0
1326,2019,0,0.000722394213391787
1327,2019,0,0.000722394213391787
1328,2019,0,0.000722394213391787
1329,2019,0,0.000722394213391787
1330,2019,0,0.000722394213391787
1331,2019,0,0.000722394213391787
1332,2019,0,0.000722394213391787
1334,2019,0,0
1335,2019,0,0
1336,2019,0,0
1337,2019,0,0
1338,2019,0,0.000722394213391787
1339,2019,0,0.000722394213391787
1342,2019,0,0.000722394213391787
1343,2019,0,0.000722394213391787
1344,2019,0,0.000722394213391787
1345,2019,0,0.000722394213391787
1346,2019,0,0.000722394213391787
1347,2019,0,0.000722394213391787
1348,2019,0,0
1349,2019,0,0
1350,2019,0,0.000722394213391787
1351,2019,0,0.000722394213391787
1352,2019,0,0.000722394213391787
1356,2019,0,0.000722394213391787
1357,2019,0,0.000722394213391787
1362,2019,0,0.000722394213391787
1366,2019,0,0
1368,2019,0,0.000722394213391787
1369,2019,0,0
1370,2019,0,0.000722394213391787
1371,2019,0,0.000722394213391787
1374,2019,0,0.000722394213391787
1377,2019,0,0.000722394213391787
1378,2019,0,0.000722394213391787
1379,2019,0,0.000722394213391787
1380,2019,0,0.000722394213391787
1381,2019,0,0.000722394213391787
1382,2019,0,0.000722394213391787
1383,2019,0,0.000722394213391787
1384,2019,0,0.000722394213391787
1385,2019,0,0.000722394213391787
1386,2019,0,0.000722394213391787
1387,2019,0,0.000722394213391787
1388,2019,0,0.000722394213391787
1390,2019,0,0.000722394213391787
1391,2019,0,0.000722394213391787
1392,2019,0,0.000722394213391787
1393,2019,0,0.000722394213391787
1394,2019,0,0.000722394213391787
1395,2019,0,0.000722394213391787
1396,2019,0,0.000722394213391787
1397,2019,0,0.000722394213391787
1398,2019,0,0.000722394213391787
1399,2019,0,0.000722394213391787
1400,2019,0,0.000722394213391787
1401,2019,0,0.000722394213391787
1402,2019,0,0.000722394213391787
1403,2019,0,0.000722394213391787
1404,2019,0,0.000722394213391787
1405,2019,0,0.000722394213391787
1406,2019,0,0.000722394213391787
1407,2019,0,0
1408,2019,0,0
1409,2019,0,0
1410,2019,0,0
1411,2019,0,0
1412,2019,0,0
1413,2019,0,0
1414,2019,0,0
1415,2019,0,0
1416,2019,0,0
1417,2019,0,0
1418,2019,0,0
1419,2019,0,0.000722394213391787
1420,2019,0,0.000722394213391787
1421,2019,0,0.000722394213391787
1422,2019,0,0.000722394213391787
1424,2019,0,0
1425,2019,0,0.000722394213391787
1426,2019,0,0.000722394213391787
1427,2019,0,0.000722394213391787
1428,2019,0,0.000722394213391787
1429,2019,0,0.000722394213391787
1430,2019,0,0.000722394213391787
1431,2019,0,0.000722394213391787
1432,2019,0,0.000722394213391787
1434,2019,0,0.000722394213391787
1435,2019,0,0.000722394213391787
1436,2019,0,0.000722394213391787
1437,2019,0,0.000722394213391787
1438,2019,0,0.000722394213391787
1439,2019,0,0.000722394213391787
1440,2019,0,0
1441,2019,0,0
1442,2019,0,0
1443,2019,0,0
1444,2019,0,0
1445,2019,0,0.000722394213391787
1446,2019,0,0.000722394213391787
1447,2019,0,0.000722394213391787
1448,2019,0,0.000722394213391787
1449,2019,0,0.000722394213391787
1450,2019,0,0.000722394213391787
1451,2019,0,0.000722394213391787
1452,2019,0,0.000722394213391787
1453,2019,0,0
1454,2019,0,0.000722394213391787
1455,2019,0,0.000722394213391787
1456,2019,0,0.000722394213391787
1457,2019,0,0.000722394213391787
1458,2019,0,0.000722394213391787
1459,2019,0,0.000722394213391787
1460,2019,0,0.000722394213391787
1461,2019,0,0.000722394213391787
1462,2019,0,0.000722394213391787
1463,2019,0,0.000722394213391787
1464,2019,0,0.000722394213391787
1465,2019,0,0.000722394213391787
1466,2019,0,0.000722394213391787
1467,2019,0,0.000722394213391787
1468,2019,0,0.000722394213391787
1469,2019,0,0.000722394213391787
1470,2019,0,0.000722394213391787
1471,2019,0,0.000722394213391787
1472,2019,0,0.000722394213391787
1473,2019,0,0.000722394213391787
1474,2019,0,0.000722394213391787
1477,2019,0,0.000722394213391787
1478,2019,0,0.000722394213391787
1479,2019,0,0.000722394213391787
1480,2019,0,0.000722394213391787
1481,2019,0,0.000722394213391787
1482,2019,0,0.000722394213391787
1483,2019,0,0
1484,2019,0,0
1485,2019,0,0.000722394213391787
1486,2019,0,0.000722394213391787
1487,2019,0,0.000722394213391787
1488,2019,0,0.000722394213391787
1489,2019,0,0.000722394213391787
1490,2019,0,0.000722394213391787
1491,2019,0,0.000722394213391787
1492,2019,0,0.000722394213391787
1493,2019,0,0.000722394213391787
1494,2019,0,0.000722394213391787
1495,2019,0,0.000722394213391787
1496,2019,0,0.000722394213391787
1498,2019,0,0
1499,2019,0,0
1500,2019,0,0
1501,2019,0,0
1502,2019,0,0
1503,2019,0,0
1504,2019,0,0
1505,2019,0,0
1506,2019,0,0
1507,2019,0,0
1508,2019,0,0.000722394213391787
1509,2019,0,0.000722394213391787
1510,2019,0,0.000722394213391787
1511,2019,0,0.000722394213391787
1512,2019,0,0.000722394213391787
1513,2019,0,0.000722394213391787
1514,2019,0,0.000722394213391787
1515,2019,0,0.000722394213391787
1516,2019,0,0.000722394213391787
1517,2019,0,0.000722394213391787
1518,2019,0,0.000722394213391787
1520,2019,0,0
1522,2019,0,0
1523,2019,0,0
1525,2019,0,0
1526,2019,0,0
1527,2019,0,0
1528,2019,0,0.000722394213391787
1529,2019,0,0
1530,2019,0,0
1531,2019,0,0
1532,2019,0,0
1533,2019,0,0
1534,2019,0,0
1535,2019,0,0
1536,2019,0,0
1537,2019,0,0
1538,2019,0,0
1539,2019,0,0
1540,2019,0,0.000722394213391787
1541,2019,0,0.000722394213391787
1542,2019,0,0
1543,2019,0,0
1544,2019,0,0.000722394213391787
1545,2019,0,0.000722394213391787
1546,2019,0,0.000722394213391787
1547,2019,0,0.000722394213391787
1548,2019,0,0.000722394213391787
1549,2019,0,0.000722394213391787
1550,2019,0,0.000722394213391787
1551,2019,0,0.000722394213391787
1552,2019,0,0.000722394213391787
1553,2019,0,0
1554,2019,0,0
1555,2019,0,0
1556,2019,0,0
1557,2019,0,0
1558,2019,0,0
1559,2019,0,0
1560,2019,0,0
1561,2019,0,0
1562,2019,0,0.000722394213391787
1563,2019,0,0.000722394213391787
1564,2019,0,0.000722394213391787
1565,2019,0,0.000722394213391787
1566,2019,0,0.000722394213391787
1567,2019,0,0.000722394213391787
1568,2019,0,0.000722394213391787
1569,2019,0,0
1570,2019,0,0
1571,2019,0,0
1572,2019,0,0
1573,2019,0,0
1574,2019,0,0
1575,2019,0,0
1576,2019,0,0
1577,2019,0,0
1578,2019,0,0.000722394213391787
1579,2019,0,0.000722394213391787
1580,2019,0,0.000722394213391787
1581,2019,0,0.000722394213391787
1582,2019,0,0.000722394213391787
1583,2019,0,0.000722394213391787
1584,2019,0,0
1585,2019,0,0
1586,2019,0,0
1587,2019,0,0
1588,2019,0,0
1589,2019,0,0
1590,2019,0,0
1591,2019,0,0
1592,2019,0,0
1593,2019,0,0.000722394213391787
1594,2019,0,0.000722394213391787
1595,2019,0,0.000722394213391787
1596,2019,0,0.000722394213391787
1597,2019,0,0
1598,2019,0,0
1599,2019,0,0
1600,2019,0,0
1601,2019,0,0
1602,2019,0,0
1603,2019,0,0
1604,2019,0,0.000722394213391787
1605,2019,0,0
1606,2019,0,0
1607,2019,0,0.000722394213391787
1608,2019,0,0.000722394213391787
1609,2019,0,0.000722394213391787
1610,2019,0,0.000722394213391787
1611,2019,0,0.000722394213391787
1612,2019,0,0.000722394213391787
1613,2019,0,0.000722394213391787
1614,2019,0,0
1615,2019,0,0
1616,2019,0,0
1617,2019,0,0
1618,2019,0,0
1619,2019,0,0
1620,2019,0,0.000722394213391787
1621,2019,0,0.000722394213391787
1622,2019,0,0.000722394213391787
1623,2019,0,0.000722394213391787
1624,2019,0,0.000722394213391787
1625,2019,0,0.000722394213391787
1627,2019,0,0
1628,2019,0,0
1629,2019,0,0
1632,2019,0,0.000722394213391787
1639,2019,0,0.000722394213391787
1640,2019,0,0.000722394213391787
1641,2019,0,0.000722394213391787
1642,2019,0,0.000722394213391787
1643,2019,0,0.000722394213391787
1645,2019,0,0.000722394213391787
1646,2019,0,0.000722394213391787
1647,2019,0,0.000722394213391787
1648,2019,0,0
1649,2019,0,0.000722394213391787
1650,2019,0,0.000722394213391787
1651,2019,0,0.000722394213391787
1652,2019,0,0.000722394213391787
1653,2019,0,0.000722394213391787
1654,2019,0,0.000722394213391787
1655,2019,0,0.000722394213391787
1656,2019,0,0.000722394213391787
1657,2019,0,0.000722394213391787
1658,2019,0,0.000722394213391787
1659,2019,0,0.000722394213391787
1661,2019,0,0.000722394213391787
1662,2019,0,0.000722394213391787
1663,2019,0,0.000722394213391787
1664,2019,0,0.000722394213391787
1665,2019,0,0.000722394213391787
1666,2019,0,0.000722394213391787
1668,2019,0,0.000722394213391787
1669,2019,0,0.000722394213391787
1670,2019,0,0.000722394213391787
1671,2019,0,0.000722394213391787
1672,2019,0,0.000722394213391787
1673,2019,0,0.000722394213391787
1674,2019,0,0.000722394213391787
1675,2019,0,0.000722394213391787
1676,2019,0,0.000722394213391787
1677,2019,0,0.000722394213391787
1678,2019,0,0.000722394213391787
1679,2019,0,0.000722394213391787
1680,2019,0,0.000722394213391787
1681,2019,0,0.000722394213391787
1682,2019,0,0.000722394213391787
1684,2019,0,0.000722394213391787
1685,2019,0,0.000722394213391787
1686,2019,0,0.000722394213391787
1687,2019,0,0.000722394213391787
1688,2019,0,0.000722394213391787
1689,2019,0,0.000722394213391787
1690,2019,0,0.000722394213391787
1691,2019,0,0.000722394213391787
1692,2019,0,0.000722394213391787
1693,2019,0,0.000722394213391787
1694,2019,0,0.000722394213391787
1695,2019,0,0.000722394213391787
1696,2019,0,0.000722394213391787
1697,2019,0,0.000722394213391787
1698,2019,0,0.000722394213391787
1699,2019,0,0.000722394213391787
1700,2019,0,0.000722394213391787
1702,2019,0,0.000722394213391787
1703,2019,0,0.000722394213391787
1704,2019,0,0.000722394213391787
1705,2019,0,0.000722394213391787
1706,2019,0,0.000722394213391787
1707,2019,0,0.000722394213391787
1708,2019,0,0.000722394213391787
1709,2019,0,0.000722394213391787
1710,2019,0,0
1712,2019,0,0.000722394213391787
1713,2019,0,0.000722394213391787
1714,2019,0,0.000722394213391787
1715,2019,0,0.000722394213391787
1716,2019,0,0.000722394213391787
1717,2019,0,0.000722394213391787
1718,2019,0,0.000722394213391787
1719,2019,0,0.000722394213391787
1207,2019,0,0
1137,2019,0,0
1519,2019,0,0
403,2019,0,0.000722394213391787
947,2019,0,0.000722394213391787
1521,2019,0,0
1140,2019,0,0
1296,2019,0,0.000722394213391787
1630,2019,0,0.000722394213391787
1631,2019,0,0.000722394213391787
28,2019,0,0.000722394213391787
381,2019,0,0.000722394213391787
521,2019,0,0.000722394213391787
713,2019,0,0.000722394213391787
1626,2019,0,0.000722394213391787
1633,2019,0,0.000722394213391787
1634,2019,0,0.000722394213391787
1635,2019,0,0.000722394213391787
1636,2019,0,0.000722394213391787
1637,2019,0,0.000722394213391787
1638,2019,0,0.000722394213391787
1367,2019,0,0.000722394213391787
1375,2019,0,0.000722394213391787
1376,2019,0,0.000722394213391787
1389,2019,0,0.000722394213391787
327,2019,0,0.000722394213391787
331,2019,0,0.000722394213391787
332,2019,0,0.000722394213391787
384,2019,0,0.000722394213391787
605,2019,0,0.000722394213391787
622,2019,0,0.000722394213391787
626,2019,0,0.000722394213391787
632,2019,0,0.000722394213391787
633,2019,0,0.000722394213391787
634,2019,0,0.000722394213391787
635,2019,0,0.000722394213391787
640,2019,0,0.000722394213391787
641,2019,0,0.000722394213391787
642,2019,0,0.000722394213391787
645,2019,0,0.000722394213391787
646,2019,0,0.000722394213391787
651,2019,0,0.000722394213391787
655,2019,0,0.000722394213391787
659,2019,0,0.000722394213391787
660,2019,0,0.000722394213391787
727,2019,0,0.000722394213391787
1090,2019,0,0.000722394213391787
1159,2019,0,0.000722394213391787
1248,2019,0,0.000722394213391787
1249,2019,0,0.000722394213391787
1279,2019,0,0.000722394213391787
1333,2019,0,0.000722394213391787
1340,2019,0,0.000722394213391787
1341,2019,0,0.000722394213391787
1353,2019,0,0.000722394213391787
1354,2019,0,0.000722394213391787
1355,2019,0,0.000722394213391787
1358,2019,0,0.000722394213391787
1359,2019,0,0.000722394213391787
1360,2019,0,0.000722394213391787
1363,2019,0,0.000722394213391787
1364,2019,0,0.000722394213391787
1365,2019,0,0.000722394213391787
1373,2019,0,0.000722394213391787
1423,2019,0,0.000722394213391787
1475,2019,0,0.000722394213391787
1476,2019,0,0.000722394213391787
637,2019,0,0.000722394213391787
1372,2019,0,0.000722394213391787
1361,2019,0,0.000722394213391787
609,2019,0,0.000722394213391787
738,2019,0,0.000722394213391787
639,2019,0,0.000722394213391787
26,2019,0,0.000722394213391787
636,2019,0,0
653,2019,0,0
353,2019,0,0
397,2019,0,0
532,2019,0,0
1524,2019,0,0
1497,2019,0,0
671,2019,0,0
1433,2019,0,0.000722394213391787
305,2019,0,0.000722394213391787
1667,2019,0,0.000722394213391787
1683,2019,0,0.000722394213391787
1701,2019,0,0.000722394213391787
1711,2019,0,0.000722394213391787
1644,2019,0,0.000722394213391787
1660,2019,0,0.000722394213391787
449,2019,0,0.000722394213391787
450,2019,0,0.000722394213391787
451,2019,0,0.000722394213391787
1098,2019,0,0.000722394213391787
1,2050,0,0.000722394213391787
2,2050,0,0.000722394213391787
3,2050,0,0.000722394213391787
4,2050,0,0.000722394213391787
5,2050,0,0.000722394213391787
6,2050,0,0.000722394213391787
7,2050,0,0.000722394213391787
8,2050,0,0.000722394213391787
9,2050,0,0.000722394213391787
10,2050,0,0.000722394213391787
11,2050,0,0.000722394213391787
12,2050,0,0.000722394213391787
13,2050,0,0.000722394213391787
14,2050,0,0.000722394213391787
15,2050,0,0.000722394213391787
16,2050,0,0.000722394213391787
17,2050,0,0
18,2050,0,0
19,2050,0,0
20,2050,0,0.000722394213391787
21,2050,0,0.000722394213391787
22,2050,0,0.000722394213391787
23,2050,0,0.000722394213391787
24,2050,0,0.000722394213391787
25,2050,0,0.000722394213391787
27,2050,0,0
29,2050,0,0.000722394213391787
30,2050,0,0.000722394213391787
31,2050,0,0.000722394213391787
32,2050,0,0.000722394213391787
33,2050,0,0.000722394213391787
34,2050,0,0.000722394213391787
35,2050,0,0.000722394213391787
36,2050,0,0.000722394213391787
37,2050,0,0.000722394213391787
38,2050,0,0.000722394213391787
39,2050,0,0.000722394213391787
40,2050,0,0.000722394213391787
41,2050,0,0.000722394213391787
42,2050,0,0.000722394213391787
43,2050,0,0.000722394213391787
44,2050,0,0.000722394213391787
45,2050,0,0.000722394213391787
46,2050,0,0.000722394213391787
47,2050,0,0.000722394213391787
48,2050,0,0.000722394213391787
49,2050,0,0.000722394213391787
50,2050,0,0
51,2050,0,0.000722394213391787
52,2050,0,0.000722394213391787
53,2050,0,0.000722394213391787
54,2050,0,0.000722394213391787
55,2050,0,0.000722394213391787
56,2050,0,0.000722394213391787
57,2050,0,0.000722394213391787
58,2050,0,0.000722394213391787
59,2050,0,0
60,2050,0,0
61,2050,0,0.000722394213391787
62,2050,0,0.000722394213391787
63,2050,0,0.000722394213391787
64,2050,0,0
65,2050,0,0
66,2050,0,0
67,2050,0,0
68,2050,0,0
69,2050,0,0
70,2050,0,0
71,2050,0,0
72,2050,0,0
73,2050,0,0
74,2050,0,0
75,2050,0,0
76,2050,0,0
77,2050,0,0
78,2050,0,0
79,2050,0,0
80,2050,0,0
81,2050,0,0
82,2050,0,0
83,2050,0,0
84,2050,0,0
85,2050,0,0
86,2050,0,0
87,2050,0,0
88,2050,0,0
89,2050,0,0
90,2050,0,0
91,2050,0,0
92,2050,0,0
93,2050,0,0.000722394213391787
94,2050,0,0
95,2050,0,0.000722394213391787
96,2050,0,0
97,2050,0,0.000722394213391787
98,2050,0,0.000722394213391787
99,2050,0,0.000722394213391787
100,2050,0,0.000722394213391787
101,2050,0,0.000722394213391787
102,2050,0,0.000722394213391787
103,2050,0,0.000722394213391787
104,2050,0,0.000722394213391787
105,2050,0,0.000722394213391787
106,2050,0,0
107,2050,0,0
108,2050,0,0
109,2050,0,0
110,2050,0,0.000722394213391787
111,2050,0,0.000722394213391787
112,2050,0,0.000722394213391787
113,2050,0,0.000722394213391787
114,2050,0,0.000722394213391787
115,2050,0,0.000722394213391787
116,2050,0,0.000722394213391787
117,2050,0,0.000722394213391787
118,2050,0,0.000722394213391787
119,2050,0,0.000722394213391787
120,2050,0,0.000722394213391787
121,2050,0,0.000722394213391787
122,2050,0,0.000722394213391787
123,2050,0,0.000722394213391787
124,2050,0,0.000722394213391787
125,2050,0,0.000722394213391787
126,2050,0,0.000722394213391787
127,2050,0,0.000722394213391787
128,2050,0,0.000722394213391787
129,2050,0,0.000722394213391787
130,2050,0,0.000722394213391787
131,2050,0,0.000722394213391787
132,2050,0,0.000722394213391787
133,2050,0,0.000722394213391787
134,2050,0,0
135,2050,0,0
136,2050,0,0
137,2050,0,0
138,2050,0,0
139,2050,0,0
140,2050,0,0
141,2050,0,0.000722394213391787
142,2050,0,0
143,2050,0,0
144,2050,0,0
145,2050,0,0.000722394213391787
146,2050,0,0.000722394213391787
147,2050,0,0.000722394213391787
148,2050,0,0
149,2050,0,0
150,2050,0,0.000722394213391787
151,2050,0,0
152,2050,0,0.000722394213391787
153,2050,0,0
154,2050,0,0.000722394213391787
155,2050,0,0.000722394213391787
156,2050,0,0.000722394213391787
157,2050,0,0.000722394213391787
158,2050,0,0.000722394213391787
159,2050,0,0.000722394213391787
160,2050,0,0.000722394213391787
161,2050,0,0
162,2050,0,0.000722394213391787
163,2050,0,0
164,2050,0,0
165,2050,0,0.000722394213391787
166,2050,0,0.000722394213391787
167,2050,0,0.000722394213391787
168,2050,0,0.000722394213391787
169,2050,0,0.000722394213391787
170,2050,0,0.000722394213391787
171,2050,0,0.000722394213391787
172,2050,0,0.000722394213391787
173,2050,0,0.000722394213391787
174,2050,0,0.000722394213391787
175,2050,0,0.000722394213391787
176,2050,0,0.000722394213391787
177,2050,0,0.000722394213391787
178,2050,0,0.000722394213391787
179,2050,0,0.000722394213391787
180,2050,0,0.000722394213391787
181,2050,0,0.000722394213391787
182,2050,0,0.000722394213391787
183,2050,0,0.000722394213391787
184,2050,0,0.000722394213391787
185,2050,0,0.000722394213391787
186,2050,0,0.000722394213391787
187,2050,0,0.000722394213391787
188,2050,0,0.000722394213391787
189,2050,0,0.000722394213391787
190,2050,0,0.000722394213391787
191,2050,0,0.000722394213391787
192,2050,0,0.000722394213391787
193,2050,0,0.000722394213391787
194,2050,0,0.000722394213391787
195,2050,0,0.000722394213391787
196,2050,0,0.000722394213391787
197,2050,0,0.000722394213391787
198,2050,0,0.000722394213391787
199,2050,0,0.000722394213391787
200,2050,0,0
201,2050,0,0
202,2050,0,0
203,2050,0,0
204,2050,0,0.000722394213391787
205,2050,0,0.000722394213391787
206,2050,0,0
207,2050,0,0
208,2050,0,0
209,2050,0,0
210,2050,0,0
211,2050,0,0
212,2050,0,0
213,2050,0,0
214,2050,0,0.000722394213391787
215,2050,0,0.000722394213391787
216,2050,0,0.000722394213391787
217,2050,0,0.000722394213391787
218,2050,0,0.000722394213391787
219,2050,0,0.000722394213391787
220,2050,0,0.000722394213391787
221,2050,0,0.000722394213391787
222,2050,0,0.000722394213391787
223,2050,0,0.000722394213391787
224,2050,0,0.000722394213391787
225,2050,0,0.000722394213391787
226,2050,0,0.000722394213391787
227,2050,0,0.000722394213391787
228,2050,0,0.000722394213391787
229,2050,0,0.000722394213391787
230,2050,0,0.000722394213391787
231,2050,0,0.000722394213391787
232,2050,0,0.000722394213391787
233,2050,0,0.000722394213391787
234,2050,0,0.000722394213391787
235,2050,0,0.000722394213391787
236,2050,0,0.000722394213391787
237,2050,0,0.000722394213391787
238,2050,0,0.000722394213391787
239,2050,0,0.000722394213391787
240,2050,0,0.000722394213391787
241,2050,0,0.000722394213391787
242,2050,0,0.000722394213391787
243,2050,0,0.000722394213391787
244,2050,0,0.000722394213391787
245,2050,0,0.000722394213391787
246,2050,0,0.000722394213391787
247,2050,0,0.000722394213391787
248,2050,0,0.000722394213391787
249,2050,0,0.000722394213391787
250,2050,0,0.000722394213391787
251,2050,0,0.000722394213391787
252,2050,0,0.000722394213391787
253,2050,0,0.000722394213391787
254,2050,0,0.000722394213391787
255,2050,0,0.000722394213391787
256,2050,0,0.000722394213391787
257,2050,0,0.000722394213391787
258,2050,0,0.000722394213391787
259,2050,0,0.000722394213391787
260,2050,0,0.000722394213391787
261,2050,0,0.000722394213391787
262,2050,0,0.000722394213391787
263,2050,0,0.000722394213391787
264,2050,0,0.000722394213391787
265,2050,0,0.000722394213391787
266,2050,0,0.000722394213391787
267,2050,0,0.000722394213391787
268,2050,0,0.000722394213391787
269,2050,0,0.000722394213391787
270,2050,0,0.000722394213391787
271,2050,0,0.000722394213391787
272,2050,0,0.000722394213391787
273,2050,0,0.000722394213391787
274,2050,0,0.000722394213391787
275,2050,0,0.000722394213391787
276,2050,0,0.000722394213391787
277,2050,0,0.000722394213391787
278,2050,0,0.000722394213391787
279,2050,0,0
280,2050,0,0
281,2050,0,0.000722394213391787
282,2050,0,0.000722394213391787
283,2050,0,0.000722394213391787
284,2050,0,0.000722394213391787
285,2050,0,0.000722394213391787
286,2050,0,0.000722394213391787
287,2050,0,0.000722394213391787
288,2050,0,0.000722394213391787
289,2050,0,0.000722394213391787
290,2050,0,0.000722394213391787
291,2050,0,0.000722394213391787
292,2050,0,0.000722394213391787
293,2050,0,0.000722394213391787
294,2050,0,0.000722394213391787
295,2050,0,0.000722394213391787
296,2050,0,0.000722394213391787
297,2050,0,0.000722394213391787
298,2050,0,0.000722394213391787
299,2050,0,0.000722394213391787
300,2050,0,0.000722394213391787
301,2050,0,0.000722394213391787
302,2050,0,0.000722394213391787
303,2050,0,0.000722394213391787
304,2050,0,0.000722394213391787
306,2050,0,0.000722394213391787
307,2050,0,0.000722394213391787
308,2050,0,0.000722394213391787
309,2050,0,0.000722394213391787
310,2050,0,0.000722394213391787
311,2050,0,0.000722394213391787
312,2050,0,0.000722394213391787
313,2050,0,0.000722394213391787
314,2050,0,0.000722394213391787
315,2050,0,0
316,2050,0,0
317,2050,0,0.000722394213391787
318,2050,0,0.000722394213391787
319,2050,0,0.000722394213391787
320,2050,0,0.000722394213391787
321,2050,0,0.000722394213391787
322,2050,0,0.000722394213391787
323,2050,0,0
324,2050,0,0
325,2050,0,0
326,2050,0,0
328,2050,0,0.000722394213391787
329,2050,0,0.000722394213391787
330,2050,0,0.000722394213391787
333,2050,0,0
334,2050,0,0
335,2050,0,0
336,2050,0,0
337,2050,0,0
338,2050,0,0
339,2050,0,0
340,2050,0,0
341,2050,0,0
342,2050,0,0
343,2050,0,0
344,2050,0,0
345,2050,0,0
346,2050,0,0
347,2050,0,0
348,2050,0,0
349,2050,0,0
350,2050,0,0
351,2050,0,0
352,2050,0,0
354,2050,0,0
355,2050,0,0.000722394213391787
356,2050,0,0.000722394213391787
357,2050,0,0.000722394213391787
358,2050,0,0
359,2050,0,0
360,2050,0,0
361,2050,0,0
362,2050,0,0
363,2050,0,0.000722394213391787
364,2050,0,0.000722394213391787
365,2050,0,0.000722394213391787
366,2050,0,0.000722394213391787
367,2050,0,0.000722394213391787
368,2050,0,0.000722394213391787
369,2050,0,0.000722394213391787
370,2050,0,0.000722394213391787
371,2050,0,0.000722394213391787
372,2050,0,0
373,2050,0,0.000722394213391787
374,2050,0,0.000722394213391787
375,2050,0,0
376,2050,0,0
377,2050,0,0
378,2050,0,0
379,2050,0,0
380,2050,0,0
382,2050,0,0.000722394213391787
383,2050,0,0
385,2050,0,0.000722394213391787
386,2050,0,0.000722394213391787
387,2050,0,0.000722394213391787
388,2050,0,0.000722394213391787
389,2050,0,0.000722394213391787
390,2050,0,0.000722394213391787
391,2050,0,0.000722394213391787
392,2050,0,0.000722394213391787
393,2050,0,0.000722394213391787
394,2050,0,0
395,2050,0,0
396,2050,0,0
398,2050,0,0
399,2050,0,0.000722394213391787
400,2050,0,0.000722394213391787
401,2050,0,0.000722394213391787
402,2050,0,0.000722394213391787
404,2050,0,0.000722394213391787
405,2050,0,0.000722394213391787
406,2050,0,0.000722394213391787
407,2050,0,0.000722394213391787
408,2050,0,0.000722394213391787
409,2050,0,0.000722394213391787
410,2050,0,0.000722394213391787
411,2050,0,0.000722394213391787
412,2050,0,0.000722394213391787
413,2050,0,0.000722394213391787
414,2050,0,0.000722394213391787
415,2050,0,0
416,2050,0,0
417,2050,0,0
418,2050,0,0
419,2050,0,0
420,2050,0,0
421,2050,0,0
422,2050,0,0
423,2050,0,0
424,2050,0,0.000722394213391787
425,2050,0,0.000722394213391787
426,2050,0,0.000722394213391787
427,2050,0,0
428,2050,0,0
429,2050,0,0
430,2050,0,0
431,2050,0,0
432,2050,0,0
433,2050,0,0
434,2050,0,0
435,2050,0,0
436,2050,0,0
437,2050,0,0
438,2050,0,0
439,2050,0,0
440,2050,0,0
441,2050,0,0
442,2050,0,0
443,2050,0,0
444,2050,0,0
445,2050,0,0
446,2050,0,0
447,2050,0,0
448,2050,0,0
452,2050,0,0.000722394213391787
453,2050,0,0
454,2050,0,0.000722394213391787
455,2050,0,0.000722394213391787
456,2050,0,0.000722394213391787
457,2050,0,0.000722394213391787
458,2050,0,0.000722394213391787
459,2050,0,0.000722394213391787
460,2050,0,0.000722394213391787
461,2050,0,0.000722394213391787
462,2050,0,0.000722394213391787
463,2050,0,0
464,2050,0,0
465,2050,0,0
466,2050,0,0
467,2050,0,0
468,2050,0,0.000722394213391787
469,2050,0,0.000722394213391787
470,2050,0,0.000722394213391787
471,2050,0,0.000722394213391787
472,2050,0,0.000722394213391787
473,2050,0,0.000722394213391787
474,2050,0,0.000722394213391787
475,2050,0,0.000722394213391787
476,2050,0,0.000722394213391787
477,2050,0,0.000722394213391787
478,2050,0,0
479,2050,0,0
480,2050,0,0.000722394213391787
481,2050,0,0.000722394213391787
482,2050,0,0.000722394213391787
483,2050,0,0.000722394213391787
484,2050,0,0.000722394213391787
485,2050,0,0.000722394213391787
486,2050,0,0.000722394213391787
487,2050,0,0.000722394213391787
488,2050,0,0
489,2050,0,0
490,2050,0,0
491,2050,0,0
492,2050,0,0
493,2050,0,0
494,2050,0,0
495,2050,0,0
496,2050,0,0
497,2050,0,0.000722394213391787
498,2050,0,0.000722394213391787
499,2050,0,0.000722394213391787
500,2050,0,0.000722394213391787
501,2050,0,0.000722394213391787
502,2050,0,0.000722394213391787
503,2050,0,0.000722394213391787
504,2050,0,0.000722394213391787
505,2050,0,0.000722394213391787
506,2050,0,0.000722394213391787
507,2050,0,0.000722394213391787
508,2050,0,0.000722394213391787
509,2050,0,0.000722394213391787
510,2050,0,0.000722394213391787
511,2050,0,0
512,2050,0,0
513,2050,0,0
514,2050,0,0
515,2050,0,0.000722394213391787
516,2050,0,0.000722394213391787
517,2050,0,0.000722394213391787
518,2050,0,0.000722394213391787
519,2050,0,0.000722394213391787
520,2050,0,0.000722394213391787
522,2050,0,0.000722394213391787
523,2050,0,0.000722394213391787
524,2050,0,0.000722394213391787
525,2050,0,0.000722394213391787
526,2050,0,0.000722394213391787
527,2050,0,0
528,2050,0,0
529,2050,0,0
530,2050,0,0
531,2050,0,0
533,2050,0,0
534,2050,0,0
535,2050,0,0
536,2050,0,0
537,2050,0,0
538,2050,0,0
539,2050,0,0
540,2050,0,0
541,2050,0,0
542,2050,0,0
543,2050,0,0
544,2050,0,0
545,2050,0,0
546,2050,0,0
547,2050,0,0.000722394213391787
548,2050,0,0.000722394213391787
549,2050,0,0.000722394213391787
550,2050,0,0.000722394213391787
551,2050,0,0.000722394213391787
552,2050,0,0.000722394213391787
553,2050,0,0.000722394213391787
554,2050,0,0.000722394213391787
555,2050,0,0.000722394213391787
556,2050,0,0.000722394213391787
557,2050,0,0.000722394213391787
558,2050,0,0.000722394213391787
559,2050,0,0.000722394213391787
560,2050,0,0.000722394213391787
561,2050,0,0.000722394213391787
562,2050,0,0.000722394213391787
563,2050,0,0.000722394213391787
564,2050,0,0.000722394213391787
565,2050,0,0.000722394213391787
566,2050,0,0.000722394213391787
567,2050,0,0.000722394213391787
568,2050,0,0.000722394213391787
569,2050,0,0.000722394213391787
570,2050,0,0.000722394213391787
571,2050,0,0.000722394213391787
572,2050,0,0.000722394213391787
573,2050,0,0.000722394213391787
574,2050,0,0.000722394213391787
575,2050,0,0.000722394213391787
576,2050,0,0
577,2050,0,0
578,2050,0,0
579,2050,0,0
580,2050,0,0
581,2050,0,0.000722394213391787
582,2050,0,0.000722394213391787
583,2050,0,0.000722394213391787
584,2050,0,0.000722394213391787
585,2050,0,0.000722394213391787
586,2050,0,0.000722394213391787
587,2050,0,0.000722394213391787
588,2050,0,0.000722394213391787
589,2050,0,0.000722394213391787
590,2050,0,0.000722394213391787
591,2050,0,0.000722394213391787
592,2050,0,0.000722394213391787
593,2050,0,0.000722394213391787
594,2050,0,0.000722394213391787
595,2050,0,0.000722394213391787
596,2050,0,0.000722394213391787
597,2050,0,0.000722394213391787
598,2050,0,0.000722394213391787
599,2050,0,0.000722394213391787
600,2050,0,0.000722394213391787
601,2050,0,0.000722394213391787
602,2050,0,0.000722394213391787
603,2050,0,0.000722394213391787
604,2050,0,0.000722394213391787
606,2050,0,0.000722394213391787
607,2050,0,0.000722394213391787
608,2050,0,0.000722394213391787
610,2050,0,0.000722394213391787
611,2050,0,0.000722394213391787
612,2050,0,0.000722394213391787
613,2050,0,0.000722394213391787
614,2050,0,0.000722394213391787
615,2050,0,0.000722394213391787
616,2050,0,0.000722394213391787
617,2050,0,0.000722394213391787
618,2050,0,0
619,2050,0,0
620,2050,0,0.000722394213391787
621,2050,0,0.000722394213391787
623,2050,0,0.000722394213391787
624,2050,0,0.000722394213391787
625,2050,0,0.000722394213391787
627,2050,0,0.000722394213391787
628,2050,0,0.000722394213391787
629,2050,0,0.000722394213391787
630,2050,0,0.000722394213391787
631,2050,0,0.000722394213391787
638,2050,0,0.000722394213391787
643,2050,0,0.000722394213391787
644,2050,0,0.000722394213391787
647,2050,0,0.000722394213391787
648,2050,0,0.000722394213391787
649,2050,0,0.000722394213391787
650,2050,0,0.000722394213391787
652,2050,0,0.000722394213391787
654,2050,0,0.000722394213391787
656,2050,0,0
657,2050,0,0.000722394213391787
658,2050,0,0.000722394213391787
661,2050,0,0.000722394213391787
662,2050,0,0.000722394213391787
663,2050,0,0.000722394213391787
664,2050,0,0.000722394213391787
665,2050,0,0.000722394213391787
666,2050,0,0.000722394213391787
667,2050,0,0
668,2050,0,0
669,2050,0,0
670,2050,0,0
672,2050,0,0
673,2050,0,0
674,2050,0,0
675,2050,0,0
676,2050,0,0.000722394213391787
677,2050,0,0.000722394213391787
678,2050,0,0.000722394213391787
679,2050,0,0.000722394213391787
680,2050,0,0.000722394213391787
681,2050,0,0.000722394213391787
682,2050,0,0.000722394213391787
683,2050,0,0.000722394213391787
684,2050,0,0
685,2050,0,0
686,2050,0,0.000722394213391787
687,2050,0,0.000722394213391787
688,2050,0,0.000722394213391787
689,2050,0,0.000722394213391787
690,2050,0,0.000722394213391787
691,2050,0,0.000722394213391787
692,2050,0,0.000722394213391787
693,2050,0,0.000722394213391787
694,2050,0,0.000722394213391787
695,2050,0,0.000722394213391787
696,2050,0,0.000722394213391787
697,2050,0,0.000722394213391787
698,2050,0,0.000722394213391787
699,2050,0,0.000722394213391787
700,2050,0,0.000722394213391787
701,2050,0,0.000722394213391787
702,2050,0,0
703,2050,0,0
704,2050,0,0
705,2050,0,0.000722394213391787
706,2050,0,0.000722394213391787
707,2050,0,0.000722394213391787
708,2050,0,0.000722394213391787
709,2050,0,0
710,2050,0,0
711,2050,0,0
712,2050,0,0
714,2050,0,0
715,2050,0,0.000722394213391787
716,2050,0,0
717,2050,0,0
718,2050,0,0
719,2050,0,0
720,2050,0,0
721,2050,0,0
722,2050,0,0
723,2050,0,0.000722394213391787
724,2050,0,0.000722394213391787
725,2050,0,0.000722394213391787
726,2050,0,0.000722394213391787
728,2050,0,0.000722394213391787
729,2050,0,0.000722394213391787
730,2050,0,0.000722394213391787
731,2050,0,0.000722394213391787
732,2050,0,0.000722394213391787
733,2050,0,0.000722394213391787
734,2050,0,0.000722394213391787
735,2050,0,0.000722394213391787
736,2050,0,0.000722394213391787
737,2050,0,0.000722394213391787
739,2050,0,0.000722394213391787
740,2050,0,0.000722394213391787
741,2050,0,0.000722394213391787
742,2050,0,0
743,2050,0,0
744,2050,0,0
745,2050,0,0
746,2050,0,0
747,2050,0,0
748,2050,0,0
749,2050,0,0
750,2050,0,0
751,2050,0,0
752,2050,0,0
753,2050,0,0
754,2050,0,0
755,2050,0,0
756,2050,0,0
757,2050,0,0
758,2050,0,0.000722394213391787
759,2050,0,0.000722394213391787
760,2050,0,0.000722394213391787
761,2050,0,0.000722394213391787
762,2050,0,0.000722394213391787
763,2050,0,0.000722394213391787
764,2050,0,0.000722394213391787
765,2050,0,0.000722394213391787
766,2050,0,0.000722394213391787
767,2050,0,0.000722394213391787
768,2050,0,0.000722394213391787
769,2050,0,0.000722394213391787
770,2050,0,0.000722394213391787
771,2050,0,0.000722394213391787
772,2050,0,0.000722394213391787
773,2050,0,0.000722394213391787
774,2050,0,0.000722394213391787
775,2050,0,0.000722394213391787
776,2050,0,0
777,2050,0,0
778,2050,0,0
779,2050,0,0
780,2050,0,0.000722394213391787
781,2050,0,0.000722394213391787
782,2050,0,0.000722394213391787
783,2050,0,0.000722394213391787
784,2050,0,0.000722394213391787
785,2050,0,0
786,2050,0,0.000722394213391787
787,2050,0,0
788,2050,0,0
789,2050,0,0
790,2050,0,0.000722394213391787
791,2050,0,0.000722394213391787
792,2050,0,0.000722394213391787
793,2050,0,0.000722394213391787
794,2050,0,0.000722394213391787
795,2050,0,0.000722394213391787
796,2050,0,0.000722394213391787
797,2050,0,0.000722394213391787
798,2050,0,0.000722394213391787
799,2050,0,0.000722394213391787
800,2050,0,0
801,2050,0,0
802,2050,0,0
803,2050,0,0
804,2050,0,0
805,2050,0,0
806,2050,0,0
807,2050,0,0
808,2050,0,0
809,2050,0,0
810,2050,0,0.000722394213391787
811,2050,0,0
812,2050,0,0
813,2050,0,0
814,2050,0,0.000722394213391787
815,2050,0,0.000722394213391787
816,2050,0,0.000722394213391787
817,2050,0,0.000722394213391787
818,2050,0,0.000722394213391787
819,2050,0,0.000722394213391787
820,2050,0,0.000722394213391787
821,2050,0,0.000722394213391787
822,2050,0,0.000722394213391787
823,2050,0,0.000722394213391787
824,2050,0,0.000722394213391787
825,2050,0,0.000722394213391787
826,2050,0,0.000722394213391787
827,2050,0,0.000722394213391787
828,2050,0,0.000722394213391787
829,2050,0,0
830,2050,0,0.000722394213391787
831,2050,0,0.000722394213391787
832,2050,0,0.000722394213391787
833,2050,0,0
834,2050,0,0
835,2050,0,0.000722394213391787
836,2050,0,0
837,2050,0,0
838,2050,0,0
839,2050,0,0
840,2050,0,0
841,2050,0,0
842,2050,0,0
843,2050,0,0
844,2050,0,0
845,2050,0,0
846,2050,0,0.000722394213391787
847,2050,0,0.000722394213391787
848,2050,0,0.000722394213391787
849,2050,0,0.000722394213391787
850,2050,0,0.000722394213391787
851,2050,0,0.000722394213391787
852,2050,0,0
853,2050,0,0.000722394213391787
854,2050,0,0.000722394213391787
855,2050,0,0
856,2050,0,0
857,2050,0,0.000722394213391787
858,2050,0,0.000722394213391787
859,2050,0,0
860,2050,0,0
861,2050,0,0
862,2050,0,0.000722394213391787
863,2050,0,0.000722394213391787
864,2050,0,0.000722394213391787
865,2050,0,0.000722394213391787
866,2050,0,0.000722394213391787
867,2050,0,0.000722394213391787
868,2050,0,0.000722394213391787
869,2050,0,0
870,2050,0,0
871,2050,0,0
872,2050,0,0
873,2050,0,0
874,2050,0,0
875,2050,0,0
876,2050,0,0
877,2050,0,0
878,2050,0,0
879,2050,0,0
880,2050,0,0
881,2050,0,0.000722394213391787
882,2050,0,0.000722394213391787
883,2050,0,0.000722394213391787
884,2050,0,0.000722394213391787
885,2050,0,0.000722394213391787
886,2050,0,0.000722394213391787
887,2050,0,0.000722394213391787
888,2050,0,0.000722394213391787
889,2050,0,0.000722394213391787
890,2050,0,0.000722394213391787
891,2050,0,0.000722394213391787
892,2050,0,0.000722394213391787
893,2050,0,0.000722394213391787
894,2050,0,0.000722394213391787
895,2050,0,0.000722394213391787
896,2050,0,0.000722394213391787
897,2050,0,0.000722394213391787
898,2050,0,0
899,2050,0,0
900,2050,0,0
901,2050,0,0
902,2050,0,0
903,2050,0,0
904,2050,0,0
905,2050,0,0
906,2050,0,0
907,2050,0,0
908,2050,0,0.000722394213391787
909,2050,0,0.000722394213391787
910,2050,0,0.000722394213391787
911,2050,0,0.000722394213391787
912,2050,0,0.000722394213391787
913,2050,0,0.000722394213391787
914,2050,0,0.000722394213391787
915,2050,0,0.000722394213391787
916,2050,0,0.000722394213391787
917,2050,0,0.000722394213391787
918,2050,0,0.000722394213391787
919,2050,0,0.000722394213391787
920,2050,0,0.000722394213391787
921,2050,0,0.000722394213391787
922,2050,0,0.000722394213391787
923,2050,0,0.000722394213391787
924,2050,0,0.000722394213391787
925,2050,0,0.000722394213391787
926,2050,0,0.000722394213391787
927,2050,0,0.000722394213391787
928,2050,0,0.000722394213391787
929,2050,0,0.000722394213391787
930,2050,0,0.000722394213391787
931,2050,0,0.000722394213391787
932,2050,0,0.000722394213391787
933,2050,0,0.000722394213391787
934,2050,0,0.000722394213391787
935,2050,0,0.000722394213391787
936,2050,0,0.000722394213391787
937,2050,0,0.000722394213391787
938,2050,0,0.000722394213391787
939,2050,0,0.000722394213391787
940,2050,0,0.000722394213391787
941,2050,0,0.000722394213391787
942,2050,0,0.000722394213391787
943,2050,0,0.000722394213391787
944,2050,0,0.000722394213391787
945,2050,0,0.000722394213391787
946,2050,0,0.000722394213391787
948,2050,0,0.000722394213391787
949,2050,0,0.000722394213391787
950,2050,0,0.000722394213391787
951,2050,0,0.000722394213391787
952,2050,0,0
953,2050,0,0
954,2050,0,0.000722394213391787
955,2050,0,0.000722394213391787
956,2050,0,0.000722394213391787
957,2050,0,0.000722394213391787
958,2050,0,0
959,2050,0,0
960,2050,0,0.000722394213391787
961,2050,0,0.000722394213391787
962,2050,0,0.000722394213391787
963,2050,0,0.000722394213391787
964,2050,0,0.000722394213391787
965,2050,0,0
966,2050,0,0
967,2050,0,0
968,2050,0,0.000722394213391787
969,2050,0,0.000722394213391787
970,2050,0,0.000722394213391787
971,2050,0,0.000722394213391787
972,2050,0,0.000722394213391787
973,2050,0,0.000722394213391787
974,2050,0,0.000722394213391787
975,2050,0,0.000722394213391787
976,2050,0,0.000722394213391787
977,2050,0,0.000722394213391787
978,2050,0,0.000722394213391787
979,2050,0,0.000722394213391787
980,2050,0,0.000722394213391787
981,2050,0,0.000722394213391787
982,2050,0,0.000722394213391787
983,2050,0,0.000722394213391787
984,2050,0,0.000722394213391787
985,2050,0,0.000722394213391787
986,2050,0,0.000722394213391787
987,2050,0,0.000722394213391787
988,2050,0,0.000722394213391787
989,2050,0,0.000722394213391787
990,2050,0,0
991,2050,0,0
992,2050,0,0
993,2050,0,0.000722394213391787
994,2050,0,0.000722394213391787
995,2050,0,0.000722394213391787
996,2050,0,0.000722394213391787
997,2050,0,0.000722394213391787
998,2050,0,0.000722394213391787
999,2050,0,0.000722394213391787
1000,2050,0,0.000722394213391787
1001,2050,0,0.000722394213391787
1002,2050,0,0.000722394213391787
1003,2050,0,0.000722394213391787
1004,2050,0,0.000722394213391787
1005,2050,0,0.000722394213391787
1006,2050,0,0.000722394213391787
1007,2050,0,0.000722394213391787
1008,2050,0,0.000722394213391787
1009,2050,0,0.000722394213391787
1010,2050,0,0.000722394213391787
1011,2050,0,0.000722394213391787
1012,2050,0,0.000722394213391787
1013,2050,0,0.000722394213391787
1014,2050,0,0.000722394213391787
1015,2050,0,0.000722394213391787
1016,2050,0,0.000722394213391787
1017,2050,0,0.000722394213391787
1018,2050,0,0.000722394213391787
1019,2050,0,0.000722394213391787
1020,2050,0,0.000722394213391787
1021,2050,0,0
1022,2050,0,0
1023,2050,0,0
1024,2050,0,0
1025,2050,0,0
1026,2050,0,0
1027,2050,0,0
1028,2050,0,0
1029,2050,0,0
1030,2050,0,0
1031,2050,0,0
1032,2050,0,0
1033,2050,0,0
1034,2050,0,0
1035,2050,0,0
1036,2050,0,0
1037,2050,0,0
1038,2050,0,0.000722394213391787
1039,2050,0,0.000722394213391787
1040,2050,0,0.000722394213391787
1041,2050,0,0.000722394213391787
1042,2050,0,0.000722394213391787
1043,2050,0,0.000722394213391787
1044,2050,0,0.000722394213391787
1045,2050,0,0.000722394213391787
1046,2050,0,0.000722394213391787
1047,2050,0,0.000722394213391787
1048,2050,0,0.000722394213391787
1049,2050,0,0.000722394213391787
1050,2050,0,0.000722394213391787
1051,2050,0,0.000722394213391787
1052,2050,0,0.000722394213391787
1053,2050,0,0.000722394213391787
1054,2050,0,0.000722394213391787
1055,2050,0,0.000722394213391787
1056,2050,0,0.000722394213391787
1057,2050,0,0.000722394213391787
1058,2050,0,0.000722394213391787
1059,2050,0,0
1060,2050,0,0
1061,2050,0,0
1062,2050,0,0
1063,2050,0,0
1064,2050,0,0
1065,2050,0,0
1066,2050,0,0
1067,2050,0,0.000722394213391787
1068,2050,0,0.000722394213391787
1069,2050,0,0.000722394213391787
1070,2050,0,0.000722394213391787
1071,2050,0,0.000722394213391787
1072,2050,0,0.000722394213391787
1073,2050,0,0.000722394213391787
1074,2050,0,0.000722394213391787
1075,2050,0,0.000722394213391787
1076,2050,0,0.000722394213391787
1077,2050,0,0.000722394213391787
1078,2050,0,0.000722394213391787
1079,2050,0,0.000722394213391787
1080,2050,0,0
1081,2050,0,0
1082,2050,0,0
1083,2050,0,0
1084,2050,0,0
1085,2050,0,0
1086,2050,0,0
1087,2050,0,0
1088,2050,0,0
1089,2050,0,0
1091,2050,0,0.000722394213391787
1092,2050,0,0.000722394213391787
1093,2050,0,0.000722394213391787
1094,2050,0,0.000722394213391787
1095,2050,0,0.000722394213391787
1096,2050,0,0.000722394213391787
1097,2050,0,0.000722394213391787
1099,2050,0,0.000722394213391787
1100,2050,0,0
1101,2050,0,0
1102,2050,0,0
1103,2050,0,0
1104,2050,0,0
1105,2050,0,0
1106,2050,0,0
1107,2050,0,0
1108,2050,0,0
1109,2050,0,0.000722394213391787
1110,2050,0,0.000722394213391787
1111,2050,0,0.000722394213391787
1112,2050,0,0.000722394213391787
1113,2050,0,0.000722394213391787
1114,2050,0,0.000722394213391787
1115,2050,0,0.000722394213391787
1116,2050,0,0.000722394213391787
1117,2050,0,0.000722394213391787
1118,2050,0,0.000722394213391787
1119,2050,0,0
1120,2050,0,0
1121,2050,0,0.000722394213391787
1122,2050,0,0.000722394213391787
1123,2050,0,0.000722394213391787
1124,2050,0,0.000722394213391787
1125,2050,0,0.000722394213391787
1126,2050,0,0.000722394213391787
1127,2050,0,0.000722394213391787
1128,2050,0,0.000722394213391787
1129,2050,0,0.000722394213391787
1130,2050,0,0.000722394213391787
1131,2050,0,0.000722394213391787
1132,2050,0,0.000722394213391787
1133,2050,0,0.000722394213391787
1134,2050,0,0.000722394213391787
1135,2050,0,0
1136,2050,0,0
1138,2050,0,0
1139,2050,0,0
1141,2050,0,0
1142,2050,0,0
1143,2050,0,0
1144,2050,0,0
1145,2050,0,0
1146,2050,0,0
1147,2050,0,0
1148,2050,0,0
1149,2050,0,0
1150,2050,0,0
1151,2050,0,0
1152,2050,0,0
1153,2050,0,0
1154,2050,0,0
1155,2050,0,0
1156,2050,0,0
1157,2050,0,0.000722394213391787
1158,2050,0,0.000722394213391787
1160,2050,0,0
1161,2050,0,0
1162,2050,0,0
1163,2050,0,0
1164,2050,0,0
1165,2050,0,0
1166,2050,0,0
1167,2050,0,0
1168,2050,0,0
1169,2050,0,0
1170,2050,0,0
1171,2050,0,0
1172,2050,0,0
1173,2050,0,0
1174,2050,0,0
1175,2050,0,0
1176,2050,0,0
1177,2050,0,0.000722394213391787
1178,2050,0,0.000722394213391787
1179,2050,0,0.000722394213391787
1180,2050,0,0.000722394213391787
1181,2050,0,0.000722394213391787
1182,2050,0,0.000722394213391787
1183,2050,0,0.000722394213391787
1184,2050,0,0.000722394213391787
1185,2050,0,0.000722394213391787
1186,2050,0,0.000722394213391787
1187,2050,0,0.000722394213391787
1188,2050,0,0.000722394213391787
1189,2050,0,0.000722394213391787
1190,2050,0,0.000722394213391787
1191,2050,0,0.000722394213391787
1192,2050,0,0.000722394213391787
1193,2050,0,0.000722394213391787
1194,2050,0,0.000722394213391787
1195,2050,0,0.000722394213391787
1196,2050,0,0.000722394213391787
1197,2050,0,0.000722394213391787
1198,2050,0,0.000722394213391787
1199,2050,0,0.000722394213391787
1200,2050,0,0.000722394213391787
1201,2050,0,0.000722394213391787
1202,2050,0,0.000722394213391787
1203,2050,0,0.000722394213391787
1204,2050,0,0
1205,2050,0,0
1206,2050,0,0
1208,2050,0,0.000722394213391787
1209,2050,0,0.000722394213391787
1210,2050,0,0.000722394213391787
1211,2050,0,0.000722394213391787
1212,2050,0,0.000722394213391787
1213,2050,0,0.000722394213391787
1214,2050,0,0.000722394213391787
1215,2050,0,0
1216,2050,0,0.000722394213391787
1217,2050,0,0
1218,2050,0,0.000722394213391787
1219,2050,0,0.000722394213391787
1220,2050,0,0.000722394213391787
1221,2050,0,0.000722394213391787
1222,2050,0,0.000722394213391787
1223,2050,0,0.000722394213391787
1224,2050,0,0
1225,2050,0,0
1226,2050,0,0
1227,2050,0,0
1228,2050,0,0
1229,2050,0,0.000722394213391787
1230,2050,0,0.000722394213391787
1231,2050,0,0.000722394213391787
1232,2050,0,0.000722394213391787
1233,2050,0,0.000722394213391787
1234,2050,0,0.000722394213391787
1235,2050,0,0.000722394213391787
1236,2050,0,0.000722394213391787
1237,2050,0,0.000722394213391787
1238,2050,0,0.000722394213391787
1239,2050,0,0.000722394213391787
1240,2050,0,0.000722394213391787
1241,2050,0,0.000722394213391787
1242,2050,0,0.000722394213391787
1243,2050,0,0.000722394213391787
1244,2050,0,0.000722394213391787
1245,2050,0,0.000722394213391787
1246,2050,0,0.000722394213391787
1247,2050,0,0.000722394213391787
1250,2050,0,0.000722394213391787
1251,2050,0,0.000722394213391787
1252,2050,0,0.000722394213391787
1253,2050,0,0.000722394213391787
1254,2050,0,0.000722394213391787
1255,2050,0,0.000722394213391787
1256,2050,0,0.000722394213391787
1257,2050,0,0.000722394213391787
1258,2050,0,0.000722394213391787
1259,2050,0,0.000722394213391787
1260,2050,0,0
1261,2050,0,0
1262,2050,0,0
1263,2050,0,0
1264,2050,0,0
1265,2050,0,0.000722394213391787
1266,2050,0,0
1267,2050,0,0.000722394213391787
1268,2050,0,0.000722394213391787
1269,2050,0,0.000722394213391787
1270,2050,0,0.000722394213391787
1271,2050,0,0.000722394213391787
1272,2050,0,0.000722394213391787
1273,2050,0,0
1274,2050,0,0.000722394213391787
1275,2050,0,0.000722394213391787
1276,2050,0,0.000722394213391787
1277,2050,0,0
1278,2050,0,0
1280,2050,0,0.000722394213391787
1281,2050,0,0.000722394213391787
1282,2050,0,0.000722394213391787
1283,2050,0,0.000722394213391787
1284,2050,0,0.000722394213391787
1285,2050,0,0.000722394213391787
1286,2050,0,0.000722394213391787
1287,2050,0,0.000722394213391787
1288,2050,0,0.000722394213391787
1289,2050,0,0.000722394213391787
1290,2050,0,0.000722394213391787
1291,2050,0,0
1292,2050,0,0
1293,2050,0,0
1294,2050,0,0
1295,2050,0,0.000722394213391787
1297,2050,0,0
1298,2050,0,0
1299,2050,0,0.000722394213391787
1300,2050,0,0.000722394213391787
1301,2050,0,0.000722394213391787
1302,2050,0,0.000722394213391787
1303,2050,0,0.000722394213391787
1304,2050,0,0
1305,2050,0,0
1306,2050,0,0
1307,2050,0,0
1308,2050,0,0
1309,2050,0,0
1310,2050,0,0
1311,2050,0,0
1312,2050,0,0
1313,2050,0,0
1314,2050,0,0
1315,2050,0,0
1316,2050,0,0
1317,2050,0,0
1318,2050,0,0
1319,2050,0,0.000722394213391787
1320,2050,0,0.000722394213391787
1321,2050,0,0.000722394213391787
1322,2050,0,0.000722394213391787
1323,2050,0,0
1324,2050,0,0
1325,2050,0,0
1326,2050,0,0.000722394213391787
1327,2050,0,0.000722394213391787
1328,2050,0,0.000722394213391787
1329,2050,0,0.000722394213391787
1330,2050,0,0.000722394213391787
1331,2050,0,0.000722394213391787
1332,2050,0,0.000722394213391787
1334,2050,0,0
1335,2050,0,0
1336,2050,0,0
1337,2050,0,0
1338,2050,0,0.000722394213391787
1339,2050,0,0.000722394213391787
1342,2050,0,0.000722394213391787
1343,2050,0,0.000722394213391787
1344,2050,0,0.000722394213391787
1345,2050,0,0.000722394213391787
1346,2050,0,0.000722394213391787
1347,2050,0,0.000722394213391787
1348,2050,0,0
1349,2050,0,0
1350,2050,0,0.000722394213391787
1351,2050,0,0.000722394213391787
1352,2050,0,0.000722394213391787
1356,2050,0,0.000722394213391787
1357,2050,0,0.000722394213391787
1362,2050,0,0.000722394213391787
1366,2050,0,0
1368,2050,0,0.000722394213391787
1369,2050,0,0
1370,2050,0,0.000722394213391787
1371,2050,0,0.000722394213391787
1374,2050,0,0.000722394213391787
1377,2050,0,0.000722394213391787
1378,2050,0,0.000722394213391787
1379,2050,0,0.000722394213391787
1380,2050,0,0.000722394213391787
1381,2050,0,0.000722394213391787
1382,2050,0,0.000722394213391787
1383,2050,0,0.000722394213391787
1384,2050,0,0.000722394213391787
1385,2050,0,0.000722394213391787
1386,2050,0,0.000722394213391787
1387,2050,0,0.000722394213391787
1388,2050,0,0.000722394213391787
1390,2050,0,0.000722394213391787
1391,2050,0,0.000722394213391787
1392,2050,0,0.000722394213391787
1393,2050,0,0.000722394213391787
1394,2050,0,0.000722394213391787
1395,2050,0,0.000722394213391787
1396,2050,0,0.000722394213391787
1397,2050,0,0.000722394213391787
1398,2050,0,0.000722394213391787
1399,2050,0,0.000722394213391787
1400,2050,0,0.000722394213391787
1401,2050,0,0.000722394213391787
1402,2050,0,0.000722394213391787
1403,2050,0,0.000722394213391787
1404,2050,0,0.000722394213391787
1405,2050,0,0.000722394213391787
1406,2050,0,0.000722394213391787
1407,2050,0,0
1408,2050,0,0
1409,2050,0,0
1410,2050,0,0
1411,2050,0,0
1412,2050,0,0
1413,2050,0,0
1414,2050,0,0
1415,2050,0,0
1416,2050,0,0
1417,2050,0,0
1418,2050,0,0
1419,2050,0,0.000722394213391787
1420,2050,0,0.000722394213391787
1421,2050,0,0.000722394213391787
1422,2050,0,0.000722394213391787
1424,2050,0,0
1425,2050,0,0.000722394213391787
1426,2050,0,0.000722394213391787
1427,2050,0,0.000722394213391787
1428,2050,0,0.000722394213391787
1429,2050,0,0.000722394213391787
1430,2050,0,0.000722394213391787
1431,2050,0,0.000722394213391787
1432,2050,0,0.000722394213391787
1434,2050,0,0.000722394213391787
1435,2050,0,0.000722394213391787
1436,2050,0,0.000722394213391787
1437,2050,0,0.000722394213391787
1438,2050,0,0.000722394213391787
1439,2050,0,0.000722394213391787
1440,2050,0,0
1441,2050,0,0
1442,2050,0,0
1443,2050,0,0
1444,2050,0,0
1445,2050,0,0.000722394213391787
1446,2050,0,0.000722394213391787
1447,2050,0,0.000722394213391787
1448,2050,0,0.000722394213391787
1449,2050,0,0.000722394213391787
1450,2050,0,0.000722394213391787
1451,2050,0,0.000722394213391787
1452,2050,0,0.000722394213391787
1453,2050,0,0
1454,2050,0,0.000722394213391787
1455,2050,0,0.000722394213391787
1456,2050,0,0.000722394213391787
1457,2050,0,0.000722394213391787
1458,2050,0,0.000722394213391787
1459,2050,0,0.000722394213391787
1460,2050,0,0.000722394213391787
1461,2050,0,0.000722394213391787
1462,2050,0,0.000722394213391787
1463,2050,0,0.000722394213391787
1464,2050,0,0.000722394213391787
1465,2050,0,0.000722394213391787
1466,2050,0,0.000722394213391787
1467,2050,0,0.000722394213391787
1468,2050,0,0.000722394213391787
1469,2050,0,0.000722394213391787
1470,2050,0,0.000722394213391787
1471,2050,0,0.000722394213391787
1472,2050,0,0.000722394213391787
1473,2050,0,0.000722394213391787
1474,2050,0,0.000722394213391787
1477,2050,0,0.000722394213391787
1478,2050,0,0.000722394213391787
1479,2050,0,0.000722394213391787
1480,2050,0,0.000722394213391787
1481,2050,0,0.000722394213391787
1482,2050,0,0.000722394213391787
1483,2050,0,0
1484,2050,0,0
1485,2050,0,0.000722394213391787
1486,2050,0,0.000722394213391787
1487,2050,0,0.000722394213391787
1488,2050,0,0.000722394213391787
1489,2050,0,0.000722394213391787
1490,2050,0,0.000722394213391787
1491,2050,0,0.000722394213391787
1492,2050,0,0.000722394213391787
1493,2050,0,0.000722394213391787
1494,2050,0,0.000722394213391787
1495,2050,0,0.000722394213391787
1496,2050,0,0.000722394213391787
1498,2050,0,0
1499,2050,0,0
1500,2050,0,0
1501,2050,0,0
1502,2050,0,0
1503,2050,0,0
1504,2050,0,0
1505,2050,0,0
1506,2050,0,0
1507,2050,0,0
1508,2050,0,0.000722394213391787
1509,2050,0,0.000722394213391787
1510,2050,0,0.000722394213391787
1511,2050,0,0.000722394213391787
1512,2050,0,0.000722394213391787
1513,2050,0,0.000722394213391787
1514,2050,0,0.000722394213391787
1515,2050,0,0.000722394213391787
1516,2050,0,0.000722394213391787
1517,2050,0,0.000722394213391787
1518,2050,0,0.000722394213391787
1520,2050,0,0
1522,2050,0,0
1523,2050,0,0
1525,2050,0,0
1526,2050,0,0
1527,2050,0,0
1528,2050,0,0.000722394213391787
1529,2050,0,0
1530,2050,0,0
1531,2050,0,0
1532,2050,0,0
1533,2050,0,0
1534,2050,0,0
1535,2050,0,0
1536,2050,0,0
1537,2050,0,0
1538,2050,0,0
1539,2050,0,0
1540,2050,0,0.000722394213391787
1541,2050,0,0.000722394213391787
1542,2050,0,0
1543,2050,0,0
1544,2050,0,0.000722394213391787
1545,2050,0,0.000722394213391787
1546,2050,0,0.000722394213391787
1547,2050,0,0.000722394213391787
1548,2050,0,0.000722394213391787
1549,2050,0,0.000722394213391787
1550,2050,0,0.000722394213391787
1551,2050,0,0.000722394213391787
1552,2050,0,0.000722394213391787
1553,2050,0,0
1554,2050,0,0
1555,2050,0,0
1556,2050,0,0
1557,2050,0,0
1558,2050,0,0
1559,2050,0,0
1560,2050,0,0
1561,2050,0,0
1562,2050,0,0.000722394213391787
1563,2050,0,0.000722394213391787
1564,2050,0,0.000722394213391787
1565,2050,0,0.000722394213391787
1566,2050,0,0.000722394213391787
1567,2050,0,0.000722394213391787
1568,2050,0,0.000722394213391787
1569,2050,0,0
1570,2050,0,0
1571,2050,0,0
1572,2050,0,0
1573,2050,0,0
1574,2050,0,0
1575,2050,0,0
1576,2050,0,0
1577,2050,0,0
1578,2050,0,0.000722394213391787
1579,2050,0,0.000722394213391787
1580,2050,0,0.000722394213391787
1581,2050,0,0.000722394213391787
1582,2050,0,0.000722394213391787
1583,2050,0,0.000722394213391787
1584,2050,0,0
1585,2050,0,0
1586,2050,0,0
1587,2050,0,0
1588,2050,0,0
1589,2050,0,0
1590,2050,0,0
1591,2050,0,0
1592,2050,0,0
1593,2050,0,0.000722394213391787
1594,2050,0,0.000722394213391787
1595,2050,0,0.000722394213391787
1596,2050,0,0.000722394213391787
1597,2050,0,0
1598,2050,0,0
1599,2050,0,0
1600,2050,0,0
1601,2050,0,0
1602,2050,0,0
1603,2050,0,0
1604,2050,0,0.000722394213391787
1605,2050,0,0
1606,2050,0,0
1607,2050,0,0.000722394213391787
1608,2050,0,0.000722394213391787
1609,2050,0,0.000722394213391787
1610,2050,0,0.000722394213391787
1611,2050,0,0.000722394213391787
1612,2050,0,0.000722394213391787
1613,2050,0,0.000722394213391787
1614,2050,0,0
1615,2050,0,0
1616,2050,0,0
1617,2050,0,0
1618,2050,0,0
1619,2050,0,0
1620,2050,0,0.000722394213391787
1621,2050,0,0.000722394213391787
1622,2050,0,0.000722394213391787
1623,2050,0,0.000722394213391787
1624,2050,0,0.000722394213391787
1625,2050,0,0.000722394213391787
1627,2050,0,0
1628,2050,0,0
1629,2050,0,0
1632,2050,0,0.000722394213391787
1639,2050,0,0.000722394213391787
1640,2050,0,0.000722394213391787
1641,2050,0,0.000722394213391787
1642,2050,0,0.000722394213391787
1643,2050,0,0.000722394213391787
1645,2050,0,0.000722394213391787
1646,2050,0,0.000722394213391787
1647,2050,0,0.000722394213391787
1648,2050,0,0
1649,2050,0,0.000722394213391787
1650,2050,0,0.000722394213391787
1651,2050,0,0.000722394213391787
1652,2050,0,0.000722394213391787
1653,2050,0,0.000722394213391787
1654,2050,0,0.000722394213391787
1655,2050,0,0.000722394213391787
1656,2050,0,0.000722394213391787
1657,2050,0,0.000722394213391787
1658,2050,0,0.000722394213391787
1659,2050,0,0.000722394213391787
1661,2050,0,0.000722394213391787
1662,2050,0,0.000722394213391787
1663,2050,0,0.000722394213391787
1664,2050,0,0.000722394213391787
1665,2050,0,0.000722394213391787
1666,2050,0,0.000722394213391787
1668,2050,0,0.000722394213391787
1669,2050,0,0.000722394213391787
1670,2050,0,0.000722394213391787
1671,2050,0,0.000722394213391787
1672,2050,0,0.000722394213391787
1673,2050,0,0.000722394213391787
1674,2050,0,0.000722394213391787
1675,2050,0,0.000722394213391787
1676,2050,0,0.000722394213391787
1677,2050,0,0.000722394213391787
1678,2050,0,0.000722394213391787
1679,2050,0,0.000722394213391787
1680,2050,0,0.000722394213391787
1681,2050,0,0.000722394213391787
1682,2050,0,0.000722394213391787
1684,2050,0,0.000722394213391787
1685,2050,0,0.000722394213391787
1686,2050,0,0.000722394213391787
1687,2050,0,0.000722394213391787
1688,2050,0,0.000722394213391787
1689,2050,0,0.000722394213391787
1690,2050,0,0.000722394213391787
1691,2050,0,0.000722394213391787
1692,2050,0,0.000722394213391787
1693,2050,0,0.000722394213391787
1694,2050,0,0.000722394213391787
1695,2050,0,0.000722394213391787
1696,2050,0,0.000722394213391787
1697,2050,0,0.000722394213391787
1698,2050,0,0.000722394213391787
1699,2050,0,0.000722394213391787
1700,2050,0,0.000722394213391787
1702,2050,0,0.000722394213391787
1703,2050,0,0.000722394213391787
1704,2050,0,0.000722394213391787
1705,2050,0,0.000722394213391787
1706,2050,0,0.000722394213391787
1707,2050,0,0.000722394213391787
1708,2050,0,0.000722394213391787
1709,2050,0,0.000722394213391787
1710,2050,0,0
1712,2050,0,0.000722394213391787
1713,2050,0,0.000722394213391787
1714,2050,0,0.000722394213391787
1715,2050,0,0.000722394213391787
1716,2050,0,0.000722394213391787
1717,2050,0,0.000722394213391787
1718,2050,0,0.000722394213391787
1719,2050,0,0.000722394213391787
1207,2050,0,0
1137,2050,0,0
1519,2050,0,0
403,2050,0,0.000722394213391787
947,2050,0,0.000722394213391787
1521,2050,0,0
1140,2050,0,0
1296,2050,0,0.000722394213391787
1630,2050,0,0.000722394213391787
1631,2050,0,0.000722394213391787
28,2050,0,0.000722394213391787
381,2050,0,0.000722394213391787
521,2050,0,0.000722394213391787
713,2050,0,0.000722394213391787
1626,2050,0,0.000722394213391787
1633,2050,0,0.000722394213391787
1634,2050,0,0.000722394213391787
1635,2050,0,0.000722394213391787
1636,2050,0,0.000722394213391787
1637,2050,0,0.000722394213391787
1638,2050,0,0.000722394213391787
1367,2050,0,0.000722394213391787
1375,2050,0,0.000722394213391787
1376,2050,0,0.000722394213391787
1389,2050,0,0.000722394213391787
327,2050,0,0.000722394213391787
331,2050,0,0.000722394213391787
332,2050,0,0.000722394213391787
384,2050,0,0.000722394213391787
605,2050,0,0.000722394213391787
622,2050,0,0.000722394213391787
626,2050,0,0.000722394213391787
632,2050,0,0.000722394213391787
633,2050,0,0.000722394213391787
634,2050,0,0.000722394213391787
635,2050,0,0.000722394213391787
640,2050,0,0.000722394213391787
641,2050,0,0.000722394213391787
642,2050,0,0.000722394213391787
645,2050,0,0.000722394213391787
646,2050,0,0.000722394213391787
651,2050,0,0.000722394213391787
655,2050,0,0.000722394213391787
659,2050,0,0.000722394213391787
660,2050,0,0.000722394213391787
727,2050,0,0.000722394213391787
1090,2050,0,0.000722394213391787
1159,2050,0,0.000722394213391787
1248,2050,0,0.000722394213391787
1249,2050,0,0.000722394213391787
1279,2050,0,0.000722394213391787
1333,2050,0,0.000722394213391787
1340,2050,0,0.000722394213391787
1341,2050,0,0.000722394213391787
1353,2050,0,0.000722394213391787
1354,2050,0,0.000722394213391787
1355,2050,0,0.000722394213391787
1358,2050,0,0.000722394213391787
1359,2050,0,0.000722394213391787
1360,2050,0,0.000722394213391787
1363,2050,0,0.000722394213391787
1364,2050,0,0.000722394213391787
1365,2050,0,0.000722394213391787
1373,2050,0,0.000722394213391787
1423,2050,0,0.000722394213391787
1475,2050,0,0.000722394213391787
1476,2050,0,0.000722394213391787
637,2050,0,0.000722394213391787
1372,2050,0,0.000722394213391787
1361,2050,0,0.000722394213391787
609,2050,0,0.000722394213391787
738,2050,0,0.000722394213391787
639,2050,0,0.000722394213391787
26,2050,0,0.000722394213391787
636,2050,0,0
653,2050,0,0
353,2050,0,0
397,2050,0,0
532,2050,0,0
1524,2050,0,0
1497,2050,0,0
671,2050,0,0
1433,2050,0,0.000722394213391787
305,2050,0,0.000722394213391787
1667,2050,0,0.000722394213391787
1683,2050,0,0.000722394213391787
1701,2050,0,0.000722394213391787
1711,2050,0,0.000722394213391787
1644,2050,0,0.000722394213391787
1660,2050,0,0.000722394213391787
449,2050,0,0.000722394213391787
450,2050,0,0.000722394213391787
451,2050,0,0.000722394213391787
1098,2050,0,0.000722394213391787
